npm warn deprecated @types/bcryptjs@3.0.0: This is a stub types definition. bcryptjs provides its own type definitions, so you do not need this installed.
npm warn deprecated node-domexception@1.0.0: Use your platform's native DOMException instead
npm warn tar TAR_ENTRY_ERROR ENOENT: no such file or directory, open '/vercel/sandbox/backend/node_modules/typeorm/data-source/BaseDataSourceOptions.d.ts'
npm warn tar TAR_ENTRY_ERROR ENOENT: no such file or directory, open '/vercel/sandbox/backend/node_modules/typeorm/query-runner/BaseQueryRunner.d.ts'
npm warn tar TAR_ENTRY_ERROR ENOENT: no such file or directory, open '/vercel/sandbox/backend/node_modules/typeorm/data-source/DataSource.d.ts'
npm warn tar TAR_ENTRY_ERROR ENOENT: no such file or directory, open '/vercel/sandbox/backend/node_modules/typeorm/data-source/DataSourceOptions.d.ts'
npm warn tar TAR_ENTRY_ERROR ENOENT: no such file or directory, open '/vercel/sandbox/backend/node_modules/typeorm/naming-strategy/DefaultNamingStrategy.d.ts'
npm warn tar TAR_ENTRY_ERROR ENOENT: no such file or directory, open '/vercel/sandbox/backend/node_modules/typeorm/entity-schema/EntitySchema.d.ts'
npm warn tar TAR_ENTRY_ERROR ENOENT: no such file or directory, open '/vercel/sandbox/backend/node_modules/typeorm/entity-schema/EntitySchemaCheckOptions.d.ts'
npm warn tar TAR_ENTRY_ERROR ENOENT: no such file or directory, open '/vercel/sandbox/backend/node_modules/typeorm/entity-schema/EntitySchemaColumnForeignKeyOptions.d.ts'
npm warn tar TAR_ENTRY_ERROR ENOENT: no such file or directory, open '/vercel/sandbox/backend/node_modules/typeorm/entity-schema/EntitySchemaColumnOptions.d.ts'
npm warn tar TAR_ENTRY_ERROR ENOENT: no such file or directory, open '/vercel/sandbox/backend/node_modules/typeorm/entity-schema/EntitySchemaEmbeddedColumnOptions.d.ts'
npm warn tar TAR_ENTRY_ERROR ENOENT: no such file or directory, open '/vercel/sandbox/backend/node_modules/typeorm/entity-schema/EntitySchemaEmbeddedError.d.ts'
npm warn tar TAR_ENTRY_ERROR ENOENT: no such file or directory, open '/vercel/sandbox/backend/node_modules/typeorm/entity-schema/EntitySchemaExclusionOptions.d.ts'
npm warn tar TAR_ENTRY_ERROR ENOENT: no such file or directory, open '/vercel/sandbox/backend/node_modules/typeorm/entity-schema/EntitySchemaForeignKeyOptions.d.ts'
npm warn tar TAR_ENTRY_ERROR ENOENT: no such file or directory, open '/vercel/sandbox/backend/node_modules/typeorm/entity-schema/EntitySchemaIndexOptions.d.ts'
npm warn tar TAR_ENTRY_ERROR ENOENT: no such file or directory, open '/vercel/sandbox/backend/node_modules/typeorm/entity-schema/EntitySchemaInheritanceOptions.d.ts'
npm warn tar TAR_ENTRY_ERROR ENOENT: no such file or directory, open '/vercel/sandbox/backend/node_modules/typeorm/entity-schema/EntitySchemaOptions.d.ts'
npm warn tar TAR_ENTRY_ERROR ENOENT: no such file or directory, open '/vercel/sandbox/backend/node_modules/typeorm/entity-schema/EntitySchemaRelationIdOptions.d.ts'
npm warn tar TAR_ENTRY_ERROR ENOENT: no such file or directory, open '/vercel/sandbox/backend/node_modules/typeorm/entity-schema/EntitySchemaRelationOptions.d.ts'
npm warn tar TAR_ENTRY_ERROR ENOENT: no such file or directory, open '/vercel/sandbox/backend/node_modules/typeorm/entity-schema/EntitySchemaTransformer.d.ts'
npm warn tar TAR_ENTRY_ERROR ENOENT: no such file or directory, open '/vercel/sandbox/backend/node_modules/typeorm/entity-schema/EntitySchemaUniqueOptions.d.ts'
npm warn tar TAR_ENTRY_ERROR ENOENT: no such file or directory, open '/vercel/sandbox/backend/node_modules/typeorm/data-source/index.d.ts'
npm warn tar TAR_ENTRY_ERROR ENOENT: no such file or directory, open '/vercel/sandbox/backend/node_modules/typeorm/decorator/relations/JoinColumn.d.ts'
npm warn tar TAR_ENTRY_ERROR ENOENT: no such file or directory, open '/vercel/sandbox/backend/node_modules/typeorm/decorator/relations/JoinTable.d.ts'
npm warn tar TAR_ENTRY_ERROR ENOENT: no such file or directory, open '/vercel/sandbox/backend/node_modules/typeorm/naming-strategy/LegacyOracleNamingStrategy.d.ts'
npm warn tar TAR_ENTRY_ERROR ENOENT: no such file or directory, open '/vercel/sandbox/backend/node_modules/typeorm/decorator/relations/ManyToMany.d.ts'
npm warn tar TAR_ENTRY_ERROR ENOENT: no such file or directory, open '/vercel/sandbox/backend/node_modules/typeorm/decorator/relations/ManyToOne.d.ts'
npm warn tar TAR_ENTRY_ERROR ENOENT: no such file or directory, open '/vercel/sandbox/backend/node_modules/typeorm/browser/migration/Migration.d.ts'
npm warn tar TAR_ENTRY_ERROR ENOENT: no such file or directory, open '/vercel/sandbox/backend/node_modules/typeorm/migration/Migration.d.ts'
npm warn tar TAR_ENTRY_ERROR ENOENT: no such file or directory, open '/vercel/sandbox/backend/node_modules/typeorm/browser/migration/MigrationExecutor.d.ts'
npm warn tar TAR_ENTRY_ERROR ENOENT: no such file or directory, open '/vercel/sandbox/backend/node_modules/typeorm/migration/MigrationExecutor.d.ts'
npm warn tar TAR_ENTRY_ERROR ENOENT: no such file or directory, open '/vercel/sandbox/backend/node_modules/typeorm/browser/migration/MigrationInterface.d.ts'
npm warn tar TAR_ENTRY_ERROR ENOENT: no such file or directory, open '/vercel/sandbox/backend/node_modules/typeorm/migration/MigrationInterface.d.ts'
npm warn tar TAR_ENTRY_ERROR ENOENT: no such file or directory, open '/vercel/sandbox/backend/node_modules/typeorm/find-options/mongodb/MongoFindManyOptions.d.ts'
npm warn tar TAR_ENTRY_ERROR ENOENT: no such file or directory, open '/vercel/sandbox/backend/node_modules/typeorm/find-options/mongodb/MongoFindOneOptions.d.ts'
npm warn tar TAR_ENTRY_ERROR ENOENT: no such file or directory, open '/vercel/sandbox/backend/node_modules/typeorm/driver/mysql/MysqlConnectionCredentialsOptions.d.ts'
npm warn tar TAR_ENTRY_ERROR ENOENT: no such file or directory, open '/vercel/sandbox/backend/node_modules/typeorm/driver/mysql/MysqlConnectionOptions.d.ts'
npm warn tar TAR_ENTRY_ERROR ENOENT: no such file or directory, open '/vercel/sandbox/backend/node_modules/typeorm/driver/mysql/MysqlDriver.d.ts'
npm warn tar TAR_ENTRY_ERROR ENOENT: no such file or directory, open '/vercel/sandbox/backend/node_modules/typeorm/driver/mysql/MysqlQueryRunner.d.ts'
npm warn tar TAR_ENTRY_ERROR ENOENT: no such file or directory, open '/vercel/sandbox/backend/node_modules/typeorm/naming-strategy/NamingStrategyInterface.d.ts'
npm warn tar TAR_ENTRY_ERROR ENOENT: no such file or directory, open '/vercel/sandbox/backend/node_modules/typeorm/driver/nativescript/NativescriptConnectionOptions.d.ts'
npm warn tar TAR_ENTRY_ERROR ENOENT: no such file or directory, open '/vercel/sandbox/backend/node_modules/typeorm/driver/nativescript/NativescriptDriver.d.ts'
npm warn tar TAR_ENTRY_ERROR ENOENT: no such file or directory, open '/vercel/sandbox/backend/node_modules/typeorm/driver/nativescript/NativescriptQueryRunner.d.ts'
npm warn tar TAR_ENTRY_ERROR ENOENT: no such file or directory, open '/vercel/sandbox/backend/node_modules/typeorm/decorator/relations/OneToMany.d.ts'
npm warn tar TAR_ENTRY_ERROR ENOENT: no such file or directory, open '/vercel/sandbox/backend/node_modules/typeorm/decorator/relations/OneToOne.d.ts'
npm warn tar TAR_ENTRY_ERROR ENOENT: no such file or directory, open '/vercel/sandbox/backend/node_modules/typeorm/driver/oracle/OracleConnectionCredentialsOptions.d.ts'
npm warn tar TAR_ENTRY_ERROR ENOENT: no such file or directory, open '/vercel/sandbox/backend/node_modules/typeorm/driver/oracle/OracleConnectionOptions.d.ts'
npm warn tar TAR_ENTRY_ERROR ENOENT: no such file or directory, open '/vercel/sandbox/backend/node_modules/typeorm/driver/oracle/OracleDriver.d.ts'
npm warn tar TAR_ENTRY_ERROR ENOENT: no such file or directory, open '/vercel/sandbox/backend/node_modules/typeorm/driver/oracle/OracleQueryRunner.d.ts'
npm warn tar TAR_ENTRY_ERROR ENOENT: no such file or directory, open '/vercel/sandbox/backend/node_modules/typeorm/platform/PlatformTools.d.ts'
npm warn tar TAR_ENTRY_ERROR ENOENT: no such file or directory, open '/vercel/sandbox/backend/node_modules/typeorm/driver/postgres/PostgresConnectionCredentialsOptions.d.ts'
npm warn tar TAR_ENTRY_ERROR ENOENT: no such file or directory, open '/vercel/sandbox/backend/node_modules/typeorm/driver/postgres/PostgresConnectionOptions.d.ts'
npm warn tar TAR_ENTRY_ERROR ENOENT: no such file or directory, open '/vercel/sandbox/backend/node_modules/typeorm/driver/postgres/PostgresDriver.d.ts'
npm warn tar TAR_ENTRY_ERROR ENOENT: no such file or directory, open '/vercel/sandbox/backend/node_modules/typeorm/driver/postgres/PostgresQueryRunner.d.ts'
npm warn tar TAR_ENTRY_ERROR ENOENT: no such file or directory, open '/vercel/sandbox/backend/node_modules/typeorm/query-runner/QueryLock.d.ts'
npm warn tar TAR_ENTRY_ERROR ENOENT: no such file or directory, open '/vercel/sandbox/backend/node_modules/typeorm/query-runner/QueryResult.d.ts'
npm warn tar TAR_ENTRY_ERROR ENOENT: no such file or directory, open '/vercel/sandbox/backend/node_modules/typeorm/query-runner/QueryRunner.d.ts'
npm warn tar TAR_ENTRY_ERROR ENOENT: no such file or directory, open '/vercel/sandbox/backend/node_modules/typeorm/driver/react-native/ReactNativeConnectionOptions.d.ts'
npm warn tar TAR_ENTRY_ERROR ENOENT: no such file or directory, open '/vercel/sandbox/backend/node_modules/typeorm/driver/react-native/ReactNativeDriver.d.ts'
npm warn tar TAR_ENTRY_ERROR ENOENT: no such file or directory, open '/vercel/sandbox/backend/node_modules/typeorm/driver/react-native/ReactNativeQueryRunner.d.ts'
npm warn tar TAR_ENTRY_ERROR ENOENT: no such file or directory, open '/vercel/sandbox/backend/node_modules/typeorm/decorator/relations/RelationCount.d.ts'
npm warn tar TAR_ENTRY_ERROR ENOENT: no such file or directory, open '/vercel/sandbox/backend/node_modules/typeorm/query-builder/relation-count/RelationCountAttribute.d.ts'
npm warn tar TAR_ENTRY_ERROR ENOENT: no such file or directory, open '/vercel/sandbox/backend/node_modules/typeorm/query-builder/relation-count/RelationCountLoader.d.ts'
npm warn tar TAR_ENTRY_ERROR ENOENT: no such file or directory, open '/vercel/sandbox/backend/node_modules/typeorm/query-builder/relation-count/RelationCountLoadResult.d.ts'
npm warn tar TAR_ENTRY_ERROR ENOENT: no such file or directory, open '/vercel/sandbox/backend/node_modules/typeorm/query-builder/relation-count/RelationCountMetadataToAttributeTransformer.d.ts'
npm warn tar TAR_ENTRY_ERROR ENOENT: no such file or directory, open '/vercel/sandbox/backend/node_modules/typeorm/decorator/relations/RelationId.d.ts'
npm warn tar TAR_ENTRY_ERROR ENOENT: no such file or directory, open '/vercel/sandbox/backend/node_modules/typeorm/query-builder/relation-id/RelationIdAttribute.d.ts'
npm warn tar TAR_ENTRY_ERROR ENOENT: no such file or directory, open '/vercel/sandbox/backend/node_modules/typeorm/query-builder/relation-id/RelationIdLoader.d.ts'
npm warn tar TAR_ENTRY_ERROR ENOENT: no such file or directory, open '/vercel/sandbox/backend/node_modules/typeorm/query-builder/relation-id/RelationIdLoadResult.d.ts'
npm warn tar TAR_ENTRY_ERROR ENOENT: no such file or directory, open '/vercel/sandbox/backend/node_modules/typeorm/query-builder/relation-id/RelationIdMetadataToAttributeTransformer.d.ts'
npm warn tar TAR_ENTRY_ERROR ENOENT: no such file or directory, open '/vercel/sandbox/backend/node_modules/typeorm/driver/sap/SapConnectionCredentialsOptions.d.ts'
npm warn tar TAR_ENTRY_ERROR ENOENT: no such file or directory, open '/vercel/sandbox/backend/node_modules/typeorm/driver/sap/SapConnectionOptions.d.ts'
npm warn tar TAR_ENTRY_ERROR ENOENT: no such file or directory, open '/vercel/sandbox/backend/node_modules/typeorm/driver/sap/SapDriver.d.ts'
npm warn tar TAR_ENTRY_ERROR ENOENT: no such file or directory, open '/vercel/sandbox/backend/node_modules/typeorm/driver/sap/SapQueryRunner.d.ts'
npm warn tar TAR_ENTRY_ERROR ENOENT: no such file or directory, open '/vercel/sandbox/backend/node_modules/typeorm/driver/spanner/SpannerConnectionCredentialsOptions.d.ts'
npm warn tar TAR_ENTRY_ERROR ENOENT: no such file or directory, open '/vercel/sandbox/backend/node_modules/typeorm/driver/spanner/SpannerConnectionOptions.d.ts'
npm warn tar TAR_ENTRY_ERROR ENOENT: no such file or directory, open '/vercel/sandbox/backend/node_modules/typeorm/driver/spanner/SpannerDriver.d.ts'
npm warn tar TAR_ENTRY_ERROR ENOENT: no such file or directory, open '/vercel/sandbox/backend/node_modules/typeorm/driver/spanner/SpannerQueryRunner.d.ts'
npm warn tar TAR_ENTRY_ERROR ENOENT: no such file or directory, open '/vercel/sandbox/backend/node_modules/typeorm/driver/sqlite/SqliteConnectionOptions.d.ts'
npm warn tar TAR_ENTRY_ERROR ENOENT: no such file or directory, open '/vercel/sandbox/backend/node_modules/typeorm/driver/sqlite/SqliteDriver.d.ts'
npm warn tar TAR_ENTRY_ERROR ENOENT: no such file or directory, open '/vercel/sandbox/backend/node_modules/typeorm/driver/sqlite/SqliteQueryRunner.d.ts'
npm warn tar TAR_ENTRY_ERROR ENOENT: no such file or directory, open '/vercel/sandbox/backend/node_modules/typeorm/driver/sqljs/SqljsConnectionOptions.d.ts'
npm warn tar TAR_ENTRY_ERROR ENOENT: no such file or directory, open '/vercel/sandbox/backend/node_modules/typeorm/driver/sqljs/SqljsDriver.d.ts'
npm warn tar TAR_ENTRY_ERROR ENOENT: no such file or directory, open '/vercel/sandbox/backend/node_modules/typeorm/driver/sqljs/SqljsQueryRunner.d.ts'
npm warn tar TAR_ENTRY_ERROR ENOENT: no such file or directory, lstat '/vercel/sandbox/backend/node_modules/@workflow/cli/node_modules/next/dist/compiled/react-is/cjs'
npm warn tar TAR_ENTRY_ERROR ENOENT: no such file or directory, lstat '/vercel/sandbox/backend/node_modules/@workflow/cli/node_modules/next/dist/compiled/react-is/cjs'
npm warn tar TAR_ENTRY_ERROR ENOENT: no such file or directory, lstat '/vercel/sandbox/backend/node_modules/@workflow/cli/node_modules/next/dist/compiled/react-refresh/cjs'
npm warn tar TAR_ENTRY_ERROR ENOENT: no such file or directory, lstat '/vercel/sandbox/backend/node_modules/@workflow/cli/node_modules/next/dist/compiled/react-refresh/cjs'
npm warn tar TAR_ENTRY_ERROR ENOENT: no such file or directory, lstat '/vercel/sandbox/backend/node_modules/@workflow/cli/node_modules/next/dist/compiled/react-refresh/cjs'
npm warn tar TAR_ENTRY_ERROR ENOENT: no such file or directory, lstat '/vercel/sandbox/backend/node_modules/@workflow/cli/node_modules/next/dist/compiled/react-refresh/cjs'
npm warn tar TAR_ENTRY_ERROR ENOENT: no such file or directory, lstat '/vercel/sandbox/backend/node_modules/@workflow/cli/node_modules/next/dist/compiled/react-server-dom-turbopack-experimental/cjs'
npm warn tar TAR_ENTRY_ERROR ENOENT: no such file or directory, lstat '/vercel/sandbox/backend/node_modules/@workflow/cli/node_modules/next/dist/compiled/react-server-dom-turbopack/cjs'
npm warn tar TAR_ENTRY_ERROR ENOENT: no such file or directory, lstat '/vercel/sandbox/backend/node_modules/@workflow/cli/node_modules/next/dist/compiled/react-server-dom-turbopack-experimental/cjs'
npm warn tar TAR_ENTRY_ERROR ENOENT: no such file or directory, lstat '/vercel/sandbox/backend/node_modules/@workflow/cli/node_modules/next/dist/compiled/react-server-dom-turbopack/cjs'
npm warn tar TAR_ENTRY_ERROR ENOENT: no such file or directory, lstat '/vercel/sandbox/backend/node_modules/@workflow/cli/node_modules/next/dist/compiled/react-server-dom-turbopack-experimental/cjs'
npm warn tar TAR_ENTRY_ERROR ENOENT: no such file or directory, lstat '/vercel/sandbox/backend/node_modules/@workflow/cli/node_modules/next/dist/compiled/react-server-dom-turbopack/cjs'
npm warn tar TAR_ENTRY_ERROR ENOENT: no such file or directory, lstat '/vercel/sandbox/backend/node_modules/@workflow/cli/node_modules/next/dist/compiled/react-server-dom-turbopack-experimental/cjs'
npm warn tar TAR_ENTRY_ERROR ENOENT: no such file or directory, lstat '/vercel/sandbox/backend/node_modules/@workflow/cli/node_modules/next/dist/compiled/react-server-dom-turbopack/cjs'
npm warn tar TAR_ENTRY_ERROR ENOENT: no such file or directory, lstat '/vercel/sandbox/backend/node_modules/@workflow/cli/node_modules/next/dist/compiled/react-server-dom-turbopack-experimental/cjs'
npm warn tar TAR_ENTRY_ERROR ENOENT: no such file or directory, lstat '/vercel/sandbox/backend/node_modules/@workflow/cli/node_modules/next/dist/compiled/react-server-dom-turbopack/cjs'
npm warn tar TAR_ENTRY_ERROR ENOENT: no such file or directory, lstat '/vercel/sandbox/backend/node_modules/@workflow/cli/node_modules/next/dist/compiled/react-server-dom-turbopack-experimental/cjs'
npm warn tar TAR_ENTRY_ERROR ENOENT: no such file or directory, lstat '/vercel/sandbox/backend/node_modules/@workflow/cli/node_modules/next/dist/compiled/react-server-dom-turbopack/cjs'
npm warn tar TAR_ENTRY_ERROR ENOENT: no such file or directory, lstat '/vercel/sandbox/backend/node_modules/@workflow/cli/node_modules/next/dist/compiled/react-server-dom-turbopack-experimental/cjs'
npm warn tar TAR_ENTRY_ERROR ENOENT: no such file or directory, lstat '/vercel/sandbox/backend/node_modules/@workflow/cli/node_modules/next/dist/compiled/react-server-dom-turbopack/cjs'
npm warn tar TAR_ENTRY_ERROR ENOENT: no such file or directory, lstat '/vercel/sandbox/backend/node_modules/@workflow/cli/node_modules/next/dist/compiled/react-server-dom-turbopack-experimental/cjs'
npm warn tar TAR_ENTRY_ERROR ENOENT: no such file or directory, lstat '/vercel/sandbox/backend/node_modules/@workflow/cli/node_modules/next/dist/compiled/react-server-dom-turbopack/cjs'
npm warn tar TAR_ENTRY_ERROR ENOENT: no such file or directory, lstat '/vercel/sandbox/backend/node_modules/@workflow/cli/node_modules/next/dist/compiled/react-server-dom-turbopack-experimental/cjs'
npm warn tar TAR_ENTRY_ERROR ENOENT: no such file or directory, lstat '/vercel/sandbox/backend/node_modules/@workflow/cli/node_modules/next/dist/compiled/react-server-dom-turbopack/cjs'
npm warn tar TAR_ENTRY_ERROR ENOENT: no such file or directory, lstat '/vercel/sandbox/backend/node_modules/@workflow/cli/node_modules/next/dist/compiled/react-server-dom-turbopack-experimental/cjs'
npm warn tar TAR_ENTRY_ERROR ENOENT: no such file or directory, lstat '/vercel/sandbox/backend/node_modules/@workflow/cli/node_modules/next/dist/compiled/react-server-dom-turbopack/cjs'
npm warn tar TAR_ENTRY_ERROR ENOENT: no such file or directory, lstat '/vercel/sandbox/backend/node_modules/@workflow/cli/node_modules/next/dist/compiled/react-server-dom-turbopack-experimental/cjs'
npm warn tar TAR_ENTRY_ERROR ENOENT: no such file or directory, lstat '/vercel/sandbox/backend/node_modules/@workflow/cli/node_modules/next/dist/compiled/react-server-dom-turbopack/cjs'
npm warn tar TAR_ENTRY_ERROR ENOENT: no such file or directory, lstat '/vercel/sandbox/backend/node_modules/@workflow/cli/node_modules/next/dist/compiled/react-server-dom-turbopack-experimental/cjs'
npm warn tar TAR_ENTRY_ERROR ENOENT: no such file or directory, lstat '/vercel/sandbox/backend/node_modules/@workflow/cli/node_modules/next/dist/compiled/react-server-dom-turbopack/cjs'
npm warn tar TAR_ENTRY_ERROR ENOENT: no such file or directory, open '/vercel/sandbox/backend/node_modules/@workflow/cli/node_modules/next/dist/server/dev/browser-logs/receive-logs.js'
npm warn tar TAR_ENTRY_ERROR ENOENT: no such file or directory, open '/vercel/sandbox/backend/node_modules/@workflow/cli/node_modules/next/dist/shared/lib/utils/reflect-utils.js'
npm warn tar TAR_ENTRY_ERROR ENOENT: no such file or directory, open '/vercel/sandbox/backend/node_modules/@workflow/cli/node_modules/next/dist/shared/lib/page-path/remove-page-path-tail.js'
npm warn tar TAR_ENTRY_ERROR ENOENT: no such file or directory, open '/vercel/sandbox/backend/node_modules/@workflow/cli/node_modules/next/dist/server/lib/render-server.js'
npm warn tar TAR_ENTRY_ERROR ENOENT: no such file or directory, open '/vercel/sandbox/backend/node_modules/@workflow/cli/node_modules/next/dist/client/react-client-callbacks/report-global-error.js'
npm warn tar TAR_ENTRY_ERROR ENOENT: no such file or directory, open '/vercel/sandbox/backend/node_modules/@workflow/cli/node_modules/next/dist/esm/client/react-client-callbacks/report-global-error.js'
npm warn tar TAR_ENTRY_ERROR ENOENT: no such file or directory, open '/vercel/sandbox/backend/node_modules/@workflow/cli/node_modules/next/dist/experimental/testmode/playwright/report.js'
npm warn tar TAR_ENTRY_ERROR ENOENT: no such file or directory, open '/vercel/sandbox/backend/node_modules/@workflow/cli/node_modules/next/dist/esm/server/async-storage/request-store.js'
npm warn tar TAR_ENTRY_ERROR ENOENT: no such file or directory, open '/vercel/sandbox/backend/node_modules/@workflow/cli/node_modules/next/dist/server/async-storage/request-store.js'
npm warn tar TAR_ENTRY_ERROR ENOENT: no such file or directory, open '/vercel/sandbox/backend/node_modules/@workflow/cli/node_modules/next/dist/server/dev/require-cache.js'
npm warn tar TAR_ENTRY_ERROR ENOENT: no such file or directory, lstat '/vercel/sandbox/backend/node_modules/@workflow/cli/node_modules/next/dist/lib/metadata/resolvers'
npm warn tar TAR_ENTRY_ERROR ENOENT: no such file or directory, lstat '/vercel/sandbox/backend/node_modules/@workflow/cli/node_modules/next/dist/lib/metadata/resolvers'
npm warn tar TAR_ENTRY_ERROR ENOENT: no such file or directory, open '/vercel/sandbox/backend/node_modules/@workflow/cli/node_modules/next/dist/lib/metadata/resolve-metadata.js'
npm warn tar TAR_ENTRY_ERROR ENOENT: no such file or directory, lstat '/vercel/sandbox/backend/node_modules/@workflow/cli/node_modules/next/dist/lib/metadata/resolvers'
npm warn tar TAR_ENTRY_ERROR ENOENT: no such file or directory, open '/vercel/sandbox/backend/node_modules/@workflow/cli/node_modules/next/dist/server/lib/router-utils/resolve-routes.js'
npm warn tar TAR_ENTRY_ERROR ENOENT: no such file or directory, lstat '/vercel/sandbox/backend/node_modules/@workflow/cli/node_modules/next/dist/lib/metadata/resolvers'
npm warn tar TAR_ENTRY_ERROR ENOENT: no such file or directory, lstat '/vercel/sandbox/backend/node_modules/@workflow/cli/node_modules/next/dist/lib/metadata/resolvers'
npm warn tar TAR_ENTRY_ERROR ENOENT: no such file or directory, open '/vercel/sandbox/backend/node_modules/@workflow/cli/node_modules/next/dist/esm/lib/metadata/types/resolvers.js'
npm warn tar TAR_ENTRY_ERROR ENOENT: no such file or directory, open '/vercel/sandbox/backend/node_modules/@workflow/cli/node_modules/next/dist/lib/metadata/types/resolvers.js'
npm warn tar TAR_ENTRY_ERROR ENOENT: no such file or directory, open '/vercel/sandbox/backend/node_modules/@workflow/cli/node_modules/next/dist/esm/server/web/sandbox/resource-managers.js'
npm warn tar TAR_ENTRY_ERROR ENOENT: no such file or directory, open '/vercel/sandbox/backend/node_modules/@workflow/cli/node_modules/next/dist/server/web/sandbox/resource-managers.js'
npm warn tar TAR_ENTRY_ERROR ENOENT: no such file or directory, open '/vercel/sandbox/backend/node_modules/@workflow/cli/node_modules/next/dist/next-devtools/server/restart-dev-server-middleware.js'
npm warn tar TAR_ENTRY_ERROR ENOENT: no such file or directory, open '/vercel/sandbox/backend/node_modules/@workflow/cli/node_modules/next/dist/build/turborepo-access-trace/result.js'
npm warn tar TAR_ENTRY_ERROR ENOENT: no such file or directory, open '/vercel/sandbox/backend/node_modules/@workflow/cli/node_modules/next/dist/esm/build/turborepo-access-trace/result.js'
npm warn tar TAR_ENTRY_ERROR ENOENT: no such file or directory, open '/vercel/sandbox/backend/node_modules/@workflow/cli/node_modules/next/dist/esm/server/resume-data-cache/resume-data-cache.js'
npm warn tar TAR_ENTRY_ERROR ENOENT: no such file or directory, open '/vercel/sandbox/backend/node_modules/@workflow/cli/node_modules/next/dist/server/resume-data-cache/resume-data-cache.js'
npm warn tar TAR_ENTRY_ERROR ENOENT: no such file or directory, open '/vercel/sandbox/backend/node_modules/@workflow/cli/node_modules/next/dist/client/components/errors/root-error-boundary.js'
npm warn tar TAR_ENTRY_ERROR ENOENT: no such file or directory, open '/vercel/sandbox/backend/node_modules/@workflow/cli/node_modules/next/dist/esm/client/components/errors/root-error-boundary.js'
npm warn tar TAR_ENTRY_ERROR ENOENT: no such file or directory, open '/vercel/sandbox/backend/node_modules/@workflow/cli/node_modules/next/dist/esm/server/request/root-params.js'
npm warn tar TAR_ENTRY_ERROR ENOENT: no such file or directory, open '/vercel/sandbox/backend/node_modules/@workflow/cli/node_modules/next/dist/server/request/root-params.js'
npm warn tar TAR_ENTRY_ERROR ENOENT: no such file or directory, open '/vercel/sandbox/backend/node_modules/@workflow/cli/node_modules/next/dist/esm/server/route-definitions/route-definition.js'
npm warn tar TAR_ENTRY_ERROR ENOENT: no such file or directory, open '/vercel/sandbox/backend/node_modules/@workflow/cli/node_modules/next/dist/server/route-definitions/route-definition.js'
npm warn tar TAR_ENTRY_ERROR ENOENT: no such file or directory, open '/vercel/sandbox/backend/node_modules/@workflow/cli/node_modules/next/dist/esm/server/route-matches/route-match.js'
npm warn tar TAR_ENTRY_ERROR ENOENT: no such file or directory, open '/vercel/sandbox/backend/node_modules/@workflow/cli/node_modules/next/dist/server/route-matches/route-match.js'
npm warn tar TAR_ENTRY_ERROR ENOENT: no such file or directory, open '/vercel/sandbox/backend/node_modules/@workflow/cli/node_modules/next/dist/esm/server/route-matcher-managers/route-matcher-manager.js'
npm warn tar TAR_ENTRY_ERROR ENOENT: no such file or directory, open '/vercel/sandbox/backend/node_modules/@workflow/cli/node_modules/next/dist/server/route-matcher-managers/route-matcher-manager.js'
npm warn tar TAR_ENTRY_ERROR ENOENT: no such file or directory, open '/vercel/sandbox/backend/node_modules/@workflow/cli/node_modules/next/dist/esm/server/route-matchers/route-matcher.js'
npm warn tar TAR_ENTRY_ERROR ENOENT: no such file or directory, open '/vercel/sandbox/backend/node_modules/@workflow/cli/node_modules/next/dist/server/route-matchers/route-matcher.js'
npm warn tar TAR_ENTRY_ERROR ENOENT: no such file or directory, open '/vercel/sandbox/backend/node_modules/@workflow/cli/node_modules/next/dist/esm/server/lib/module-loader/route-module-loader.js'
npm warn tar TAR_ENTRY_ERROR ENOENT: no such file or directory, open '/vercel/sandbox/backend/node_modules/@workflow/cli/node_modules/next/dist/server/lib/module-loader/route-module-loader.js'
npm warn tar TAR_ENTRY_ERROR ENOENT: no such file or directory, open '/vercel/sandbox/backend/node_modules/@workflow/cli/node_modules/next/dist/server/lib/router-utils/route-types-utils.js'
npm warn tar TAR_ENTRY_ERROR ENOENT: no such file or directory, open '/vercel/sandbox/backend/node_modules/@workflow/cli/node_modules/next/dist/server/lib/router-utils/router-server-context.js'
npm warn tar TAR_ENTRY_ERROR ENOENT: no such file or directory, open '/vercel/sandbox/backend/node_modules/@workflow/cli/node_modules/next/dist/server/lib/router-server.js'
npm warn tar TAR_ENTRY_ERROR ENOENT: no such file or directory, open '/vercel/sandbox/backend/node_modules/@workflow/cli/node_modules/next/dist/api/router.js'
npm warn tar TAR_ENTRY_ERROR ENOENT: no such file or directory, open '/vercel/sandbox/backend/node_modules/@workflow/cli/node_modules/next/dist/esm/api/router.js'
npm warn tar TAR_ENTRY_ERROR ENOENT: no such file or directory, open '/vercel/sandbox/backend/node_modules/@workflow/cli/node_modules/next/dist/esm/server/normalizers/request/rsc.js'
npm warn tar TAR_ENTRY_ERROR ENOENT: no such file or directory, open '/vercel/sandbox/backend/node_modules/@workflow/cli/node_modules/next/dist/server/normalizers/request/rsc.js'
npm warn tar TAR_ENTRY_ERROR ENOENT: no such file or directory, open '/vercel/sandbox/backend/node_modules/@workflow/cli/node_modules/next/dist/compiled/@next/react-refresh-utils/dist/internal/RspackReactRefresh.js'
npm warn tar TAR_ENTRY_ERROR ENOENT: no such file or directory, open '/vercel/sandbox/backend/node_modules/@workflow/cli/node_modules/next/dist/esm/server/after/run-with-after.js'
npm warn tar TAR_ENTRY_ERROR ENOENT: no such file or directory, open '/vercel/sandbox/backend/node_modules/@workflow/cli/node_modules/next/dist/server/after/run-with-after.js'
npm warn tar TAR_ENTRY_ERROR ENOENT: no such file or directory, open '/vercel/sandbox/backend/node_modules/@workflow/cli/node_modules/next/dist/compiled/react-refresh/runtime.js'
npm warn tar TAR_ENTRY_ERROR ENOENT: no such file or directory, open '/vercel/sandbox/backend/node_modules/@workflow/cli/node_modules/next/dist/compiled/regenerator-runtime/runtime.js'
npm warn tar TAR_ENTRY_ERROR ENOENT: no such file or directory, open '/vercel/sandbox/backend/node_modules/@workflow/cli/node_modules/next/dist/esm/lib/typescript/runTypeCheck.js'
npm warn tar TAR_ENTRY_ERROR ENOENT: no such file or directory, open '/vercel/sandbox/backend/node_modules/@workflow/cli/node_modules/next/dist/lib/typescript/runTypeCheck.js'
npm warn tar TAR_ENTRY_ERROR ENOENT: no such file or directory, open '/vercel/sandbox/backend/node_modules/@workflow/cli/node_modules/next/dist/compiled/postcss-safe-parser/safe-parse.js'
npm warn tar TAR_ENTRY_ERROR ENOENT: no such file or directory, open '/vercel/sandbox/backend/node_modules/@workflow/cli/node_modules/next/dist/esm/server/web/sandbox/sandbox.js'
npm warn tar TAR_ENTRY_ERROR ENOENT: no such file or directory, open '/vercel/sandbox/backend/node_modules/@workflow/cli/node_modules/next/dist/server/web/sandbox/sandbox.js'
npm warn tar TAR_ENTRY_ERROR ENOENT: no such file or directory, lstat '/vercel/sandbox/backend/node_modules/@workflow/cli/node_modules/next/dist/compiled/scheduler-experimental/cjs'
npm warn tar TAR_ENTRY_ERROR ENOENT: no such file or directory, lstat '/vercel/sandbox/backend/node_modules/@workflow/cli/node_modules/next/dist/compiled/scheduler/cjs'
npm warn tar TAR_ENTRY_ERROR ENOENT: no such file or directory, lstat '/vercel/sandbox/backend/node_modules/@workflow/cli/node_modules/next/dist/compiled/scheduler-experimental/cjs'
npm warn tar TAR_ENTRY_ERROR ENOENT: no such file or directory, lstat '/vercel/sandbox/backend/node_modules/@workflow/cli/node_modules/next/dist/compiled/scheduler/cjs'
npm warn tar TAR_ENTRY_ERROR ENOENT: no such file or directory, lstat '/vercel/sandbox/backend/node_modules/@workflow/cli/node_modules/next/dist/compiled/scheduler-experimental/cjs'
npm warn tar TAR_ENTRY_ERROR ENOENT: no such file or directory, lstat '/vercel/sandbox/backend/node_modules/@workflow/cli/node_modules/next/dist/compiled/scheduler/cjs'
npm warn tar TAR_ENTRY_ERROR ENOENT: no such file or directory, lstat '/vercel/sandbox/backend/node_modules/@workflow/cli/node_modules/next/dist/compiled/scheduler-experimental/cjs'
npm warn tar TAR_ENTRY_ERROR ENOENT: no such file or directory, lstat '/vercel/sandbox/backend/node_modules/@workflow/cli/node_modules/next/dist/compiled/scheduler/cjs'
npm warn tar TAR_ENTRY_ERROR ENOENT: no such file or directory, lstat '/vercel/sandbox/backend/node_modules/@workflow/cli/node_modules/next/dist/compiled/scheduler-experimental/cjs'
npm warn tar TAR_ENTRY_ERROR ENOENT: no such file or directory, lstat '/vercel/sandbox/backend/node_modules/@workflow/cli/node_modules/next/dist/compiled/scheduler/cjs'
npm warn tar TAR_ENTRY_ERROR ENOENT: no such file or directory, open '/vercel/sandbox/backend/node_modules/@workflow/cli/node_modules/next/dist/client/components/segment-cache/scheduler.js'
npm warn tar TAR_ENTRY_ERROR ENOENT: no such file or directory, open '/vercel/sandbox/backend/node_modules/@workflow/cli/node_modules/next/dist/esm/client/components/segment-cache/scheduler.js'
npm warn tar TAR_ENTRY_ERROR ENOENT: no such file or directory, lstat '/vercel/sandbox/backend/node_modules/@workflow/cli/node_modules/next/dist/compiled/scheduler-experimental/cjs'
npm warn tar TAR_ENTRY_ERROR ENOENT: no such file or directory, lstat '/vercel/sandbox/backend/node_modules/@workflow/cli/node_modules/next/dist/compiled/scheduler/cjs'
npm warn tar TAR_ENTRY_ERROR ENOENT: no such file or directory, lstat '/vercel/sandbox/backend/node_modules/@workflow/cli/node_modules/next/dist/compiled/scheduler-experimental/cjs'
npm warn tar TAR_ENTRY_ERROR ENOENT: no such file or directory, lstat '/vercel/sandbox/backend/node_modules/@workflow/cli/node_modules/next/dist/compiled/scheduler/cjs'
npm warn tar TAR_ENTRY_ERROR ENOENT: no such file or directory, lstat '/vercel/sandbox/backend/node_modules/@workflow/cli/node_modules/next/dist/compiled/scheduler-experimental/cjs'
npm warn tar TAR_ENTRY_ERROR ENOENT: no such file or directory, lstat '/vercel/sandbox/backend/node_modules/@workflow/cli/node_modules/next/dist/compiled/scheduler/cjs'
npm warn tar TAR_ENTRY_ERROR ENOENT: no such file or directory, open '/vercel/sandbox/backend/node_modules/@workflow/cli/node_modules/next/dist/api/script.js'
npm warn tar TAR_ENTRY_ERROR ENOENT: no such file or directory, open '/vercel/sandbox/backend/node_modules/@workflow/cli/node_modules/next/dist/esm/api/script.js'
npm warn tar TAR_ENTRY_ERROR ENOENT: no such file or directory, open '/vercel/sandbox/backend/node_modules/@workflow/cli/node_modules/next/dist/compiled/postcss-scss/scss-syntax.js'
npm warn tar TAR_ENTRY_ERROR ENOENT: no such file or directory, open '/vercel/sandbox/backend/node_modules/@workflow/cli/node_modules/next/dist/client/request/search-params.browser.dev.js'
npm warn tar TAR_ENTRY_ERROR ENOENT: no such file or directory, open '/vercel/sandbox/backend/node_modules/@workflow/cli/node_modules/next/dist/esm/client/request/search-params.browser.dev.js'
npm warn tar TAR_ENTRY_ERROR ENOENT: no such file or directory, open '/vercel/sandbox/backend/node_modules/@workflow/cli/node_modules/next/dist/client/request/search-params.browser.js'
npm warn tar TAR_ENTRY_ERROR ENOENT: no such file or directory, open '/vercel/sandbox/backend/node_modules/@workflow/cli/node_modules/next/dist/esm/client/request/search-params.browser.js'
npm warn tar TAR_ENTRY_ERROR ENOENT: no such file or directory, open '/vercel/sandbox/backend/node_modules/@workflow/cli/node_modules/next/dist/client/request/search-params.browser.prod.js'
npm warn tar TAR_ENTRY_ERROR ENOENT: no such file or directory, open '/vercel/sandbox/backend/node_modules/@workflow/cli/node_modules/next/dist/esm/client/request/search-params.browser.prod.js'
npm warn tar TAR_ENTRY_ERROR ENOENT: no such file or directory, open '/vercel/sandbox/backend/node_modules/@workflow/cli/node_modules/next/dist/esm/server/request/search-params.js'
npm warn tar TAR_ENTRY_ERROR ENOENT: no such file or directory, open '/vercel/sandbox/backend/node_modules/@workflow/cli/node_modules/next/dist/server/request/search-params.js'
npm warn tar TAR_ENTRY_ERROR ENOENT: no such file or directory, open '/vercel/sandbox/backend/node_modules/@workflow/cli/node_modules/next/dist/esm/next-devtools/userspace/app/segment-explorer-node.js'
npm warn tar TAR_ENTRY_ERROR ENOENT: no such file or directory, open '/vercel/sandbox/backend/node_modules/@workflow/cli/node_modules/next/dist/next-devtools/userspace/app/segment-explorer-node.js'
npm warn tar TAR_ENTRY_ERROR ENOENT: no such file or directory, open '/vercel/sandbox/backend/node_modules/@workflow/cli/node_modules/next/dist/esm/server/app-render/segment-explorer-path.js'
npm warn tar TAR_ENTRY_ERROR ENOENT: no such file or directory, open '/vercel/sandbox/backend/node_modules/@workflow/cli/node_modules/next/dist/esm/server/normalizers/request/segment-prefix-rsc.js'
npm warn tar TAR_ENTRY_ERROR ENOENT: no such file or directory, open '/vercel/sandbox/backend/node_modules/@workflow/cli/node_modules/next/dist/server/normalizers/request/segment-prefix-rsc.js'
npm warn tar TAR_ENTRY_ERROR ENOENT: no such file or directory, open '/vercel/sandbox/backend/node_modules/@workflow/cli/node_modules/next/dist/esm/shared/lib/segment-cache/segment-value-encoding.js'
npm warn tar TAR_ENTRY_ERROR ENOENT: no such file or directory, open '/vercel/sandbox/backend/node_modules/@workflow/cli/node_modules/next/dist/shared/lib/segment-cache/segment-value-encoding.js'
npm warn tar TAR_ENTRY_ERROR ENOENT: no such file or directory, open '/vercel/sandbox/backend/node_modules/@workflow/cli/node_modules/next/dist/client/components/router-reducer/reducers/server-action-reducer.js'
npm warn tar TAR_ENTRY_ERROR ENOENT: no such file or directory, open '/vercel/sandbox/backend/node_modules/@workflow/cli/node_modules/next/dist/esm/client/components/router-reducer/reducers/server-action-reducer.js'
npm warn tar TAR_ENTRY_ERROR ENOENT: no such file or directory, open '/vercel/sandbox/backend/node_modules/@workflow/cli/node_modules/next/dist/server/lib/server-action-request-meta.js'
npm warn tar TAR_ENTRY_ERROR ENOENT: no such file or directory, open '/vercel/sandbox/backend/node_modules/@workflow/cli/node_modules/next/dist/esm/server/typescript/rules/server-boundary.js'
npm warn tar TAR_ENTRY_ERROR ENOENT: no such file or directory, open '/vercel/sandbox/backend/node_modules/@workflow/cli/node_modules/next/dist/server/typescript/rules/server-boundary.js'
npm warn tar TAR_ENTRY_ERROR ENOENT: no such file or directory, open '/vercel/sandbox/backend/node_modules/@workflow/cli/node_modules/next/dist/experimental/testmode/server-edge.js'
npm warn tar TAR_ENTRY_ERROR ENOENT: no such file or directory, open '/vercel/sandbox/backend/node_modules/@workflow/cli/node_modules/next/dist/esm/server/app-render/server-inserted-html.js'
npm warn tar TAR_ENTRY_ERROR ENOENT: no such file or directory, open '/vercel/sandbox/backend/node_modules/@workflow/cli/node_modules/next/dist/esm/server/route-modules/app-page/vendored/contexts/server-inserted-html.js'
npm warn tar TAR_ENTRY_ERROR ENOENT: no such file or directory, open '/vercel/sandbox/backend/node_modules/@workflow/cli/node_modules/next/dist/esm/server/route-modules/pages/vendored/contexts/server-inserted-html.js'
npm warn tar TAR_ENTRY_ERROR ENOENT: no such file or directory, open '/vercel/sandbox/backend/node_modules/@workflow/cli/node_modules/next/dist/server/route-modules/app-page/vendored/contexts/server-inserted-html.js'
npm warn tar TAR_ENTRY_ERROR ENOENT: no such file or directory, open '/vercel/sandbox/backend/node_modules/@workflow/cli/node_modules/next/dist/server/route-modules/pages/vendored/contexts/server-inserted-html.js'
npm warn tar TAR_ENTRY_ERROR ENOENT: no such file or directory, open '/vercel/sandbox/backend/node_modules/@workflow/cli/node_modules/next/dist/esm/server/route-matcher-providers/helpers/manifest-loaders/server-manifest-loader.js'
npm warn tar TAR_ENTRY_ERROR ENOENT: no such file or directory, open '/vercel/sandbox/backend/node_modules/@workflow/cli/node_modules/next/dist/server/route-matcher-providers/helpers/manifest-loaders/server-manifest-loader.js'
npm warn tar TAR_ENTRY_ERROR ENOENT: no such file or directory, open '/vercel/sandbox/backend/node_modules/@workflow/cli/node_modules/next/dist/client/components/router-reducer/reducers/server-patch-reducer.js'
npm warn tar TAR_ENTRY_ERROR ENOENT: no such file or directory, open '/vercel/sandbox/backend/node_modules/@workflow/cli/node_modules/next/dist/esm/client/components/router-reducer/reducers/server-patch-reducer.js'
npm warn tar TAR_ENTRY_ERROR ENOENT: no such file or directory, open '/vercel/sandbox/backend/node_modules/@workflow/cli/node_modules/next/dist/build/webpack/loaders/next-flight-loader/server-reference.js'
npm warn tar TAR_ENTRY_ERROR ENOENT: no such file or directory, open '/vercel/sandbox/backend/node_modules/@workflow/cli/node_modules/next/dist/esm/build/webpack/loaders/next-flight-loader/server-reference.js'
npm warn tar TAR_ENTRY_ERROR ENOENT: no such file or directory, open '/vercel/sandbox/backend/node_modules/@workflow/cli/node_modules/next/dist/compiled/react-dom-experimental/server.browser.js'
npm warn tar TAR_ENTRY_ERROR ENOENT: no such file or directory, open '/vercel/sandbox/backend/node_modules/@workflow/cli/node_modules/next/dist/compiled/react-dom/server.browser.js'
npm warn tar TAR_ENTRY_ERROR ENOENT: no such file or directory, open '/vercel/sandbox/backend/node_modules/@workflow/cli/node_modules/next/dist/compiled/react-server-dom-turbopack-experimental/server.browser.js'
npm warn tar TAR_ENTRY_ERROR ENOENT: no such file or directory, open '/vercel/sandbox/backend/node_modules/@workflow/cli/node_modules/next/dist/compiled/react-server-dom-turbopack/server.browser.js'
npm warn tar TAR_ENTRY_ERROR ENOENT: no such file or directory, open '/vercel/sandbox/backend/node_modules/@workflow/cli/node_modules/next/dist/compiled/react-dom-experimental/server.edge.js'
npm warn tar TAR_ENTRY_ERROR ENOENT: no such file or directory, open '/vercel/sandbox/backend/node_modules/@workflow/cli/node_modules/next/dist/compiled/react-dom/server.edge.js'
npm warn tar TAR_ENTRY_ERROR ENOENT: no such file or directory, open '/vercel/sandbox/backend/node_modules/@workflow/cli/node_modules/next/dist/compiled/react-server-dom-turbopack-experimental/server.edge.js'
npm warn tar TAR_ENTRY_ERROR ENOENT: no such file or directory, open '/vercel/sandbox/backend/node_modules/@workflow/cli/node_modules/next/dist/compiled/react-server-dom-turbopack/server.edge.js'
npm warn tar TAR_ENTRY_ERROR ENOENT: no such file or directory, open '/vercel/sandbox/backend/node_modules/@workflow/cli/node_modules/next/dist/api/server.js'
npm warn tar TAR_ENTRY_ERROR ENOENT: no such file or directory, open '/vercel/sandbox/backend/node_modules/@workflow/cli/node_modules/next/dist/compiled/react-dom-experimental/server.js'
npm warn tar TAR_ENTRY_ERROR ENOENT: no such file or directory, open '/vercel/sandbox/backend/node_modules/@workflow/cli/node_modules/next/dist/compiled/react-dom/server.js'
npm warn tar TAR_ENTRY_ERROR ENOENT: no such file or directory, open '/vercel/sandbox/backend/node_modules/@workflow/cli/node_modules/next/dist/compiled/react-server-dom-turbopack-experimental/server.js'
npm warn tar TAR_ENTRY_ERROR ENOENT: no such file or directory, open '/vercel/sandbox/backend/node_modules/@workflow/cli/node_modules/next/dist/compiled/react-server-dom-turbopack/server.js'
npm warn tar TAR_ENTRY_ERROR ENOENT: no such file or directory, open '/vercel/sandbox/backend/node_modules/@workflow/cli/node_modules/next/dist/esm/api/server.js'
npm warn tar TAR_ENTRY_ERROR ENOENT: no such file or directory, open '/vercel/sandbox/backend/node_modules/@workflow/cli/node_modules/next/dist/esm/server/typescript/rules/server.js'
npm warn tar TAR_ENTRY_ERROR ENOENT: no such file or directory, open '/vercel/sandbox/backend/node_modules/@workflow/cli/node_modules/next/dist/experimental/testmode/proxy/server.js'
npm warn tar TAR_ENTRY_ERROR ENOENT: no such file or directory, open '/vercel/sandbox/backend/node_modules/@workflow/cli/node_modules/next/dist/experimental/testmode/server.js'
npm warn tar TAR_ENTRY_ERROR ENOENT: no such file or directory, open '/vercel/sandbox/backend/node_modules/@workflow/cli/node_modules/next/dist/server/typescript/rules/server.js'
npm warn tar TAR_ENTRY_ERROR ENOENT: no such file or directory, open '/vercel/sandbox/backend/node_modules/@workflow/cli/node_modules/next/dist/compiled/react-dom-experimental/server.node.js'
npm warn tar TAR_ENTRY_ERROR ENOENT: no such file or directory, open '/vercel/sandbox/backend/node_modules/@workflow/cli/node_modules/next/dist/compiled/react-dom/server.node.js'
npm warn tar TAR_ENTRY_ERROR ENOENT: no such file or directory, open '/vercel/sandbox/backend/node_modules/@workflow/cli/node_modules/next/dist/compiled/react-server-dom-turbopack-experimental/server.node.js'
npm warn tar TAR_ENTRY_ERROR ENOENT: no such file or directory, open '/vercel/sandbox/backend/node_modules/@workflow/cli/node_modules/next/dist/compiled/react-server-dom-turbopack/server.node.js'
npm warn tar TAR_ENTRY_ERROR ENOENT: no such file or directory, open '/vercel/sandbox/backend/node_modules/@workflow/cli/node_modules/next/dist/compiled/react-dom-experimental/server.react-server.js'
npm warn tar TAR_ENTRY_ERROR ENOENT: no such file or directory, open '/vercel/sandbox/backend/node_modules/@workflow/cli/node_modules/next/dist/compiled/react-dom/server.react-server.js'
npm warn tar TAR_ENTRY_ERROR ENOENT: no such file or directory, open '/vercel/sandbox/backend/node_modules/@workflow/cli/node_modules/next/dist/compiled/next-server/server.runtime.prod.js'
npm warn tar TAR_ENTRY_ERROR ENOENT: no such file or directory, open '/vercel/sandbox/backend/node_modules/@workflow/cli/node_modules/next/dist/telemetry/events/session-stopped.js'
npm warn tar TAR_ENTRY_ERROR ENOENT: no such file or directory, open '/vercel/sandbox/backend/node_modules/@workflow/cli/node_modules/next/dist/esm/client/components/router-reducer/set-cache-busting-search-param.js'
npm warn tar TAR_ENTRY_ERROR ENOENT: no such file or directory, open '/vercel/sandbox/backend/node_modules/@workflow/cli/node_modules/next/dist/compiled/@babel/runtime/helpers/esm/set.js'
npm warn tar TAR_ENTRY_ERROR ENOENT: no such file or directory, open '/vercel/sandbox/backend/node_modules/@workflow/cli/node_modules/next/dist/compiled/@babel/runtime/helpers/set.js'
npm warn tar TAR_ENTRY_ERROR ENOENT: no such file or directory, open '/vercel/sandbox/backend/node_modules/@workflow/cli/node_modules/next/dist/compiled/@babel/runtime/helpers/esm/setFunctionName.js'
npm warn tar TAR_ENTRY_ERROR ENOENT: no such file or directory, open '/vercel/sandbox/backend/node_modules/@workflow/cli/node_modules/next/dist/compiled/@babel/runtime/helpers/setFunctionName.js'
npm warn tar TAR_ENTRY_ERROR ENOENT: no such file or directory, open '/vercel/sandbox/backend/node_modules/@workflow/cli/node_modules/next/dist/compiled/@babel/runtime/helpers/esm/setPrototypeOf.js'
npm warn tar TAR_ENTRY_ERROR ENOENT: no such file or directory, open '/vercel/sandbox/backend/node_modules/@workflow/cli/node_modules/next/dist/compiled/@babel/runtime/helpers/setPrototypeOf.js'
npm warn tar TAR_ENTRY_ERROR ENOENT: no such file or directory, open '/vercel/sandbox/backend/node_modules/@workflow/cli/node_modules/next/dist/esm/server/lib/router-utils/setup-dev-bundler.js'
npm warn tar TAR_ENTRY_ERROR ENOENT: no such file or directory, open '/vercel/sandbox/backend/node_modules/@workflow/cli/node_modules/next/dist/server/lib/router-utils/setup-dev-bundler.js'
npm warn tar TAR_ENTRY_ERROR ENOENT: no such file or directory, open '/vercel/sandbox/backend/node_modules/@workflow/cli/node_modules/next/dist/esm/server/lib/incremental-cache/shared-cache-controls.external.js'
npm warn tar TAR_ENTRY_ERROR ENOENT: no such file or directory, open '/vercel/sandbox/backend/node_modules/@workflow/cli/node_modules/next/dist/server/lib/incremental-cache/shared-cache-controls.external.js'
npm warn tar TAR_ENTRY_ERROR ENOENT: no such file or directory, open '/vercel/sandbox/backend/node_modules/@workflow/cli/node_modules/next/dist/esm/server/route-modules/app-route/shared-modules.js'
npm warn tar TAR_ENTRY_ERROR ENOENT: no such file or directory, open '/vercel/sandbox/backend/node_modules/@workflow/cli/node_modules/next/dist/server/route-modules/app-route/shared-modules.js'
npm warn tar TAR_ENTRY_ERROR ENOENT: no such file or directory, open '/vercel/sandbox/backend/node_modules/@workflow/cli/node_modules/next/dist/build/webpack/plugins/next-types-plugin/shared.js'
npm warn tar TAR_ENTRY_ERROR ENOENT: no such file or directory, open '/vercel/sandbox/backend/node_modules/@workflow/cli/node_modules/next/dist/client/dev/hot-reloader/shared.js'
npm warn tar TAR_ENTRY_ERROR ENOENT: no such file or directory, open '/vercel/sandbox/backend/node_modules/@workflow/cli/node_modules/next/dist/esm/build/webpack/plugins/next-types-plugin/shared.js'
npm warn tar TAR_ENTRY_ERROR ENOENT: no such file or directory, open '/vercel/sandbox/backend/node_modules/@workflow/cli/node_modules/next/dist/esm/client/dev/hot-reloader/shared.js'
npm warn tar TAR_ENTRY_ERROR ENOENT: no such file or directory, open '/vercel/sandbox/backend/node_modules/@workflow/cli/node_modules/next/dist/next-devtools/server/shared.js'
npm warn tar TAR_ENTRY_ERROR ENOENT: no such file or directory, open '/vercel/sandbox/backend/node_modules/@workflow/cli/node_modules/next/dist/trace/shared.js'
npm warn tar TAR_ENTRY_ERROR ENOENT: no such file or directory, open '/vercel/sandbox/backend/node_modules/@workflow/cli/node_modules/next/dist/build/polyfills/object.assign/shim.js'
npm warn tar TAR_ENTRY_ERROR ENOENT: no such file or directory, open '/vercel/sandbox/backend/node_modules/@workflow/cli/node_modules/next/dist/esm/build/polyfills/object.assign/shim.js'
npm warn tar TAR_ENTRY_ERROR ENOENT: no such file or directory, open '/vercel/sandbox/backend/node_modules/@workflow/cli/node_modules/next/dist/esm/client/components/router-reducer/should-hard-navigate.js'
npm warn tar TAR_ENTRY_ERROR ENOENT: no such file or directory, open '/vercel/sandbox/backend/node_modules/@workflow/cli/node_modules/next/dist/esm/lib/memory/shutdown.js'
npm warn tar TAR_ENTRY_ERROR ENOENT: no such file or directory, open '/vercel/sandbox/backend/node_modules/@workflow/cli/node_modules/next/dist/lib/memory/shutdown.js'
npm warn tar TAR_ENTRY_ERROR ENOENT: no such file or directory, open '/vercel/sandbox/backend/node_modules/@workflow/cli/node_modules/next/dist/build/webpack/plugins/wellknown-errors-plugin/simpleWebpackError.js'
npm warn tar TAR_ENTRY_ERROR ENOENT: no such file or directory, open '/vercel/sandbox/backend/node_modules/@workflow/cli/node_modules/next/dist/esm/build/webpack/plugins/wellknown-errors-plugin/simpleWebpackError.js'
npm warn tar TAR_ENTRY_ERROR ENOENT: no such file or directory, open '/vercel/sandbox/backend/node_modules/@workflow/cli/node_modules/next/dist/compiled/webpack/SingleEntryPlugin.js'
npm warn tar TAR_ENTRY_ERROR ENOENT: no such file or directory, open '/vercel/sandbox/backend/node_modules/@workflow/cli/node_modules/next/dist/compiled/@babel/runtime/helpers/esm/skipFirstGeneratorNext.js'
npm warn tar TAR_ENTRY_ERROR ENOENT: no such file or directory, open '/vercel/sandbox/backend/node_modules/@workflow/cli/node_modules/next/dist/compiled/@babel/runtime/helpers/skipFirstGeneratorNext.js'
npm warn tar TAR_ENTRY_ERROR ENOENT: no such file or directory, open '/vercel/sandbox/backend/node_modules/@workflow/cli/node_modules/next/dist/compiled/@babel/runtime/helpers/esm/slicedToArray.js'
npm warn tar TAR_ENTRY_ERROR ENOENT: no such file or directory, open '/vercel/sandbox/backend/node_modules/@workflow/cli/node_modules/next/dist/compiled/@babel/runtime/helpers/slicedToArray.js'
npm warn tar TAR_ENTRY_ERROR ENOENT: no such file or directory, open '/vercel/sandbox/backend/node_modules/@workflow/cli/node_modules/next/dist/compiled/@next/font/dist/google/sort-fonts-variant-values.js'
npm warn tar TAR_ENTRY_ERROR ENOENT: no such file or directory, open '/vercel/sandbox/backend/node_modules/@workflow/cli/node_modules/next/dist/esm/shared/lib/router/utils/sortable-routes.js'
npm warn tar TAR_ENTRY_ERROR ENOENT: no such file or directory, open '/vercel/sandbox/backend/node_modules/@workflow/cli/node_modules/next/dist/shared/lib/router/utils/sortable-routes.js'
npm warn tar TAR_ENTRY_ERROR ENOENT: no such file or directory, open '/vercel/sandbox/backend/node_modules/@workflow/cli/node_modules/next/dist/esm/shared/lib/router/utils/sorted-routes.js'
npm warn tar TAR_ENTRY_ERROR ENOENT: no such file or directory, open '/vercel/sandbox/backend/node_modules/@workflow/cli/node_modules/next/dist/shared/lib/router/utils/sorted-routes.js'
npm warn tar TAR_ENTRY_ERROR ENOENT: no such file or directory, open '/vercel/sandbox/backend/node_modules/@workflow/cli/node_modules/next/dist/compiled/source-map/source-map.js'
npm warn tar TAR_ENTRY_ERROR ENOENT: no such file or directory, open '/vercel/sandbox/backend/node_modules/@workflow/cli/node_modules/next/dist/compiled/source-map08/source-map.js'
npm warn tar TAR_ENTRY_ERROR ENOENT: no such file or directory, open '/vercel/sandbox/backend/node_modules/@workflow/cli/node_modules/next/dist/esm/server/dev/browser-logs/source-map.js'
npm warn tar TAR_ENTRY_ERROR ENOENT: no such file or directory, open '/vercel/sandbox/backend/node_modules/@workflow/cli/node_modules/next/dist/server/dev/browser-logs/source-map.js'
npm warn tar TAR_ENTRY_ERROR ENOENT: no such file or directory, open '/vercel/sandbox/backend/node_modules/@workflow/cli/node_modules/next/dist/server/lib/source-maps.js'
npm warn tar TAR_ENTRY_ERROR ENOENT: no such file or directory, open '/vercel/sandbox/backend/node_modules/@workflow/cli/node_modules/next/dist/compiled/webpack/SourceMapDevToolModuleOptionsPlugin.js'
npm warn tar TAR_ENTRY_ERROR ENOENT: no such file or directory, open '/vercel/sandbox/backend/node_modules/@workflow/cli/node_modules/next/dist/compiled/webpack/sources.js'
npm warn tar TAR_ENTRY_ERROR ENOENT: no such file or directory, open '/vercel/sandbox/backend/node_modules/@workflow/cli/node_modules/next/dist/esm/next-devtools/shared/stack-frame.js'
npm warn tar TAR_ENTRY_ERROR ENOENT: no such file or directory, open '/vercel/sandbox/backend/node_modules/@workflow/cli/node_modules/next/dist/next-devtools/shared/stack-frame.js'
npm warn tar TAR_ENTRY_ERROR ENOENT: no such file or directory, open '/vercel/sandbox/backend/node_modules/@workflow/cli/node_modules/next/dist/compiled/stacktrace-parser/stack-trace-parser.cjs.js'
npm warn tar TAR_ENTRY_ERROR ENOENT: no such file or directory, open '/vercel/sandbox/backend/node_modules/@workflow/cli/node_modules/next/dist/esm/server/app-render/staged-rendering.js'
npm warn tar TAR_ENTRY_ERROR ENOENT: no such file or directory, open '/vercel/sandbox/backend/node_modules/@workflow/cli/node_modules/next/dist/esm/server/app-render/staged-validation.js'
npm warn tar TAR_ENTRY_ERROR ENOENT: no such file or directory, open '/vercel/sandbox/backend/node_modules/@workflow/cli/node_modules/next/dist/server/lib/start-server.js'
npm warn tar TAR_ENTRY_ERROR ENOENT: no such file or directory, open '/vercel/sandbox/backend/node_modules/@workflow/cli/node_modules/next/dist/esm/lib/memory/startup.js'
npm warn tar TAR_ENTRY_ERROR ENOENT: no such file or directory, open '/vercel/sandbox/backend/node_modules/@workflow/cli/node_modules/next/dist/lib/memory/startup.js'
npm warn tar TAR_ENTRY_ERROR ENOENT: no such file or directory, open '/vercel/sandbox/backend/node_modules/@workflow/cli/node_modules/next/dist/esm/client/components/static-generation-bailout.js'
npm warn tar TAR_ENTRY_ERROR ENOENT: no such file or directory, open '/vercel/sandbox/backend/node_modules/@workflow/cli/node_modules/next/dist/esm/server/dev/static-paths-worker.js'
npm warn tar TAR_ENTRY_ERROR ENOENT: no such file or directory, open '/vercel/sandbox/backend/node_modules/@workflow/cli/node_modules/next/dist/server/dev/static-paths-worker.js'
npm warn tar TAR_ENTRY_ERROR ENOENT: no such file or directory, open '/vercel/sandbox/backend/node_modules/@workflow/cli/node_modules/next/dist/compiled/react-server-dom-turbopack-experimental/static.browser.js'
npm warn tar TAR_ENTRY_ERROR ENOENT: no such file or directory, open '/vercel/sandbox/backend/node_modules/@workflow/cli/node_modules/next/dist/compiled/react-server-dom-turbopack/static.browser.js'
npm warn tar TAR_ENTRY_ERROR ENOENT: no such file or directory, open '/vercel/sandbox/backend/node_modules/@workflow/cli/node_modules/next/dist/compiled/react-dom-experimental/static.edge.js'
npm warn tar TAR_ENTRY_ERROR ENOENT: no such file or directory, open '/vercel/sandbox/backend/node_modules/@workflow/cli/node_modules/next/dist/compiled/react-dom/static.edge.js'
npm warn tar TAR_ENTRY_ERROR ENOENT: no such file or directory, open '/vercel/sandbox/backend/node_modules/@workflow/cli/node_modules/next/dist/compiled/react-server-dom-turbopack-experimental/static.edge.js'
npm warn tar TAR_ENTRY_ERROR ENOENT: no such file or directory, open '/vercel/sandbox/backend/node_modules/@workflow/cli/node_modules/next/dist/compiled/react-server-dom-turbopack/static.edge.js'
npm warn tar TAR_ENTRY_ERROR ENOENT: no such file or directory, open '/vercel/sandbox/backend/node_modules/@workflow/cli/node_modules/next/dist/compiled/react-server-dom-turbopack-experimental/static.js'
npm warn tar TAR_ENTRY_ERROR ENOENT: no such file or directory, open '/vercel/sandbox/backend/node_modules/@workflow/cli/node_modules/next/dist/compiled/react-server-dom-turbopack/static.js'
npm warn tar TAR_ENTRY_ERROR ENOENT: no such file or directory, open '/vercel/sandbox/backend/node_modules/@workflow/cli/node_modules/next/dist/compiled/react-dom-experimental/static.node.js'
npm warn tar TAR_ENTRY_ERROR ENOENT: no such file or directory, open '/vercel/sandbox/backend/node_modules/@workflow/cli/node_modules/next/dist/compiled/react-dom/static.node.js'
npm warn tar TAR_ENTRY_ERROR ENOENT: no such file or directory, open '/vercel/sandbox/backend/node_modules/@workflow/cli/node_modules/next/dist/compiled/react-server-dom-turbopack-experimental/static.node.js'
npm warn tar TAR_ENTRY_ERROR ENOENT: no such file or directory, open '/vercel/sandbox/backend/node_modules/@workflow/cli/node_modules/next/dist/compiled/react-server-dom-turbopack/static.node.js'
npm warn tar TAR_ENTRY_ERROR ENOENT: no such file or directory, open '/vercel/sandbox/backend/node_modules/@workflow/cli/node_modules/next/dist/compiled/react-dom-experimental/static.react-server.js'
npm warn tar TAR_ENTRY_ERROR ENOENT: no such file or directory, open '/vercel/sandbox/backend/node_modules/@workflow/cli/node_modules/next/dist/compiled/react-dom/static.react-server.js'
npm warn tar TAR_ENTRY_ERROR ENOENT: no such file or directory, open '/vercel/sandbox/backend/node_modules/@workflow/cli/node_modules/next/dist/experimental/testmode/playwright/step.js'
npm warn tar TAR_ENTRY_ERROR ENOENT: no such file or directory, open '/vercel/sandbox/backend/node_modules/@workflow/cli/node_modules/next/dist/esm/next-devtools/userspace/app/errors/stitched-error.js'
npm warn tar TAR_ENTRY_ERROR ENOENT: no such file or directory, open '/vercel/sandbox/backend/node_modules/@workflow/cli/node_modules/next/dist/next-devtools/userspace/app/errors/stitched-error.js'
npm warn tar TAR_ENTRY_ERROR ENOENT: no such file or directory, open '/vercel/sandbox/backend/node_modules/@workflow/cli/node_modules/next/dist/telemetry/storage.js'
npm warn tar TAR_ENTRY_ERROR ENOENT: no such file or directory, open '/vercel/sandbox/backend/node_modules/@workflow/cli/node_modules/next/dist/build/output/store.js'
npm warn tar TAR_ENTRY_ERROR ENOENT: no such file or directory, open '/vercel/sandbox/backend/node_modules/@workflow/cli/node_modules/next/dist/esm/build/output/store.js'
npm warn tar TAR_ENTRY_ERROR ENOENT: no such file or directory, open '/vercel/sandbox/backend/node_modules/@workflow/cli/node_modules/next/dist/compiled/@edge-runtime/primitives/stream.js'
npm warn tar TAR_ENTRY_ERROR ENOENT: no such file or directory, open '/vercel/sandbox/backend/node_modules/@workflow/cli/node_modules/next/dist/compiled/@modelcontextprotocol/sdk/server/streamableHttp.js'
npm warn tar TAR_ENTRY_ERROR ENOENT: no such file or directory, open '/vercel/sandbox/backend/node_modules/@workflow/cli/node_modules/next/dist/server/lib/streaming-metadata.js'
npm warn tar TAR_ENTRY_ERROR ENOENT: no such file or directory, open '/vercel/sandbox/backend/node_modules/@workflow/cli/node_modules/next/dist/compiled/string_decoder/string_decoder.js'
npm warn tar TAR_ENTRY_ERROR ENOENT: no such file or directory, open '/vercel/sandbox/backend/node_modules/@workflow/cli/node_modules/next/dist/esm/server/app-render/strip-flight-headers.js'
npm warn tar TAR_ENTRY_ERROR ENOENT: no such file or directory, open '/vercel/sandbox/backend/node_modules/@workflow/cli/node_modules/next/dist/build/jest/__mocks__/styleMock.js'
npm warn tar TAR_ENTRY_ERROR ENOENT: no such file or directory, open '/vercel/sandbox/backend/node_modules/@workflow/cli/node_modules/next/dist/esm/server/normalizers/request/suffix.js'
npm warn tar TAR_ENTRY_ERROR ENOENT: no such file or directory, open '/vercel/sandbox/backend/node_modules/@workflow/cli/node_modules/next/dist/server/normalizers/request/suffix.js'
npm warn tar TAR_ENTRY_ERROR ENOENT: no such file or directory, open '/vercel/sandbox/backend/node_modules/@workflow/cli/node_modules/next/dist/compiled/@babel/runtime/helpers/esm/superPropBase.js'
npm warn tar TAR_ENTRY_ERROR ENOENT: no such file or directory, open '/vercel/sandbox/backend/node_modules/@workflow/cli/node_modules/next/dist/compiled/@babel/runtime/helpers/superPropBase.js'
npm warn tar TAR_ENTRY_ERROR ENOENT: no such file or directory, open '/vercel/sandbox/backend/node_modules/@workflow/cli/node_modules/next/dist/compiled/@babel/runtime/helpers/esm/superPropGet.js'
npm warn tar TAR_ENTRY_ERROR ENOENT: no such file or directory, open '/vercel/sandbox/backend/node_modules/@workflow/cli/node_modules/next/dist/compiled/@babel/runtime/helpers/superPropGet.js'
npm warn tar TAR_ENTRY_ERROR ENOENT: no such file or directory, open '/vercel/sandbox/backend/node_modules/@workflow/cli/node_modules/next/dist/compiled/@babel/runtime/helpers/esm/superPropSet.js'
npm warn tar TAR_ENTRY_ERROR ENOENT: no such file or directory, open '/vercel/sandbox/backend/node_modules/@workflow/cli/node_modules/next/dist/compiled/@babel/runtime/helpers/superPropSet.js'
npm warn tar TAR_ENTRY_ERROR ENOENT: no such file or directory, open '/vercel/sandbox/backend/node_modules/@workflow/cli/node_modules/next/dist/compiled/@vercel/routing-utils/superstatic.js'
npm warn tar TAR_ENTRY_ERROR ENOENT: no such file or directory, open '/vercel/sandbox/backend/node_modules/@workflow/cli/node_modules/next/dist/telemetry/events/swc-load-failure.js'
npm warn tar TAR_ENTRY_ERROR ENOENT: no such file or directory, open '/vercel/sandbox/backend/node_modules/@workflow/cli/node_modules/next/dist/telemetry/events/swc-plugins.js'
npm warn tar TAR_ENTRY_ERROR ENOENT: no such file or directory, open '/vercel/sandbox/backend/node_modules/@workflow/cli/node_modules/next/dist/compiled/@babel/runtime/helpers/esm/taggedTemplateLiteral.js'
npm warn tar TAR_ENTRY_ERROR ENOENT: no such file or directory, open '/vercel/sandbox/backend/node_modules/@workflow/cli/node_modules/next/dist/compiled/@babel/runtime/helpers/taggedTemplateLiteral.js'
npm warn tar TAR_ENTRY_ERROR ENOENT: no such file or directory, open '/vercel/sandbox/backend/node_modules/@workflow/cli/node_modules/next/dist/compiled/@babel/runtime/helpers/esm/taggedTemplateLiteralLoose.js'
npm warn tar TAR_ENTRY_ERROR ENOENT: no such file or directory, open '/vercel/sandbox/backend/node_modules/@workflow/cli/node_modules/next/dist/compiled/@babel/runtime/helpers/taggedTemplateLiteralLoose.js'
npm warn tar TAR_ENTRY_ERROR ENOENT: no such file or directory, open '/vercel/sandbox/backend/node_modules/@workflow/cli/node_modules/next/dist/esm/server/lib/incremental-cache/tags-manifest.external.js'
npm warn tar TAR_ENTRY_ERROR ENOENT: no such file or directory, open '/vercel/sandbox/backend/node_modules/@workflow/cli/node_modules/next/dist/server/lib/incremental-cache/tags-manifest.external.js'
npm warn tar TAR_ENTRY_ERROR ENOENT: no such file or directory, open '/vercel/sandbox/backend/node_modules/@workflow/cli/node_modules/next/dist/esm/server/app-render/rsc/taint.js'
npm warn tar TAR_ENTRY_ERROR ENOENT: no such file or directory, open '/vercel/sandbox/backend/node_modules/@workflow/cli/node_modules/next/dist/server/app-render/rsc/taint.js'
npm warn tar TAR_ENTRY_ERROR ENOENT: no such file or directory, open '/vercel/sandbox/backend/node_modules/@workflow/cli/node_modules/next/dist/build/turborepo-access-trace/tcp.js'
npm warn tar TAR_ENTRY_ERROR ENOENT: no such file or directory, open '/vercel/sandbox/backend/node_modules/@workflow/cli/node_modules/next/dist/esm/build/turborepo-access-trace/tcp.js'
npm warn tar TAR_ENTRY_ERROR ENOENT: no such file or directory, open '/vercel/sandbox/backend/node_modules/@workflow/cli/node_modules/next/dist/compiled/@babel/runtime/helpers/esm/tdz.js'
npm warn tar TAR_ENTRY_ERROR ENOENT: no such file or directory, open '/vercel/sandbox/backend/node_modules/@workflow/cli/node_modules/next/dist/compiled/@babel/runtime/helpers/tdz.js'
npm warn tar TAR_ENTRY_ERROR ENOENT: no such file or directory, open '/vercel/sandbox/backend/node_modules/@workflow/cli/node_modules/next/dist/compiled/@babel/runtime/helpers/esm/temporalRef.js'
npm warn tar TAR_ENTRY_ERROR ENOENT: no such file or directory, open '/vercel/sandbox/backend/node_modules/@workflow/cli/node_modules/next/dist/compiled/@babel/runtime/helpers/temporalRef.js'
npm warn tar TAR_ENTRY_ERROR ENOENT: no such file or directory, open '/vercel/sandbox/backend/node_modules/@workflow/cli/node_modules/next/dist/compiled/@babel/runtime/helpers/esm/temporalUndefined.js'
npm warn tar TAR_ENTRY_ERROR ENOENT: no such file or directory, open '/vercel/sandbox/backend/node_modules/@workflow/cli/node_modules/next/dist/compiled/@babel/runtime/helpers/temporalUndefined.js'
npm warn tar TAR_ENTRY_ERROR ENOENT: no such file or directory, open '/vercel/sandbox/backend/node_modules/@workflow/cli/node_modules/next/dist/esm/next-devtools/userspace/app/terminal-logging-config.js'
npm warn tar TAR_ENTRY_ERROR ENOENT: no such file or directory, open '/vercel/sandbox/backend/node_modules/@workflow/cli/node_modules/next/dist/next-devtools/userspace/app/terminal-logging-config.js'
npm warn tar TAR_ENTRY_ERROR ENOENT: no such file or directory, open '/vercel/sandbox/backend/node_modules/@workflow/cli/node_modules/next/dist/compiled/jest-worker/threadChild.js'
npm warn tar TAR_ENTRY_ERROR ENOENT: no such file or directory, open '/vercel/sandbox/backend/node_modules/@workflow/cli/node_modules/next/dist/compiled/@edge-runtime/primitives/timers.js.text.js'
npm warn tar TAR_ENTRY_ERROR ENOENT: no such file or directory, open '/vercel/sandbox/backend/node_modules/@workflow/cli/node_modules/next/dist/trace/report/to-json-build.js'
npm warn tar TAR_ENTRY_ERROR ENOENT: no such file or directory, open '/vercel/sandbox/backend/node_modules/@workflow/cli/node_modules/next/dist/trace/report/to-json.js'
npm warn tar TAR_ENTRY_ERROR ENOENT: no such file or directory, open '/vercel/sandbox/backend/node_modules/@workflow/cli/node_modules/next/dist/server/lib/to-route.js'
npm warn tar TAR_ENTRY_ERROR ENOENT: no such file or directory, open '/vercel/sandbox/backend/node_modules/@workflow/cli/node_modules/next/dist/trace/report/to-telemetry.js'
npm warn tar TAR_ENTRY_ERROR ENOENT: no such file or directory, open '/vercel/sandbox/backend/node_modules/@workflow/cli/node_modules/next/dist/compiled/@babel/runtime/helpers/esm/toArray.js'
npm warn tar TAR_ENTRY_ERROR ENOENT: no such file or directory, open '/vercel/sandbox/backend/node_modules/@workflow/cli/node_modules/next/dist/compiled/@babel/runtime/helpers/toArray.js'
npm warn tar TAR_ENTRY_ERROR ENOENT: no such file or directory, open '/vercel/sandbox/backend/node_modules/@workflow/cli/node_modules/next/dist/compiled/@babel/runtime/helpers/esm/toConsumableArray.js'
npm warn tar TAR_ENTRY_ERROR ENOENT: no such file or directory, open '/vercel/sandbox/backend/node_modules/@workflow/cli/node_modules/next/dist/compiled/@babel/runtime/helpers/toConsumableArray.js'
npm warn tar TAR_ENTRY_ERROR ENOENT: no such file or directory, open '/vercel/sandbox/backend/node_modules/@workflow/cli/node_modules/next/dist/compiled/@babel/runtime/helpers/esm/toPrimitive.js'
npm warn tar TAR_ENTRY_ERROR ENOENT: no such file or directory, open '/vercel/sandbox/backend/node_modules/@workflow/cli/node_modules/next/dist/compiled/@babel/runtime/helpers/toPrimitive.js'
npm warn tar TAR_ENTRY_ERROR ENOENT: no such file or directory, open '/vercel/sandbox/backend/node_modules/@workflow/cli/node_modules/next/dist/compiled/@babel/runtime/helpers/esm/toPropertyKey.js'
npm warn tar TAR_ENTRY_ERROR ENOENT: no such file or directory, open '/vercel/sandbox/backend/node_modules/@workflow/cli/node_modules/next/dist/compiled/@babel/runtime/helpers/toPropertyKey.js'
npm warn tar TAR_ENTRY_ERROR ENOENT: no such file or directory, open '/vercel/sandbox/backend/node_modules/@workflow/cli/node_modules/next/dist/compiled/@babel/runtime/helpers/esm/toSetter.js'
npm warn tar TAR_ENTRY_ERROR ENOENT: no such file or directory, open '/vercel/sandbox/backend/node_modules/@workflow/cli/node_modules/next/dist/compiled/@babel/runtime/helpers/toSetter.js'
npm warn tar TAR_ENTRY_ERROR ENOENT: no such file or directory, open '/vercel/sandbox/backend/node_modules/@workflow/cli/node_modules/next/dist/trace/trace-uploader.js'
npm warn tar TAR_ENTRY_ERROR ENOENT: no such file or directory, open '/vercel/sandbox/backend/node_modules/@workflow/cli/node_modules/next/dist/esm/lib/memory/trace.js'
npm warn tar TAR_ENTRY_ERROR ENOENT: no such file or directory, open '/vercel/sandbox/backend/node_modules/@workflow/cli/node_modules/next/dist/lib/memory/trace.js'
npm warn tar TAR_ENTRY_ERROR ENOENT: no such file or directory, open '/vercel/sandbox/backend/node_modules/@workflow/cli/node_modules/next/dist/trace/trace.js'
npm warn tar TAR_ENTRY_ERROR ENOENT: no such file or directory, open '/vercel/sandbox/backend/node_modules/@workflow/cli/node_modules/next/dist/trace/trace.test.js'
npm warn tar TAR_ENTRY_ERROR ENOENT: no such file or directory, open '/vercel/sandbox/backend/node_modules/@workflow/cli/node_modules/next/dist/esm/server/lib/trace/tracer.js'
npm warn tar TAR_ENTRY_ERROR ENOENT: no such file or directory, open '/vercel/sandbox/backend/node_modules/@workflow/cli/node_modules/next/dist/server/lib/trace/tracer.js'
npm warn tar TAR_ENTRY_ERROR ENOENT: no such file or directory, open '/vercel/sandbox/backend/node_modules/@workflow/cli/node_modules/next/dist/build/webpack/loaders/next-flight-loader/track-dynamic-import.js'
npm warn tar TAR_ENTRY_ERROR ENOENT: no such file or directory, open '/vercel/sandbox/backend/node_modules/@workflow/cli/node_modules/next/dist/esm/build/webpack/loaders/next-flight-loader/track-dynamic-import.js'
npm warn tar TAR_ENTRY_ERROR ENOENT: no such file or directory, lstat '/vercel/sandbox/backend/node_modules/@workflow/cli/node_modules/next/dist/esm/server/app-render/module-loading'
npm warn tar TAR_ENTRY_ERROR ENOENT: no such file or directory, lstat '/vercel/sandbox/backend/node_modules/@workflow/cli/node_modules/next/dist/esm/server/app-render/module-loading'
npm warn tar TAR_ENTRY_ERROR ENOENT: no such file or directory, lstat '/vercel/sandbox/backend/node_modules/@workflow/cli/node_modules/next/dist/esm/server/app-render/module-loading'
npm warn tar TAR_ENTRY_ERROR ENOENT: no such file or directory, open '/vercel/sandbox/backend/node_modules/@workflow/cli/node_modules/next/dist/build/babel/loader/transform.js'
npm warn tar TAR_ENTRY_ERROR ENOENT: no such file or directory, open '/vercel/sandbox/backend/node_modules/@workflow/cli/node_modules/next/dist/esm/build/babel/loader/transform.js'
npm warn tar TAR_ENTRY_ERROR ENOENT: no such file or directory, open '/vercel/sandbox/backend/node_modules/@workflow/cli/node_modules/next/dist/compiled/babel/traverse.js'
npm warn tar TAR_ENTRY_ERROR ENOENT: no such file or directory, open '/vercel/sandbox/backend/node_modules/@workflow/cli/node_modules/next/dist/esm/server/api-utils/node/try-get-preview-data.js'
npm warn tar TAR_ENTRY_ERROR ENOENT: no such file or directory, open '/vercel/sandbox/backend/node_modules/@workflow/cli/node_modules/next/dist/server/api-utils/node/try-get-preview-data.js'
npm warn tar TAR_ENTRY_ERROR ENOENT: no such file or directory, open '/vercel/sandbox/backend/node_modules/@workflow/cli/node_modules/next/dist/compiled/@babel/runtime/helpers/esm/tsRewriteRelativeImportExtensions.js'
npm warn tar TAR_ENTRY_ERROR ENOENT: no such file or directory, open '/vercel/sandbox/backend/node_modules/@workflow/cli/node_modules/next/dist/compiled/@babel/runtime/helpers/tsRewriteRelativeImportExtensions.js'
npm warn tar TAR_ENTRY_ERROR ENOENT: no such file or directory, lstat '/vercel/sandbox/backend/node_modules/@workflow/cli/node_modules/next/dist/cli/internal'
npm warn tar TAR_ENTRY_ERROR ENOENT: no such file or directory, open '/vercel/sandbox/backend/node_modules/@workflow/cli/node_modules/next/dist/client/dev/hot-reloader/turbopack-hot-reloader-common.js'
npm warn tar TAR_ENTRY_ERROR ENOENT: no such file or directory, open '/vercel/sandbox/backend/node_modules/@workflow/cli/node_modules/next/dist/esm/client/dev/hot-reloader/turbopack-hot-reloader-common.js'
npm warn tar TAR_ENTRY_ERROR ENOENT: no such file or directory, open '/vercel/sandbox/backend/node_modules/@workflow/cli/node_modules/next/dist/esm/server/dev/turbopack-utils.js'
npm warn tar TAR_ENTRY_ERROR ENOENT: no such file or directory, open '/vercel/sandbox/backend/node_modules/@workflow/cli/node_modules/next/dist/server/dev/turbopack-utils.js'
npm warn tar TAR_ENTRY_ERROR ENOENT: no such file or directory, open '/vercel/sandbox/backend/node_modules/@workflow/cli/node_modules/next/dist/esm/lib/metadata/types/twitter-types.js'
npm warn tar TAR_ENTRY_ERROR ENOENT: no such file or directory, open '/vercel/sandbox/backend/node_modules/@workflow/cli/node_modules/next/dist/lib/metadata/types/twitter-types.js'
npm warn tar TAR_ENTRY_ERROR ENOENT: no such file or directory, open '/vercel/sandbox/backend/node_modules/@workflow/cli/node_modules/next/dist/esm/server/lib/router-utils/typegen.js'
npm warn tar TAR_ENTRY_ERROR ENOENT: no such file or directory, open '/vercel/sandbox/backend/node_modules/@workflow/cli/node_modules/next/dist/server/lib/router-utils/typegen.js'
npm warn tar TAR_ENTRY_ERROR ENOENT: no such file or directory, open '/vercel/sandbox/backend/node_modules/@workflow/cli/node_modules/next/dist/compiled/@babel/runtime/helpers/esm/typeof.js'
npm warn tar TAR_ENTRY_ERROR ENOENT: no such file or directory, open '/vercel/sandbox/backend/node_modules/@workflow/cli/node_modules/next/dist/compiled/@babel/runtime/helpers/typeof.js'
npm warn tar TAR_ENTRY_ERROR ENOENT: no such file or directory, open '/vercel/sandbox/backend/node_modules/@workflow/cli/node_modules/next/dist/build/static-paths/types.js'
npm warn tar TAR_ENTRY_ERROR ENOENT: no such file or directory, open '/vercel/sandbox/backend/node_modules/@workflow/cli/node_modules/next/dist/build/swc/types.js'
npm warn tar TAR_ENTRY_ERROR ENOENT: no such file or directory, open '/vercel/sandbox/backend/node_modules/@workflow/cli/node_modules/next/dist/build/turborepo-access-trace/types.js'
npm warn tar TAR_ENTRY_ERROR ENOENT: no such file or directory, open '/vercel/sandbox/backend/node_modules/@workflow/cli/node_modules/next/dist/build/webpack/loaders/metadata/types.js'
npm warn tar TAR_ENTRY_ERROR ENOENT: no such file or directory, open '/vercel/sandbox/backend/node_modules/@workflow/cli/node_modules/next/dist/client/components/segment-cache/types.js'
npm warn tar TAR_ENTRY_ERROR ENOENT: no such file or directory, open '/vercel/sandbox/backend/node_modules/@workflow/cli/node_modules/next/dist/compiled/@next/font/dist/types.js'
npm warn tar TAR_ENTRY_ERROR ENOENT: no such file or directory, open '/vercel/sandbox/backend/node_modules/@workflow/cli/node_modules/next/dist/compiled/babel/types.js'
npm warn tar TAR_ENTRY_ERROR ENOENT: no such file or directory, open '/vercel/sandbox/backend/node_modules/@workflow/cli/node_modules/next/dist/esm/build/static-paths/types.js'
npm warn tar TAR_ENTRY_ERROR ENOENT: no such file or directory, open '/vercel/sandbox/backend/node_modules/@workflow/cli/node_modules/next/dist/esm/build/swc/types.js'
npm warn tar TAR_ENTRY_ERROR ENOENT: no such file or directory, open '/vercel/sandbox/backend/node_modules/@workflow/cli/node_modules/next/dist/esm/build/turborepo-access-trace/types.js'
npm warn tar TAR_ENTRY_ERROR ENOENT: no such file or directory, open '/vercel/sandbox/backend/node_modules/@workflow/cli/node_modules/next/dist/esm/build/webpack/loaders/metadata/types.js'
npm warn tar TAR_ENTRY_ERROR ENOENT: no such file or directory, open '/vercel/sandbox/backend/node_modules/@workflow/cli/node_modules/next/dist/esm/client/components/segment-cache/types.js'
npm warn tar TAR_ENTRY_ERROR ENOENT: no such file or directory, open '/vercel/sandbox/backend/node_modules/@workflow/cli/node_modules/next/dist/esm/export/routes/types.js'
npm warn tar TAR_ENTRY_ERROR ENOENT: no such file or directory, open '/vercel/sandbox/backend/node_modules/@workflow/cli/node_modules/next/dist/esm/export/types.js'
npm warn tar TAR_ENTRY_ERROR ENOENT: no such file or directory, open '/vercel/sandbox/backend/node_modules/@workflow/cli/node_modules/next/dist/esm/next-devtools/shared/types.js'
npm warn tar TAR_ENTRY_ERROR ENOENT: no such file or directory, open '/vercel/sandbox/backend/node_modules/@workflow/cli/node_modules/next/dist/esm/server/app-render/types.js'
npm warn tar TAR_ENTRY_ERROR ENOENT: no such file or directory, open '/vercel/sandbox/backend/node_modules/@workflow/cli/node_modules/next/dist/esm/server/lib/cache-handlers/types.js'
npm warn tar TAR_ENTRY_ERROR ENOENT: no such file or directory, open '/vercel/sandbox/backend/node_modules/@workflow/cli/node_modules/next/dist/esm/server/lib/router-utils/types.js'
npm warn tar TAR_ENTRY_ERROR ENOENT: no such file or directory, open '/vercel/sandbox/backend/node_modules/@workflow/cli/node_modules/next/dist/esm/server/response-cache/types.js'
npm warn tar TAR_ENTRY_ERROR ENOENT: no such file or directory, open '/vercel/sandbox/backend/node_modules/@workflow/cli/node_modules/next/dist/esm/server/web/types.js'
npm warn tar TAR_ENTRY_ERROR ENOENT: no such file or directory, open '/vercel/sandbox/backend/node_modules/@workflow/cli/node_modules/next/dist/esm/shared/lib/lazy-dynamic/types.js'
npm warn tar TAR_ENTRY_ERROR ENOENT: no such file or directory, open '/vercel/sandbox/backend/node_modules/@workflow/cli/node_modules/next/dist/experimental/testmode/proxy/types.js'
npm warn tar TAR_ENTRY_ERROR ENOENT: no such file or directory, open '/vercel/sandbox/backend/node_modules/@workflow/cli/node_modules/next/dist/export/routes/types.js'
npm warn tar TAR_ENTRY_ERROR ENOENT: no such file or directory, open '/vercel/sandbox/backend/node_modules/@workflow/cli/node_modules/next/dist/export/types.js'
npm warn tar TAR_ENTRY_ERROR ENOENT: no such file or directory, open '/vercel/sandbox/backend/node_modules/@workflow/cli/node_modules/next/dist/next-devtools/shared/types.js'
npm warn tar TAR_ENTRY_ERROR ENOENT: no such file or directory, open '/vercel/sandbox/backend/node_modules/@workflow/cli/node_modules/next/dist/server/lib/cache-handlers/types.js'
npm warn tar TAR_ENTRY_ERROR ENOENT: no such file or directory, open '/vercel/sandbox/backend/node_modules/@workflow/cli/node_modules/next/dist/server/lib/router-utils/types.js'
npm warn tar TAR_ENTRY_ERROR ENOENT: no such file or directory, open '/vercel/sandbox/backend/node_modules/@workflow/cli/node_modules/next/dist/server/lib/types.js'
npm warn tar TAR_ENTRY_ERROR ENOENT: no such file or directory, open '/vercel/sandbox/backend/node_modules/@workflow/cli/node_modules/next/dist/server/response-cache/types.js'
npm warn tar TAR_ENTRY_ERROR ENOENT: no such file or directory, open '/vercel/sandbox/backend/node_modules/@workflow/cli/node_modules/next/dist/shared/lib/lazy-dynamic/types.js'
npm warn tar TAR_ENTRY_ERROR ENOENT: no such file or directory, open '/vercel/sandbox/backend/node_modules/@workflow/cli/node_modules/next/dist/trace/report/types.js'
npm warn tar TAR_ENTRY_ERROR ENOENT: no such file or directory, open '/vercel/sandbox/backend/node_modules/@workflow/cli/node_modules/next/dist/trace/types.js'
npm warn tar TAR_ENTRY_ERROR ENOENT: no such file or directory, open '/vercel/sandbox/backend/node_modules/@workflow/cli/node_modules/next/dist/esm/server/stream-utils/uint8array-helpers.js'
npm warn tar TAR_ENTRY_ERROR ENOENT: no such file or directory, open '/vercel/sandbox/backend/node_modules/@workflow/cli/node_modules/next/dist/server/stream-utils/uint8array-helpers.js'
npm warn tar TAR_ENTRY_ERROR ENOENT: no such file or directory, open '/vercel/sandbox/backend/node_modules/@workflow/cli/node_modules/next/dist/client/components/builtin/unauthorized.js'
npm warn tar TAR_ENTRY_ERROR ENOENT: no such file or directory, open '/vercel/sandbox/backend/node_modules/@workflow/cli/node_modules/next/dist/esm/client/components/builtin/unauthorized.js'
npm warn tar TAR_ENTRY_ERROR ENOENT: no such file or directory, open '/vercel/sandbox/backend/node_modules/@workflow/cli/node_modules/next/dist/esm/client/components/unauthorized.js'
npm warn tar TAR_ENTRY_ERROR ENOENT: no such file or directory, open '/vercel/sandbox/backend/node_modules/@workflow/cli/node_modules/next/dist/esm/server/normalizers/underscore-normalizer.js'
npm warn tar TAR_ENTRY_ERROR ENOENT: no such file or directory, open '/vercel/sandbox/backend/node_modules/@workflow/cli/node_modules/next/dist/server/normalizers/underscore-normalizer.js'
npm warn tar TAR_ENTRY_ERROR ENOENT: no such file or directory, open '/vercel/sandbox/backend/node_modules/@workflow/cli/node_modules/next/dist/esm/server/node-environment-extensions/unhandled-rejection.js'
npm warn tar TAR_ENTRY_ERROR ENOENT: no such file or directory, open '/vercel/sandbox/backend/node_modules/@workflow/cli/node_modules/next/dist/server/node-environment-extensions/unhandled-rejection.js'
npm warn tar TAR_ENTRY_ERROR ENOENT: no such file or directory, open '/vercel/sandbox/backend/node_modules/@workflow/cli/node_modules/next/dist/esm/client/components/unrecognized-action-error.js'
npm warn tar TAR_ENTRY_ERROR ENOENT: no such file or directory, open '/vercel/sandbox/backend/node_modules/@workflow/cli/node_modules/next/dist/esm/client/components/unresolved-thenable.js'
npm warn tar TAR_ENTRY_ERROR ENOENT: no such file or directory, open '/vercel/sandbox/backend/node_modules/@workflow/cli/node_modules/next/dist/compiled/scheduler-experimental/unstable_mock.js'
npm warn tar TAR_ENTRY_ERROR ENOENT: no such file or directory, open '/vercel/sandbox/backend/node_modules/@workflow/cli/node_modules/next/dist/compiled/scheduler/unstable_mock.js'
npm warn tar TAR_ENTRY_ERROR ENOENT: no such file or directory, open '/vercel/sandbox/backend/node_modules/@workflow/cli/node_modules/next/dist/compiled/scheduler-experimental/unstable_post_task.js'
npm warn tar TAR_ENTRY_ERROR ENOENT: no such file or directory, open '/vercel/sandbox/backend/node_modules/@workflow/cli/node_modules/next/dist/compiled/scheduler/unstable_post_task.js'
npm warn tar TAR_ENTRY_ERROR ENOENT: no such file or directory, open '/vercel/sandbox/backend/node_modules/@workflow/cli/node_modules/next/dist/compiled/react-dom-experimental/unstable_testing.react-server.js'
npm warn tar TAR_ENTRY_ERROR ENOENT: no such file or directory, open '/vercel/sandbox/backend/node_modules/@workflow/cli/node_modules/next/dist/esm/server/web/spec-extension/unstable-cache.js'
npm warn tar TAR_ENTRY_ERROR ENOENT: no such file or directory, open '/vercel/sandbox/backend/node_modules/@workflow/cli/node_modules/next/dist/esm/server/web/spec-extension/unstable-no-store.js'
npm warn tar TAR_ENTRY_ERROR ENOENT: no such file or directory, open '/vercel/sandbox/backend/node_modules/@workflow/cli/node_modules/next/dist/esm/client/components/unstable-rethrow.browser.js'
npm warn tar TAR_ENTRY_ERROR ENOENT: no such file or directory, open '/vercel/sandbox/backend/node_modules/@workflow/cli/node_modules/next/dist/esm/client/components/unstable-rethrow.js'
npm warn tar TAR_ENTRY_ERROR ENOENT: no such file or directory, open '/vercel/sandbox/backend/node_modules/@workflow/cli/node_modules/next/dist/esm/client/components/unstable-rethrow.server.js'
npm warn tar TAR_ENTRY_ERROR ENOENT: no such file or directory, open '/vercel/sandbox/backend/node_modules/@workflow/cli/node_modules/next/dist/compiled/@babel/runtime/helpers/esm/unsupportedIterableToArray.js'
npm warn tar TAR_ENTRY_ERROR ENOENT: no such file or directory, open '/vercel/sandbox/backend/node_modules/@workflow/cli/node_modules/next/dist/compiled/@babel/runtime/helpers/unsupportedIterableToArray.js'
npm warn tar TAR_ENTRY_ERROR ENOENT: no such file or directory, open '/vercel/sandbox/backend/node_modules/@workflow/cli/node_modules/next/dist/trace/upload-trace.js'
npm warn tar TAR_ENTRY_ERROR ENOENT: no such file or directory, open '/vercel/sandbox/backend/node_modules/@workflow/cli/node_modules/next/dist/esm/server/web/spec-extension/url-pattern.js'
npm warn tar TAR_ENTRY_ERROR ENOENT: no such file or directory, open '/vercel/sandbox/backend/node_modules/@workflow/cli/node_modules/next/dist/compiled/@edge-runtime/primitives/url.js.text.js'
npm warn tar TAR_ENTRY_ERROR ENOENT: no such file or directory, open '/vercel/sandbox/backend/node_modules/@workflow/cli/node_modules/next/dist/esm/shared/lib/errors/usage-error.js'
npm warn tar TAR_ENTRY_ERROR ENOENT: no such file or directory, open '/vercel/sandbox/backend/node_modules/@workflow/cli/node_modules/next/dist/shared/lib/errors/usage-error.js'
npm warn tar TAR_ENTRY_ERROR ENOENT: no such file or directory, open '/vercel/sandbox/backend/node_modules/@workflow/cli/node_modules/next/dist/esm/client/components/use-action-queue.js'
npm warn tar TAR_ENTRY_ERROR ENOENT: no such file or directory, lstat '/vercel/sandbox/backend/node_modules/@workflow/cli/node_modules/next/dist/next-devtools/userspace'
npm warn tar TAR_ENTRY_ERROR ENOENT: no such file or directory, open '/vercel/sandbox/backend/node_modules/@workflow/cli/node_modules/next/dist/esm/server/use-cache/use-cache-errors.js'
npm warn tar TAR_ENTRY_ERROR ENOENT: no such file or directory, open '/vercel/sandbox/backend/node_modules/@workflow/cli/node_modules/next/dist/server/use-cache/use-cache-errors.js'
npm warn tar TAR_ENTRY_ERROR ENOENT: no such file or directory, open '/vercel/sandbox/backend/node_modules/@workflow/cli/node_modules/next/dist/esm/server/use-cache/use-cache-wrapper.js'
npm warn tar TAR_ENTRY_ERROR ENOENT: no such file or directory, open '/vercel/sandbox/backend/node_modules/@workflow/cli/node_modules/next/dist/server/use-cache/use-cache-wrapper.js'
npm warn tar TAR_ENTRY_ERROR ENOENT: no such file or directory, open '/vercel/sandbox/backend/node_modules/@workflow/cli/node_modules/next/dist/esm/next-devtools/userspace/app/errors/use-error-handler.js'
npm warn tar TAR_ENTRY_ERROR ENOENT: no such file or directory, open '/vercel/sandbox/backend/node_modules/@workflow/cli/node_modules/next/dist/next-devtools/userspace/app/errors/use-error-handler.js'
npm warn tar TAR_ENTRY_ERROR ENOENT: no such file or directory, open '/vercel/sandbox/backend/node_modules/@workflow/cli/node_modules/next/dist/esm/server/app-render/use-flight-response.js'
npm warn tar TAR_ENTRY_ERROR ENOENT: no such file or directory, open '/vercel/sandbox/backend/node_modules/@workflow/cli/node_modules/next/dist/esm/server/web/spec-extension/user-agent.js'
npm warn tar TAR_ENTRY_ERROR ENOENT: no such file or directory, open '/vercel/sandbox/backend/node_modules/@workflow/cli/node_modules/next/dist/compiled/@babel/runtime/helpers/esm/using.js'
npm warn tar TAR_ENTRY_ERROR ENOENT: no such file or directory, open '/vercel/sandbox/backend/node_modules/@workflow/cli/node_modules/next/dist/compiled/@babel/runtime/helpers/using.js'
npm warn tar TAR_ENTRY_ERROR ENOENT: no such file or directory, open '/vercel/sandbox/backend/node_modules/@workflow/cli/node_modules/next/dist/compiled/@babel/runtime/helpers/esm/usingCtx.js'
npm warn tar TAR_ENTRY_ERROR ENOENT: no such file or directory, open '/vercel/sandbox/backend/node_modules/@workflow/cli/node_modules/next/dist/compiled/@babel/runtime/helpers/usingCtx.js'
npm warn tar TAR_ENTRY_ERROR ENOENT: no such file or directory, open '/vercel/sandbox/backend/node_modules/@workflow/cli/node_modules/next/dist/build/babel/loader/util.js'
npm warn tar TAR_ENTRY_ERROR ENOENT: no such file or directory, open '/vercel/sandbox/backend/node_modules/@workflow/cli/node_modules/next/dist/compiled/util/util.js'
npm warn tar TAR_ENTRY_ERROR ENOENT: no such file or directory, open '/vercel/sandbox/backend/node_modules/@workflow/cli/node_modules/next/dist/esm/build/babel/loader/util.js'
npm warn tar TAR_ENTRY_ERROR ENOENT: no such file or directory, open '/vercel/sandbox/backend/node_modules/@workflow/cli/node_modules/next/dist/build/static-paths/utils.js'
npm warn tar TAR_ENTRY_ERROR ENOENT: no such file or directory, open '/vercel/sandbox/backend/node_modules/@workflow/cli/node_modules/next/dist/build/webpack/config/utils.js'
npm warn tar TAR_ENTRY_ERROR ENOENT: no such file or directory, open '/vercel/sandbox/backend/node_modules/@workflow/cli/node_modules/next/dist/build/webpack/loaders/css-loader/src/utils.js'
npm warn tar TAR_ENTRY_ERROR ENOENT: no such file or directory, open '/vercel/sandbox/backend/node_modules/@workflow/cli/node_modules/next/dist/build/webpack/loaders/lightningcss-loader/src/utils.js'
npm warn tar TAR_ENTRY_ERROR ENOENT: no such file or directory, open '/vercel/sandbox/backend/node_modules/@workflow/cli/node_modules/next/dist/build/webpack/loaders/postcss-loader/src/utils.js'
npm warn tar TAR_ENTRY_ERROR ENOENT: no such file or directory, open '/vercel/sandbox/backend/node_modules/@workflow/cli/node_modules/next/dist/build/webpack/loaders/utils.js'
npm warn tar TAR_ENTRY_ERROR ENOENT: no such file or directory, open '/vercel/sandbox/backend/node_modules/@workflow/cli/node_modules/next/dist/esm/build/static-paths/utils.js'
npm warn tar TAR_ENTRY_ERROR ENOENT: no such file or directory, open '/vercel/sandbox/backend/node_modules/@workflow/cli/node_modules/next/dist/esm/build/webpack/config/utils.js'
npm warn tar TAR_ENTRY_ERROR ENOENT: no such file or directory, open '/vercel/sandbox/backend/node_modules/@workflow/cli/node_modules/next/dist/esm/build/webpack/loaders/css-loader/src/utils.js'
npm warn tar TAR_ENTRY_ERROR ENOENT: no such file or directory, open '/vercel/sandbox/backend/node_modules/@workflow/cli/node_modules/next/dist/esm/build/webpack/loaders/lightningcss-loader/src/utils.js'
npm warn tar TAR_ENTRY_ERROR ENOENT: no such file or directory, open '/vercel/sandbox/backend/node_modules/@workflow/cli/node_modules/next/dist/esm/build/webpack/loaders/postcss-loader/src/utils.js'
npm warn tar TAR_ENTRY_ERROR ENOENT: no such file or directory, open '/vercel/sandbox/backend/node_modules/@workflow/cli/node_modules/next/dist/esm/build/webpack/loaders/utils.js'
npm warn tar TAR_ENTRY_ERROR ENOENT: no such file or directory, open '/vercel/sandbox/backend/node_modules/@workflow/cli/node_modules/next/dist/esm/export/utils.js'
npm warn tar TAR_ENTRY_ERROR ENOENT: no such file or directory, open '/vercel/sandbox/backend/node_modules/@workflow/cli/node_modules/next/dist/esm/lib/metadata/generate/utils.js'
npm warn tar TAR_ENTRY_ERROR ENOENT: no such file or directory, open '/vercel/sandbox/backend/node_modules/@workflow/cli/node_modules/next/dist/esm/server/lib/trace/utils.js'
npm warn tar TAR_ENTRY_ERROR ENOENT: no such file or directory, open '/vercel/sandbox/backend/node_modules/@workflow/cli/node_modules/next/dist/esm/server/node-environment-extensions/utils.js'
npm warn tar TAR_ENTRY_ERROR ENOENT: no such file or directory, open '/vercel/sandbox/backend/node_modules/@workflow/cli/node_modules/next/dist/esm/server/request/utils.js'
npm warn tar TAR_ENTRY_ERROR ENOENT: no such file or directory, open '/vercel/sandbox/backend/node_modules/@workflow/cli/node_modules/next/dist/esm/server/response-cache/utils.js'
npm warn tar TAR_ENTRY_ERROR ENOENT: no such file or directory, open '/vercel/sandbox/backend/node_modules/@workflow/cli/node_modules/next/dist/esm/server/typescript/utils.js'
npm warn tar TAR_ENTRY_ERROR ENOENT: no such file or directory, open '/vercel/sandbox/backend/node_modules/@workflow/cli/node_modules/next/dist/esm/server/web/utils.js'
npm warn tar TAR_ENTRY_ERROR ENOENT: no such file or directory, open '/vercel/sandbox/backend/node_modules/@workflow/cli/node_modules/next/dist/esm/shared/lib/turbopack/utils.js'
npm warn tar TAR_ENTRY_ERROR ENOENT: no such file or directory, open '/vercel/sandbox/backend/node_modules/@workflow/cli/node_modules/next/dist/experimental/testing/server/utils.js'
npm warn tar TAR_ENTRY_ERROR ENOENT: no such file or directory, open '/vercel/sandbox/backend/node_modules/@workflow/cli/node_modules/next/dist/export/utils.js'
npm warn tar TAR_ENTRY_ERROR ENOENT: no such file or directory, open '/vercel/sandbox/backend/node_modules/@workflow/cli/node_modules/next/dist/lib/metadata/generate/utils.js'
npm warn tar TAR_ENTRY_ERROR ENOENT: no such file or directory, lstat '/vercel/sandbox/backend/node_modules/@workflow/cli/node_modules/next/dist/server/lib/server-ipc'
npm warn tar TAR_ENTRY_ERROR ENOENT: no such file or directory, open '/vercel/sandbox/backend/node_modules/@workflow/cli/node_modules/next/dist/server/lib/trace/utils.js'
npm warn tar TAR_ENTRY_ERROR ENOENT: no such file or directory, open '/vercel/sandbox/backend/node_modules/@workflow/cli/node_modules/next/dist/server/lib/utils.js'
npm warn tar TAR_ENTRY_ERROR ENOENT: no such file or directory, open '/vercel/sandbox/backend/node_modules/@workflow/cli/node_modules/next/dist/server/node-environment-extensions/utils.js'
npm warn tar TAR_ENTRY_ERROR ENOENT: no such file or directory, open '/vercel/sandbox/backend/node_modules/@workflow/cli/node_modules/next/dist/server/request/utils.js'
npm warn tar TAR_ENTRY_ERROR ENOENT: no such file or directory, open '/vercel/sandbox/backend/node_modules/@workflow/cli/node_modules/next/dist/server/response-cache/utils.js'
npm warn tar TAR_ENTRY_ERROR ENOENT: no such file or directory, open '/vercel/sandbox/backend/node_modules/@workflow/cli/node_modules/next/dist/server/typescript/utils.js'
npm warn tar TAR_ENTRY_ERROR ENOENT: no such file or directory, open '/vercel/sandbox/backend/node_modules/@workflow/cli/node_modules/next/dist/shared/lib/turbopack/utils.js'
npm warn tar TAR_ENTRY_ERROR ENOENT: no such file or directory, open '/vercel/sandbox/backend/node_modules/@workflow/cli/node_modules/next/dist/compiled/@next/font/dist/google/validate-google-font-function-call.js'
npm warn tar TAR_ENTRY_ERROR ENOENT: no such file or directory, open '/vercel/sandbox/backend/node_modules/@workflow/cli/node_modules/next/dist/compiled/@next/font/dist/local/validate-local-font-function-call.js'
npm warn tar TAR_ENTRY_ERROR ENOENT: no such file or directory, open '/vercel/sandbox/backend/node_modules/@workflow/cli/node_modules/next/dist/build/webpack/loaders/resolve-url-loader/lib/value-processor.js'
npm warn tar TAR_ENTRY_ERROR ENOENT: no such file or directory, open '/vercel/sandbox/backend/node_modules/@workflow/cli/node_modules/next/dist/esm/build/webpack/loaders/resolve-url-loader/lib/value-processor.js'
npm warn tar TAR_ENTRY_ERROR ENOENT: no such file or directory, open '/vercel/sandbox/backend/node_modules/@workflow/cli/node_modules/next/dist/client/components/segment-cache/vary-path.js'
npm warn tar TAR_ENTRY_ERROR ENOENT: no such file or directory, open '/vercel/sandbox/backend/node_modules/@workflow/cli/node_modules/next/dist/esm/client/components/segment-cache/vary-path.js'
npm warn tar TAR_ENTRY_ERROR ENOENT: no such file or directory, open '/vercel/sandbox/backend/node_modules/@workflow/cli/node_modules/next/dist/esm/next-devtools/shared/version-staleness.js'
npm warn tar TAR_ENTRY_ERROR ENOENT: no such file or directory, open '/vercel/sandbox/backend/node_modules/@workflow/cli/node_modules/next/dist/next-devtools/shared/version-staleness.js'
npm warn tar TAR_ENTRY_ERROR ENOENT: no such file or directory, open '/vercel/sandbox/backend/node_modules/@workflow/cli/node_modules/next/dist/telemetry/events/version.js'
npm warn tar TAR_ENTRY_ERROR ENOENT: no such file or directory, open '/vercel/sandbox/backend/node_modules/@workflow/cli/node_modules/next/dist/esm/server/app-render/walk-tree-with-flight-router-state.js'
npm warn tar TAR_ENTRY_ERROR ENOENT: no such file or directory, open '/vercel/sandbox/backend/node_modules/@workflow/cli/node_modules/next/dist/esm/shared/lib/utils/warn-once.js'
npm warn tar TAR_ENTRY_ERROR ENOENT: no such file or directory, open '/vercel/sandbox/backend/node_modules/@workflow/cli/node_modules/next/dist/shared/lib/utils/warn-once.js'
npm warn tar TAR_ENTRY_ERROR ENOENT: no such file or directory, open '/vercel/sandbox/backend/node_modules/@workflow/cli/node_modules/next/dist/build/webpack/loaders/postcss-loader/src/Warning.js'
npm warn tar TAR_ENTRY_ERROR ENOENT: no such file or directory, open '/vercel/sandbox/backend/node_modules/@workflow/cli/node_modules/next/dist/esm/build/webpack/loaders/postcss-loader/src/Warning.js'
npm warn tar TAR_ENTRY_ERROR ENOENT: no such file or directory, open '/vercel/sandbox/backend/node_modules/@workflow/cli/node_modules/next/dist/compiled/watchpack/watchpack.js'
npm warn tar TAR_ENTRY_ERROR ENOENT: no such file or directory, open '/vercel/sandbox/backend/node_modules/@workflow/cli/node_modules/next/dist/esm/server/node-environment-extensions/web-crypto.js'
npm warn tar TAR_ENTRY_ERROR ENOENT: no such file or directory, open '/vercel/sandbox/backend/node_modules/@workflow/cli/node_modules/next/dist/server/node-environment-extensions/web-crypto.js'
npm warn tar TAR_ENTRY_ERROR ENOENT: no such file or directory, open '/vercel/sandbox/backend/node_modules/@workflow/cli/node_modules/next/dist/esm/server/web/web-on-close.js'
npm warn tar TAR_ENTRY_ERROR ENOENT: no such file or directory, open '/vercel/sandbox/backend/node_modules/@workflow/cli/node_modules/next/dist/client/dev/hot-reloader/app/web-socket.js'
npm warn tar TAR_ENTRY_ERROR ENOENT: no such file or directory, open '/vercel/sandbox/backend/node_modules/@workflow/cli/node_modules/next/dist/esm/client/dev/hot-reloader/app/web-socket.js'
npm warn tar TAR_ENTRY_ERROR ENOENT: no such file or directory, open '/vercel/sandbox/backend/node_modules/@workflow/cli/node_modules/next/dist/compiled/web-vitals-attribution/web-vitals.attribution.js'
npm warn tar TAR_ENTRY_ERROR ENOENT: no such file or directory, open '/vercel/sandbox/backend/node_modules/@workflow/cli/node_modules/next/dist/compiled/web-vitals/web-vitals.js'
npm warn tar TAR_ENTRY_ERROR ENOENT: no such file or directory, open '/vercel/sandbox/backend/node_modules/@workflow/cli/node_modules/next/dist/esm/server/api-utils/web.js'
npm warn tar TAR_ENTRY_ERROR ENOENT: no such file or directory, open '/vercel/sandbox/backend/node_modules/@workflow/cli/node_modules/next/dist/esm/server/base-http/web.js'
npm warn tar TAR_ENTRY_ERROR ENOENT: no such file or directory, open '/vercel/sandbox/backend/node_modules/@workflow/cli/node_modules/next/dist/esm/server/response-cache/web.js'
npm warn tar TAR_ENTRY_ERROR ENOENT: no such file or directory, open '/vercel/sandbox/backend/node_modules/@workflow/cli/node_modules/next/dist/server/api-utils/web.js'
npm warn tar TAR_ENTRY_ERROR ENOENT: no such file or directory, open '/vercel/sandbox/backend/node_modules/@workflow/cli/node_modules/next/dist/server/base-http/web.js'
npm warn tar TAR_ENTRY_ERROR ENOENT: no such file or directory, open '/vercel/sandbox/backend/node_modules/@workflow/cli/node_modules/next/dist/server/response-cache/web.js'
npm warn tar TAR_ENTRY_ERROR ENOENT: no such file or directory, open '/vercel/sandbox/backend/node_modules/@workflow/cli/node_modules/next/dist/compiled/webpack/webpack-lib.js'
npm warn tar TAR_ENTRY_ERROR ENOENT: no such file or directory, open '/vercel/sandbox/backend/node_modules/@workflow/cli/node_modules/next/dist/esm/next-devtools/shared/webpack-module-path.js'
npm warn tar TAR_ENTRY_ERROR ENOENT: no such file or directory, open '/vercel/sandbox/backend/node_modules/@workflow/cli/node_modules/next/dist/next-devtools/shared/webpack-module-path.js'
npm warn tar TAR_ENTRY_ERROR ENOENT: no such file or directory, open '/vercel/sandbox/backend/node_modules/@workflow/cli/node_modules/next/dist/compiled/webpack/webpack.js'
npm warn tar TAR_ENTRY_ERROR ENOENT: no such file or directory, open '/vercel/sandbox/backend/node_modules/@workflow/cli/node_modules/next/dist/build/webpack/plugins/wellknown-errors-plugin/webpackModuleError.js'
npm warn tar TAR_ENTRY_ERROR ENOENT: no such file or directory, open '/vercel/sandbox/backend/node_modules/@workflow/cli/node_modules/next/dist/esm/build/webpack/plugins/wellknown-errors-plugin/webpackModuleError.js'
npm warn tar TAR_ENTRY_ERROR ENOENT: no such file or directory, open '/vercel/sandbox/backend/node_modules/@workflow/cli/node_modules/next/dist/client/dev/hot-reloader/pages/websocket.js'
npm warn tar TAR_ENTRY_ERROR ENOENT: no such file or directory, open '/vercel/sandbox/backend/node_modules/@workflow/cli/node_modules/next/dist/esm/client/dev/hot-reloader/pages/websocket.js'
npm warn tar TAR_ENTRY_ERROR ENOENT: no such file or directory, open '/vercel/sandbox/backend/node_modules/@workflow/cli/node_modules/next/dist/compiled/webpack/WebWorkerTemplatePlugin.js'
npm warn tar TAR_ENTRY_ERROR ENOENT: no such file or directory, open '/vercel/sandbox/backend/node_modules/@workflow/cli/node_modules/next/dist/build/polyfills/fetch/whatwg-fetch.js'
npm warn tar TAR_ENTRY_ERROR ENOENT: no such file or directory, open '/vercel/sandbox/backend/node_modules/@workflow/cli/node_modules/next/dist/esm/build/polyfills/fetch/whatwg-fetch.js'
npm warn tar TAR_ENTRY_ERROR ENOENT: no such file or directory, open '/vercel/sandbox/backend/node_modules/@workflow/cli/node_modules/next/dist/esm/server/async-storage/with-store.js'
npm warn tar TAR_ENTRY_ERROR ENOENT: no such file or directory, open '/vercel/sandbox/backend/node_modules/@workflow/cli/node_modules/next/dist/server/async-storage/with-store.js'
npm warn tar TAR_ENTRY_ERROR ENOENT: no such file or directory, open '/vercel/sandbox/backend/node_modules/@workflow/cli/node_modules/next/dist/esm/server/app-render/work-async-storage-instance.js'
npm warn tar TAR_ENTRY_ERROR ENOENT: no such file or directory, open '/vercel/sandbox/backend/node_modules/@workflow/cli/node_modules/next/dist/esm/server/app-render/work-async-storage.external.js'
npm warn tar TAR_ENTRY_ERROR ENOENT: no such file or directory, open '/vercel/sandbox/backend/node_modules/@workflow/cli/node_modules/next/dist/esm/server/async-storage/work-store.js'
npm warn tar TAR_ENTRY_ERROR ENOENT: no such file or directory, open '/vercel/sandbox/backend/node_modules/@workflow/cli/node_modules/next/dist/server/async-storage/work-store.js'
npm warn tar TAR_ENTRY_ERROR ENOENT: no such file or directory, open '/vercel/sandbox/backend/node_modules/@workflow/cli/node_modules/next/dist/esm/server/app-render/work-unit-async-storage-instance.js'
npm warn tar TAR_ENTRY_ERROR ENOENT: no such file or directory, open '/vercel/sandbox/backend/node_modules/@workflow/cli/node_modules/next/dist/esm/server/app-render/work-unit-async-storage.external.js'
npm warn tar TAR_ENTRY_ERROR ENOENT: no such file or directory, open '/vercel/sandbox/backend/node_modules/@workflow/cli/node_modules/next/dist/server/lib/worker-utils.js'
npm warn tar TAR_ENTRY_ERROR ENOENT: no such file or directory, open '/vercel/sandbox/backend/node_modules/@workflow/cli/node_modules/next/dist/esm/export/worker.js'
npm warn tar TAR_ENTRY_ERROR ENOENT: no such file or directory, open '/vercel/sandbox/backend/node_modules/@workflow/cli/node_modules/next/dist/export/worker.js'
npm warn tar TAR_ENTRY_ERROR ENOENT: no such file or directory, open '/vercel/sandbox/backend/node_modules/@workflow/cli/node_modules/next/dist/esm/server/normalizers/wrap-normalizer-fn.js'
npm warn tar TAR_ENTRY_ERROR ENOENT: no such file or directory, open '/vercel/sandbox/backend/node_modules/@workflow/cli/node_modules/next/dist/server/normalizers/wrap-normalizer-fn.js'
npm warn tar TAR_ENTRY_ERROR ENOENT: no such file or directory, open '/vercel/sandbox/backend/node_modules/@workflow/cli/node_modules/next/dist/compiled/@babel/runtime/helpers/esm/wrapAsyncGenerator.js'
npm warn tar TAR_ENTRY_ERROR ENOENT: no such file or directory, open '/vercel/sandbox/backend/node_modules/@workflow/cli/node_modules/next/dist/compiled/@babel/runtime/helpers/wrapAsyncGenerator.js'
npm warn tar TAR_ENTRY_ERROR ENOENT: no such file or directory, open '/vercel/sandbox/backend/node_modules/@workflow/cli/node_modules/next/dist/compiled/@babel/runtime/helpers/esm/wrapNativeSuper.js'
npm warn tar TAR_ENTRY_ERROR ENOENT: no such file or directory, open '/vercel/sandbox/backend/node_modules/@workflow/cli/node_modules/next/dist/compiled/@babel/runtime/helpers/wrapNativeSuper.js'
npm warn tar TAR_ENTRY_ERROR ENOENT: no such file or directory, open '/vercel/sandbox/backend/node_modules/@workflow/cli/node_modules/next/dist/compiled/@babel/runtime/helpers/esm/wrapRegExp.js'
npm warn tar TAR_ENTRY_ERROR ENOENT: no such file or directory, open '/vercel/sandbox/backend/node_modules/@workflow/cli/node_modules/next/dist/compiled/@babel/runtime/helpers/wrapRegExp.js'
npm warn tar TAR_ENTRY_ERROR ENOENT: no such file or directory, open '/vercel/sandbox/backend/node_modules/@workflow/cli/node_modules/next/dist/esm/lib/typescript/writeAppTypeDeclarations.js'
npm warn tar TAR_ENTRY_ERROR ENOENT: no such file or directory, open '/vercel/sandbox/backend/node_modules/@workflow/cli/node_modules/next/dist/lib/typescript/writeAppTypeDeclarations.js'
npm warn tar TAR_ENTRY_ERROR ENOENT: no such file or directory, open '/vercel/sandbox/backend/node_modules/@workflow/cli/node_modules/next/dist/esm/lib/typescript/writeConfigurationDefaults.js'
npm warn tar TAR_ENTRY_ERROR ENOENT: no such file or directory, open '/vercel/sandbox/backend/node_modules/@workflow/cli/node_modules/next/dist/lib/typescript/writeConfigurationDefaults.js'
npm warn tar TAR_ENTRY_ERROR ENOENT: no such file or directory, open '/vercel/sandbox/backend/node_modules/@workflow/cli/node_modules/next/dist/compiled/@babel/runtime/helpers/esm/writeOnlyError.js'
npm warn tar TAR_ENTRY_ERROR ENOENT: no such file or directory, open '/vercel/sandbox/backend/node_modules/@workflow/cli/node_modules/next/dist/compiled/@babel/runtime/helpers/writeOnlyError.js'
npm warn tar TAR_ENTRY_ERROR ENOENT: no such file or directory, open '/vercel/sandbox/backend/node_modules/@workflow/cli/node_modules/next/dist/compiled/@next/font/dist/google/font-data.json'
npm warn tar TAR_ENTRY_ERROR ENOENT: no such file or directory, open '/vercel/sandbox/backend/node_modules/@workflow/cli/node_modules/next/dist/compiled/@babel/runtime/helpers/esm/package.json'
npm warn tar TAR_ENTRY_ERROR ENOENT: no such file or directory, open '/vercel/sandbox/backend/node_modules/@workflow/cli/node_modules/next/dist/compiled/@babel/runtime/package.json'
npm warn tar TAR_ENTRY_ERROR ENOENT: no such file or directory, open '/vercel/sandbox/backend/node_modules/@workflow/cli/node_modules/next/dist/compiled/@edge-runtime/cookies/package.json'
npm warn tar TAR_ENTRY_ERROR ENOENT: no such file or directory, open '/vercel/sandbox/backend/node_modules/@workflow/cli/node_modules/next/dist/compiled/@edge-runtime/ponyfill/package.json'
npm warn tar TAR_ENTRY_ERROR ENOENT: no such file or directory, open '/vercel/sandbox/backend/node_modules/@workflow/cli/node_modules/next/dist/compiled/@edge-runtime/primitives/package.json'
npm warn tar TAR_ENTRY_ERROR ENOENT: no such file or directory, open '/vercel/sandbox/backend/node_modules/@workflow/cli/node_modules/next/dist/compiled/@hapi/accept/package.json'
npm warn tar TAR_ENTRY_ERROR ENOENT: no such file or directory, open '/vercel/sandbox/backend/node_modules/@workflow/cli/node_modules/next/dist/compiled/@mswjs/interceptors/ClientRequest/package.json'
npm warn tar TAR_ENTRY_ERROR ENOENT: no such file or directory, open '/vercel/sandbox/backend/node_modules/@workflow/cli/node_modules/next/dist/compiled/@napi-rs/triples/package.json'
npm warn tar TAR_ENTRY_ERROR ENOENT: no such file or directory, open '/vercel/sandbox/backend/node_modules/@workflow/cli/node_modules/next/dist/compiled/@opentelemetry/api/package.json'
npm warn tar TAR_ENTRY_ERROR ENOENT: no such file or directory, open '/vercel/sandbox/backend/node_modules/@workflow/cli/node_modules/next/dist/compiled/@vercel/nft/package.json'
npm warn tar TAR_ENTRY_ERROR ENOENT: no such file or directory, open '/vercel/sandbox/backend/node_modules/@workflow/cli/node_modules/next/dist/compiled/@vercel/og/package.json'
npm warn tar TAR_ENTRY_ERROR ENOENT: no such file or directory, open '/vercel/sandbox/backend/node_modules/@workflow/cli/node_modules/next/dist/compiled/@vercel/routing-utils/package.json'
npm warn tar TAR_ENTRY_ERROR ENOENT: no such file or directory, open '/vercel/sandbox/backend/node_modules/@workflow/cli/node_modules/next/dist/compiled/acorn/package.json'
npm warn tar TAR_ENTRY_ERROR ENOENT: no such file or directory, open '/vercel/sandbox/backend/node_modules/@workflow/cli/node_modules/next/dist/compiled/anser/package.json'
npm warn tar TAR_ENTRY_ERROR ENOENT: no such file or directory, open '/vercel/sandbox/backend/node_modules/@workflow/cli/node_modules/next/dist/compiled/assert/package.json'
npm warn tar TAR_ENTRY_ERROR ENOENT: no such file or directory, open '/vercel/sandbox/backend/node_modules/@workflow/cli/node_modules/next/dist/compiled/async-retry/package.json'
npm warn tar TAR_ENTRY_ERROR ENOENT: no such file or directory, open '/vercel/sandbox/backend/node_modules/@workflow/cli/node_modules/next/dist/compiled/async-sema/package.json'
npm warn tar TAR_ENTRY_ERROR ENOENT: no such file or directory, open '/vercel/sandbox/backend/node_modules/@workflow/cli/node_modules/next/dist/compiled/babel-code-frame/package.json'
npm warn tar TAR_ENTRY_ERROR ENOENT: no such file or directory, open '/vercel/sandbox/backend/node_modules/@workflow/cli/node_modules/next/dist/compiled/babel-packages/package.json'
npm warn tar TAR_ENTRY_ERROR ENOENT: no such file or directory, open '/vercel/sandbox/backend/node_modules/@workflow/cli/node_modules/next/dist/compiled/babel/package.json'
npm warn tar TAR_ENTRY_ERROR ENOENT: no such file or directory, open '/vercel/sandbox/backend/node_modules/@workflow/cli/node_modules/next/dist/compiled/browserify-zlib/package.json'
npm warn tar TAR_ENTRY_ERROR ENOENT: no such file or directory, open '/vercel/sandbox/backend/node_modules/@workflow/cli/node_modules/next/dist/compiled/browserslist/package.json'
npm warn tar TAR_ENTRY_ERROR ENOENT: no such file or directory, open '/vercel/sandbox/backend/node_modules/@workflow/cli/node_modules/next/dist/compiled/buffer/package.json'
npm warn tar TAR_ENTRY_ERROR ENOENT: no such file or directory, open '/vercel/sandbox/backend/node_modules/@workflow/cli/node_modules/next/dist/compiled/busboy/package.json'
npm warn tar TAR_ENTRY_ERROR ENOENT: no such file or directory, open '/vercel/sandbox/backend/node_modules/@workflow/cli/node_modules/next/dist/compiled/bytes/package.json'
npm warn tar TAR_ENTRY_ERROR ENOENT: no such file or directory, open '/vercel/sandbox/backend/node_modules/@workflow/cli/node_modules/next/dist/compiled/ci-info/package.json'
npm warn tar TAR_ENTRY_ERROR ENOENT: no such file or directory, open '/vercel/sandbox/backend/node_modules/@workflow/cli/node_modules/next/dist/compiled/cli-select/package.json'
npm warn tar TAR_ENTRY_ERROR ENOENT: no such file or directory, open '/vercel/sandbox/backend/node_modules/@workflow/cli/node_modules/next/dist/compiled/client-only/package.json'
npm warn tar TAR_ENTRY_ERROR ENOENT: no such file or directory, open '/vercel/sandbox/backend/node_modules/@workflow/cli/node_modules/next/dist/compiled/commander/package.json'
npm warn tar TAR_ENTRY_ERROR ENOENT: no such file or directory, open '/vercel/sandbox/backend/node_modules/@workflow/cli/node_modules/next/dist/compiled/comment-json/package.json'
npm warn tar TAR_ENTRY_ERROR ENOENT: no such file or directory, open '/vercel/sandbox/backend/node_modules/@workflow/cli/node_modules/next/dist/compiled/compression/package.json'
npm warn tar TAR_ENTRY_ERROR ENOENT: no such file or directory, open '/vercel/sandbox/backend/node_modules/@workflow/cli/node_modules/next/dist/compiled/conf/package.json'
npm warn tar TAR_ENTRY_ERROR ENOENT: no such file or directory, open '/vercel/sandbox/backend/node_modules/@workflow/cli/node_modules/next/dist/compiled/content-disposition/package.json'
npm warn tar TAR_ENTRY_ERROR ENOENT: no such file or directory, open '/vercel/sandbox/backend/node_modules/@workflow/cli/node_modules/next/dist/compiled/content-type/package.json'
npm warn tar TAR_ENTRY_ERROR ENOENT: no such file or directory, open '/vercel/sandbox/backend/node_modules/@workflow/cli/node_modules/next/dist/compiled/cookie/package.json'
npm warn tar TAR_ENTRY_ERROR ENOENT: no such file or directory, open '/vercel/sandbox/backend/node_modules/@workflow/cli/node_modules/next/dist/compiled/cross-spawn/package.json'
npm warn tar TAR_ENTRY_ERROR ENOENT: no such file or directory, open '/vercel/sandbox/backend/node_modules/@workflow/cli/node_modules/next/dist/compiled/crypto-browserify/package.json'
npm warn tar TAR_ENTRY_ERROR ENOENT: no such file or directory, open '/vercel/sandbox/backend/node_modules/@workflow/cli/node_modules/next/dist/compiled/css.escape/package.json'
npm warn tar TAR_ENTRY_ERROR ENOENT: no such file or directory, open '/vercel/sandbox/backend/node_modules/@workflow/cli/node_modules/next/dist/compiled/data-uri-to-buffer/package.json'
npm warn tar TAR_ENTRY_ERROR ENOENT: no such file or directory, open '/vercel/sandbox/backend/node_modules/@workflow/cli/node_modules/next/dist/compiled/debug/package.json'
npm warn tar TAR_ENTRY_ERROR ENOENT: no such file or directory, open '/vercel/sandbox/backend/node_modules/@workflow/cli/node_modules/next/dist/compiled/devalue/package.json'
npm warn tar TAR_ENTRY_ERROR ENOENT: no such file or directory, open '/vercel/sandbox/backend/node_modules/@workflow/cli/node_modules/next/dist/compiled/domain-browser/package.json'
npm warn tar TAR_ENTRY_ERROR ENOENT: no such file or directory, open '/vercel/sandbox/backend/node_modules/@workflow/cli/node_modules/next/dist/compiled/edge-runtime/package.json'
npm warn tar TAR_ENTRY_ERROR ENOENT: no such file or directory, open '/vercel/sandbox/backend/node_modules/@workflow/cli/node_modules/next/dist/compiled/events/package.json'
npm warn tar TAR_ENTRY_ERROR ENOENT: no such file or directory, open '/vercel/sandbox/backend/node_modules/@workflow/cli/node_modules/next/dist/compiled/find-up/package.json'
npm warn tar TAR_ENTRY_ERROR ENOENT: no such file or directory, open '/vercel/sandbox/backend/node_modules/@workflow/cli/node_modules/next/dist/compiled/fresh/package.json'
npm warn tar TAR_ENTRY_ERROR ENOENT: no such file or directory, open '/vercel/sandbox/backend/node_modules/@workflow/cli/node_modules/next/dist/compiled/glob/package.json'
npm warn tar TAR_ENTRY_ERROR ENOENT: no such file or directory, open '/vercel/sandbox/backend/node_modules/@workflow/cli/node_modules/next/dist/compiled/gzip-size/package.json'
npm warn tar TAR_ENTRY_ERROR ENOENT: no such file or directory, open '/vercel/sandbox/backend/node_modules/@workflow/cli/node_modules/next/dist/compiled/http-proxy-agent/package.json'
npm warn tar TAR_ENTRY_ERROR ENOENT: no such file or directory, open '/vercel/sandbox/backend/node_modules/@workflow/cli/node_modules/next/dist/compiled/http-proxy/package.json'
npm warn tar TAR_ENTRY_ERROR ENOENT: no such file or directory, open '/vercel/sandbox/backend/node_modules/@workflow/cli/node_modules/next/dist/compiled/https-browserify/package.json'
npm warn tar TAR_ENTRY_ERROR ENOENT: no such file or directory, open '/vercel/sandbox/backend/node_modules/@workflow/cli/node_modules/next/dist/compiled/https-proxy-agent/package.json'
npm warn tar TAR_ENTRY_ERROR ENOENT: no such file or directory, open '/vercel/sandbox/backend/node_modules/@workflow/cli/node_modules/next/dist/compiled/icss-utils/package.json'
npm warn tar TAR_ENTRY_ERROR ENOENT: no such file or directory, open '/vercel/sandbox/backend/node_modules/@workflow/cli/node_modules/next/dist/compiled/ignore-loader/package.json'
npm warn tar TAR_ENTRY_ERROR ENOENT: no such file or directory, open '/vercel/sandbox/backend/node_modules/@workflow/cli/node_modules/next/dist/compiled/image-size/package.json'
npm warn tar TAR_ENTRY_ERROR ENOENT: no such file or directory, open '/vercel/sandbox/backend/node_modules/@workflow/cli/node_modules/next/dist/compiled/ipaddr.js/package.json'
npm warn tar TAR_ENTRY_ERROR ENOENT: no such file or directory, open '/vercel/sandbox/backend/node_modules/@workflow/cli/node_modules/next/dist/compiled/is-animated/package.json'
npm warn tar TAR_ENTRY_ERROR ENOENT: no such file or directory, open '/vercel/sandbox/backend/node_modules/@workflow/cli/node_modules/next/dist/compiled/is-docker/package.json'
npm warn tar TAR_ENTRY_ERROR ENOENT: no such file or directory, open '/vercel/sandbox/backend/node_modules/@workflow/cli/node_modules/next/dist/compiled/is-wsl/package.json'
npm warn tar TAR_ENTRY_ERROR ENOENT: no such file or directory, open '/vercel/sandbox/backend/node_modules/@workflow/cli/node_modules/next/dist/compiled/jest-worker/package.json'
npm warn tar TAR_ENTRY_ERROR ENOENT: no such file or directory, open '/vercel/sandbox/backend/node_modules/@workflow/cli/node_modules/next/dist/compiled/json5/package.json'
npm warn tar TAR_ENTRY_ERROR ENOENT: no such file or directory, open '/vercel/sandbox/backend/node_modules/@workflow/cli/node_modules/next/dist/compiled/jsonwebtoken/package.json'
npm warn tar TAR_ENTRY_ERROR ENOENT: no such file or directory, open '/vercel/sandbox/backend/node_modules/@workflow/cli/node_modules/next/dist/compiled/loader-runner/package.json'
npm warn tar TAR_ENTRY_ERROR ENOENT: no such file or directory, open '/vercel/sandbox/backend/node_modules/@workflow/cli/node_modules/next/dist/compiled/loader-utils2/package.json'
npm warn tar TAR_ENTRY_ERROR ENOENT: no such file or directory, open '/vercel/sandbox/backend/node_modules/@workflow/cli/node_modules/next/dist/compiled/loader-utils3/package.json'
npm warn tar TAR_ENTRY_ERROR ENOENT: no such file or directory, open '/vercel/sandbox/backend/node_modules/@workflow/cli/node_modules/next/dist/compiled/lodash.curry/package.json'
npm warn tar TAR_ENTRY_ERROR ENOENT: no such file or directory, open '/vercel/sandbox/backend/node_modules/@workflow/cli/node_modules/next/dist/compiled/lru-cache/package.json'
npm warn tar TAR_ENTRY_ERROR ENOENT: no such file or directory, open '/vercel/sandbox/backend/node_modules/@workflow/cli/node_modules/next/dist/compiled/mini-css-extract-plugin/package.json'
npm warn tar TAR_ENTRY_ERROR ENOENT: no such file or directory, open '/vercel/sandbox/backend/node_modules/@workflow/cli/node_modules/next/dist/compiled/nanoid/package.json'
npm warn tar TAR_ENTRY_ERROR ENOENT: no such file or directory, open '/vercel/sandbox/backend/node_modules/@workflow/cli/node_modules/next/dist/compiled/native-url/package.json'
npm warn tar TAR_ENTRY_ERROR ENOENT: no such file or directory, open '/vercel/sandbox/backend/node_modules/@workflow/cli/node_modules/next/dist/compiled/neo-async/package.json'
npm warn tar TAR_ENTRY_ERROR ENOENT: no such file or directory, open '/vercel/sandbox/backend/node_modules/@workflow/cli/node_modules/next/dist/compiled/node-html-parser/package.json'
npm warn tar TAR_ENTRY_ERROR ENOENT: no such file or directory, open '/vercel/sandbox/backend/node_modules/@workflow/cli/node_modules/next/dist/compiled/ora/package.json'
npm warn tar TAR_ENTRY_ERROR ENOENT: no such file or directory, open '/vercel/sandbox/backend/node_modules/@workflow/cli/node_modules/next/dist/compiled/os-browserify/package.json'
npm warn tar TAR_ENTRY_ERROR ENOENT: no such file or directory, open '/vercel/sandbox/backend/node_modules/@workflow/cli/node_modules/next/dist/compiled/p-limit/package.json'
npm warn tar TAR_ENTRY_ERROR ENOENT: no such file or directory, open '/vercel/sandbox/backend/node_modules/@workflow/cli/node_modules/next/dist/compiled/p-queue/package.json'
npm warn tar TAR_ENTRY_ERROR ENOENT: no such file or directory, open '/vercel/sandbox/backend/node_modules/@workflow/cli/node_modules/next/dist/compiled/path-browserify/package.json'
npm warn tar TAR_ENTRY_ERROR ENOENT: no such file or directory, open '/vercel/sandbox/backend/node_modules/@workflow/cli/node_modules/next/dist/compiled/path-to-regexp/package.json'
npm warn tar TAR_ENTRY_ERROR ENOENT: no such file or directory, open '/vercel/sandbox/backend/node_modules/@workflow/cli/node_modules/next/dist/compiled/picomatch/package.json'
npm warn tar TAR_ENTRY_ERROR ENOENT: no such file or directory, open '/vercel/sandbox/backend/node_modules/@workflow/cli/node_modules/next/dist/compiled/postcss-flexbugs-fixes/package.json'
npm warn tar TAR_ENTRY_ERROR ENOENT: no such file or directory, open '/vercel/sandbox/backend/node_modules/@workflow/cli/node_modules/next/dist/compiled/postcss-modules-extract-imports/package.json'
npm warn tar TAR_ENTRY_ERROR ENOENT: no such file or directory, open '/vercel/sandbox/backend/node_modules/@workflow/cli/node_modules/next/dist/compiled/postcss-modules-local-by-default/package.json'
npm warn tar TAR_ENTRY_ERROR ENOENT: no such file or directory, open '/vercel/sandbox/backend/node_modules/@workflow/cli/node_modules/next/dist/compiled/postcss-modules-scope/package.json'
npm warn tar TAR_ENTRY_ERROR ENOENT: no such file or directory, open '/vercel/sandbox/backend/node_modules/@workflow/cli/node_modules/next/dist/compiled/postcss-modules-values/package.json'
npm warn tar TAR_ENTRY_ERROR ENOENT: no such file or directory, open '/vercel/sandbox/backend/node_modules/@workflow/cli/node_modules/next/dist/compiled/postcss-preset-env/package.json'
npm warn tar TAR_ENTRY_ERROR ENOENT: no such file or directory, open '/vercel/sandbox/backend/node_modules/@workflow/cli/node_modules/next/dist/compiled/postcss-safe-parser/package.json'
npm warn tar TAR_ENTRY_ERROR ENOENT: no such file or directory, open '/vercel/sandbox/backend/node_modules/@workflow/cli/node_modules/next/dist/compiled/postcss-scss/package.json'
npm warn tar TAR_ENTRY_ERROR ENOENT: no such file or directory, open '/vercel/sandbox/backend/node_modules/@workflow/cli/node_modules/next/dist/compiled/postcss-value-parser/package.json'
npm warn tar TAR_ENTRY_ERROR ENOENT: no such file or directory, open '/vercel/sandbox/backend/node_modules/@workflow/cli/node_modules/next/dist/compiled/process/package.json'
npm warn tar TAR_ENTRY_ERROR ENOENT: no such file or directory, open '/vercel/sandbox/backend/node_modules/@workflow/cli/node_modules/next/dist/compiled/punycode/package.json'
npm warn tar TAR_ENTRY_ERROR ENOENT: no such file or directory, open '/vercel/sandbox/backend/node_modules/@workflow/cli/node_modules/next/dist/compiled/querystring-es3/package.json'
npm warn tar TAR_ENTRY_ERROR ENOENT: no such file or directory, open '/vercel/sandbox/backend/node_modules/@workflow/cli/node_modules/next/dist/compiled/raw-body/package.json'
npm warn tar TAR_ENTRY_ERROR ENOENT: no such file or directory, open '/vercel/sandbox/backend/node_modules/@workflow/cli/node_modules/next/dist/compiled/react-dom-experimental/package.json'
npm warn tar TAR_ENTRY_ERROR ENOENT: no such file or directory, open '/vercel/sandbox/backend/node_modules/@workflow/cli/node_modules/next/dist/compiled/react-dom/package.json'
npm warn tar TAR_ENTRY_ERROR ENOENT: no such file or directory, open '/vercel/sandbox/backend/node_modules/@workflow/cli/node_modules/next/dist/compiled/react-is/package.json'
npm warn tar TAR_ENTRY_ERROR ENOENT: no such file or directory, open '/vercel/sandbox/backend/node_modules/@workflow/cli/node_modules/next/dist/compiled/react-refresh/package.json'
npm warn tar TAR_ENTRY_ERROR ENOENT: no such file or directory, open '/vercel/sandbox/backend/node_modules/@workflow/cli/node_modules/next/dist/compiled/react-server-dom-turbopack-experimental/package.json'
npm warn tar TAR_ENTRY_ERROR ENOENT: no such file or directory, open '/vercel/sandbox/backend/node_modules/@workflow/cli/node_modules/next/dist/compiled/react-server-dom-turbopack/package.json'
npm warn tar TAR_ENTRY_ERROR ENOENT: no such file or directory, open '/vercel/sandbox/backend/node_modules/@workflow/cli/node_modules/next/dist/compiled/regenerator-runtime/package.json'
npm warn tar TAR_ENTRY_ERROR ENOENT: no such file or directory, open '/vercel/sandbox/backend/node_modules/@workflow/cli/node_modules/next/dist/compiled/safe-stable-stringify/package.json'
npm warn tar TAR_ENTRY_ERROR ENOENT: no such file or directory, open '/vercel/sandbox/backend/node_modules/@workflow/cli/node_modules/next/dist/compiled/sass-loader/package.json'
npm warn tar TAR_ENTRY_ERROR ENOENT: no such file or directory, open '/vercel/sandbox/backend/node_modules/@workflow/cli/node_modules/next/dist/compiled/scheduler-experimental/package.json'
npm warn tar TAR_ENTRY_ERROR ENOENT: no such file or directory, open '/vercel/sandbox/backend/node_modules/@workflow/cli/node_modules/next/dist/compiled/scheduler/package.json'
npm warn tar TAR_ENTRY_ERROR ENOENT: no such file or directory, open '/vercel/sandbox/backend/node_modules/@workflow/cli/node_modules/next/dist/compiled/schema-utils2/package.json'
npm warn tar TAR_ENTRY_ERROR ENOENT: no such file or directory, open '/vercel/sandbox/backend/node_modules/@workflow/cli/node_modules/next/dist/compiled/schema-utils3/package.json'
npm warn tar TAR_ENTRY_ERROR ENOENT: no such file or directory, open '/vercel/sandbox/backend/node_modules/@workflow/cli/node_modules/next/dist/compiled/semver/package.json'
npm warn tar TAR_ENTRY_ERROR ENOENT: no such file or directory, open '/vercel/sandbox/backend/node_modules/@workflow/cli/node_modules/next/dist/compiled/send/package.json'
npm warn tar TAR_ENTRY_ERROR ENOENT: no such file or directory, open '/vercel/sandbox/backend/node_modules/@workflow/cli/node_modules/next/dist/compiled/server-only/package.json'
npm warn tar TAR_ENTRY_ERROR ENOENT: no such file or directory, open '/vercel/sandbox/backend/node_modules/@workflow/cli/node_modules/next/dist/compiled/shell-quote/package.json'
npm warn tar TAR_ENTRY_ERROR ENOENT: no such file or directory, open '/vercel/sandbox/backend/node_modules/@workflow/cli/node_modules/next/dist/compiled/source-map/package.json'
npm warn tar TAR_ENTRY_ERROR ENOENT: no such file or directory, open '/vercel/sandbox/backend/node_modules/@workflow/cli/node_modules/next/dist/compiled/source-map08/package.json'
npm warn tar TAR_ENTRY_ERROR ENOENT: no such file or directory, open '/vercel/sandbox/backend/node_modules/@workflow/cli/node_modules/next/dist/compiled/stacktrace-parser/package.json'
npm warn tar TAR_ENTRY_ERROR ENOENT: no such file or directory, open '/vercel/sandbox/backend/node_modules/@workflow/cli/node_modules/next/dist/compiled/stream-browserify/package.json'
npm warn tar TAR_ENTRY_ERROR ENOENT: no such file or directory, open '/vercel/sandbox/backend/node_modules/@workflow/cli/node_modules/next/dist/compiled/stream-http/package.json'
npm warn tar TAR_ENTRY_ERROR ENOENT: no such file or directory, open '/vercel/sandbox/backend/node_modules/@workflow/cli/node_modules/next/dist/compiled/string_decoder/package.json'
npm warn tar TAR_ENTRY_ERROR ENOENT: no such file or directory, open '/vercel/sandbox/backend/node_modules/@workflow/cli/node_modules/next/dist/compiled/string-hash/package.json'
npm warn tar TAR_ENTRY_ERROR ENOENT: no such file or directory, open '/vercel/sandbox/backend/node_modules/@workflow/cli/node_modules/next/dist/compiled/strip-ansi/package.json'
npm warn tar TAR_ENTRY_ERROR ENOENT: no such file or directory, open '/vercel/sandbox/backend/node_modules/@workflow/cli/node_modules/next/dist/compiled/superstruct/package.json'
npm warn tar TAR_ENTRY_ERROR ENOENT: no such file or directory, open '/vercel/sandbox/backend/node_modules/@workflow/cli/node_modules/next/dist/compiled/tar/package.json'
npm warn tar TAR_ENTRY_ERROR ENOENT: no such file or directory, open '/vercel/sandbox/backend/node_modules/@workflow/cli/node_modules/next/dist/compiled/terser/package.json'
npm warn tar TAR_ENTRY_ERROR ENOENT: no such file or directory, open '/vercel/sandbox/backend/node_modules/@workflow/cli/node_modules/next/dist/compiled/text-table/package.json'
npm warn tar TAR_ENTRY_ERROR ENOENT: no such file or directory, open '/vercel/sandbox/backend/node_modules/@workflow/cli/node_modules/next/dist/compiled/timers-browserify/package.json'
npm warn tar TAR_ENTRY_ERROR ENOENT: no such file or directory, open '/vercel/sandbox/backend/node_modules/@workflow/cli/node_modules/next/dist/compiled/tty-browserify/package.json'
npm warn tar TAR_ENTRY_ERROR ENOENT: no such file or directory, open '/vercel/sandbox/backend/node_modules/@workflow/cli/node_modules/next/dist/compiled/util/package.json'
npm warn tar TAR_ENTRY_ERROR ENOENT: no such file or directory, open '/vercel/sandbox/backend/node_modules/@workflow/cli/node_modules/next/dist/compiled/vm-browserify/package.json'
npm warn tar TAR_ENTRY_ERROR ENOENT: no such file or directory, open '/vercel/sandbox/backend/node_modules/@workflow/cli/node_modules/next/dist/compiled/watchpack/package.json'
npm warn tar TAR_ENTRY_ERROR ENOENT: no such file or directory, open '/vercel/sandbox/backend/node_modules/@workflow/cli/node_modules/next/dist/compiled/web-vitals-attribution/package.json'
npm warn tar TAR_ENTRY_ERROR ENOENT: no such file or directory, open '/vercel/sandbox/backend/node_modules/@workflow/cli/node_modules/next/dist/compiled/web-vitals/package.json'
npm warn tar TAR_ENTRY_ERROR ENOENT: no such file or directory, open '/vercel/sandbox/backend/node_modules/@workflow/cli/node_modules/next/dist/compiled/webpack-sources1/package.json'
npm warn tar TAR_ENTRY_ERROR ENOENT: no such file or directory, open '/vercel/sandbox/backend/node_modules/@workflow/cli/node_modules/next/dist/compiled/webpack-sources3/package.json'
npm warn tar TAR_ENTRY_ERROR ENOENT: no such file or directory, open '/vercel/sandbox/backend/node_modules/@workflow/cli/node_modules/next/dist/compiled/webpack/package.json'
npm warn tar TAR_ENTRY_ERROR ENOENT: no such file or directory, open '/vercel/sandbox/backend/node_modules/@workflow/cli/node_modules/next/dist/compiled/ws/package.json'
npm warn tar TAR_ENTRY_ERROR ENOENT: no such file or directory, open '/vercel/sandbox/backend/node_modules/@workflow/cli/node_modules/next/dist/compiled/zod-validation-error/package.json'
npm warn tar TAR_ENTRY_ERROR ENOENT: no such file or directory, open '/vercel/sandbox/backend/node_modules/@workflow/cli/node_modules/next/dist/compiled/zod/package.json'
npm warn tar TAR_ENTRY_ERROR ENOENT: no such file or directory, open '/vercel/sandbox/backend/node_modules/@workflow/cli/node_modules/next/dist/esm/pages/_app.js.map'
npm warn tar TAR_ENTRY_ERROR ENOENT: no such file or directory, open '/vercel/sandbox/backend/node_modules/@workflow/cli/node_modules/next/dist/pages/_app.js.map'
npm warn tar TAR_ENTRY_ERROR ENOENT: no such file or directory, open '/vercel/sandbox/backend/node_modules/@workflow/cli/node_modules/next/dist/esm/pages/_document.js.map'
npm warn tar TAR_ENTRY_ERROR ENOENT: no such file or directory, open '/vercel/sandbox/backend/node_modules/@workflow/cli/node_modules/next/dist/pages/_document.js.map'
npm warn tar TAR_ENTRY_ERROR ENOENT: no such file or directory, open '/vercel/sandbox/backend/node_modules/@workflow/cli/node_modules/next/dist/esm/pages/_error.js.map'
npm warn tar TAR_ENTRY_ERROR ENOENT: no such file or directory, open '/vercel/sandbox/backend/node_modules/@workflow/cli/node_modules/next/dist/esm/server/route-modules/pages/builtin/_error.js.map'
npm warn tar TAR_ENTRY_ERROR ENOENT: no such file or directory, open '/vercel/sandbox/backend/node_modules/@workflow/cli/node_modules/next/dist/pages/_error.js.map'
npm warn tar TAR_ENTRY_ERROR ENOENT: no such file or directory, open '/vercel/sandbox/backend/node_modules/@workflow/cli/node_modules/next/dist/server/route-modules/pages/builtin/_error.js.map'
npm warn tar TAR_ENTRY_ERROR ENOENT: no such file or directory, open '/vercel/sandbox/backend/node_modules/@workflow/cli/node_modules/next/dist/esm/server/normalizers/absolute-filename-normalizer.js.map'
npm warn tar TAR_ENTRY_ERROR ENOENT: no such file or directory, open '/vercel/sandbox/backend/node_modules/@workflow/cli/node_modules/next/dist/server/normalizers/absolute-filename-normalizer.js.map'
npm warn tar TAR_ENTRY_ERROR ENOENT: no such file or directory, open '/vercel/sandbox/backend/node_modules/@workflow/cli/node_modules/next/dist/esm/shared/lib/page-path/absolute-path-to-page.js.map'
npm warn tar TAR_ENTRY_ERROR ENOENT: no such file or directory, open '/vercel/sandbox/backend/node_modules/@workflow/cli/node_modules/next/dist/shared/lib/page-path/absolute-path-to-page.js.map'
npm warn tar TAR_ENTRY_ERROR ENOENT: no such file or directory, open '/vercel/sandbox/backend/node_modules/@workflow/cli/node_modules/next/dist/client/components/styles/access-error-styles.js.map'
npm warn tar TAR_ENTRY_ERROR ENOENT: no such file or directory, open '/vercel/sandbox/backend/node_modules/@workflow/cli/node_modules/next/dist/esm/client/components/styles/access-error-styles.js.map'
npm warn tar TAR_ENTRY_ERROR ENOENT: no such file or directory, open '/vercel/sandbox/backend/node_modules/@workflow/cli/node_modules/next/dist/esm/server/app-render/action-async-storage-instance.js.map'
npm warn tar TAR_ENTRY_ERROR ENOENT: no such file or directory, open '/vercel/sandbox/backend/node_modules/@workflow/cli/node_modules/next/dist/esm/server/app-render/action-async-storage.external.js.map'
npm warn tar TAR_ENTRY_ERROR ENOENT: no such file or directory, open '/vercel/sandbox/backend/node_modules/@workflow/cli/node_modules/next/dist/build/webpack/loaders/next-flight-loader/action-client-wrapper.js.map'
npm warn tar TAR_ENTRY_ERROR ENOENT: no such file or directory, open '/vercel/sandbox/backend/node_modules/@workflow/cli/node_modules/next/dist/esm/build/webpack/loaders/next-flight-loader/action-client-wrapper.js.map'
npm warn tar TAR_ENTRY_ERROR ENOENT: no such file or directory, open '/vercel/sandbox/backend/node_modules/@workflow/cli/node_modules/next/dist/esm/server/app-render/action-handler.js.map'
npm warn tar TAR_ENTRY_ERROR ENOENT: no such file or directory, open '/vercel/sandbox/backend/node_modules/@workflow/cli/node_modules/next/dist/esm/server/app-render/action-utils.js.map'
npm warn tar TAR_ENTRY_ERROR ENOENT: no such file or directory, open '/vercel/sandbox/backend/node_modules/@workflow/cli/node_modules/next/dist/build/webpack/loaders/next-flight-loader/action-validate.js.map'
npm warn tar TAR_ENTRY_ERROR ENOENT: no such file or directory, open '/vercel/sandbox/backend/node_modules/@workflow/cli/node_modules/next/dist/esm/build/webpack/loaders/next-flight-loader/action-validate.js.map'
npm warn tar TAR_ENTRY_ERROR ENOENT: no such file or directory, open '/vercel/sandbox/backend/node_modules/@workflow/cli/node_modules/next/dist/esm/server/web/adapter.js.map'
npm warn tar TAR_ENTRY_ERROR ENOENT: no such file or directory, open '/vercel/sandbox/backend/node_modules/@workflow/cli/node_modules/next/dist/esm/shared/lib/router/utils/add-locale.js.map'
npm warn tar TAR_ENTRY_ERROR ENOENT: no such file or directory, open '/vercel/sandbox/backend/node_modules/@workflow/cli/node_modules/next/dist/shared/lib/router/utils/add-locale.js.map'
npm warn tar TAR_ENTRY_ERROR ENOENT: no such file or directory, open '/vercel/sandbox/backend/node_modules/@workflow/cli/node_modules/next/dist/esm/shared/lib/router/utils/add-path-prefix.js.map'
npm warn tar TAR_ENTRY_ERROR ENOENT: no such file or directory, open '/vercel/sandbox/backend/node_modules/@workflow/cli/node_modules/next/dist/shared/lib/router/utils/add-path-prefix.js.map'
npm warn tar TAR_ENTRY_ERROR ENOENT: no such file or directory, open '/vercel/sandbox/backend/node_modules/@workflow/cli/node_modules/next/dist/esm/shared/lib/router/utils/add-path-suffix.js.map'
npm warn tar TAR_ENTRY_ERROR ENOENT: no such file or directory, open '/vercel/sandbox/backend/node_modules/@workflow/cli/node_modules/next/dist/shared/lib/router/utils/add-path-suffix.js.map'
npm warn tar TAR_ENTRY_ERROR ENOENT: no such file or directory, open '/vercel/sandbox/backend/node_modules/@workflow/cli/node_modules/next/dist/esm/server/after/after-context.js.map'
npm warn tar TAR_ENTRY_ERROR ENOENT: no such file or directory, open '/vercel/sandbox/backend/node_modules/@workflow/cli/node_modules/next/dist/server/after/after-context.js.map'
npm warn tar TAR_ENTRY_ERROR ENOENT: no such file or directory, open '/vercel/sandbox/backend/node_modules/@workflow/cli/node_modules/next/dist/esm/server/app-render/after-task-async-storage-instance.js.map'
npm warn tar TAR_ENTRY_ERROR ENOENT: no such file or directory, open '/vercel/sandbox/backend/node_modules/@workflow/cli/node_modules/next/dist/esm/server/app-render/after-task-async-storage.external.js.map'
npm warn tar TAR_ENTRY_ERROR ENOENT: no such file or directory, open '/vercel/sandbox/backend/node_modules/@workflow/cli/node_modules/next/dist/esm/server/after/after.js.map'
npm warn tar TAR_ENTRY_ERROR ENOENT: no such file or directory, open '/vercel/sandbox/backend/node_modules/@workflow/cli/node_modules/next/dist/server/after/after.js.map'
npm warn tar TAR_ENTRY_ERROR ENOENT: no such file or directory, open '/vercel/sandbox/backend/node_modules/@workflow/cli/node_modules/next/dist/esm/client/components/router-reducer/aliased-prefetch-navigations.js.map'
npm warn tar TAR_ENTRY_ERROR ENOENT: no such file or directory, open '/vercel/sandbox/backend/node_modules/@workflow/cli/node_modules/next/dist/esm/lib/metadata/generate/alternate.js.map'
npm warn tar TAR_ENTRY_ERROR ENOENT: no such file or directory, open '/vercel/sandbox/backend/node_modules/@workflow/cli/node_modules/next/dist/lib/metadata/generate/alternate.js.map'
npm warn tar TAR_ENTRY_ERROR ENOENT: no such file or directory, open '/vercel/sandbox/backend/node_modules/@workflow/cli/node_modules/next/dist/esm/lib/metadata/types/alternative-urls-types.js.map'
npm warn tar TAR_ENTRY_ERROR ENOENT: no such file or directory, open '/vercel/sandbox/backend/node_modules/@workflow/cli/node_modules/next/dist/lib/metadata/types/alternative-urls-types.js.map'
npm warn tar TAR_ENTRY_ERROR ENOENT: no such file or directory, open '/vercel/sandbox/backend/node_modules/@workflow/cli/node_modules/next/dist/telemetry/anonymous-meta.js.map'
npm warn tar TAR_ENTRY_ERROR ENOENT: no such file or directory, open '/vercel/sandbox/backend/node_modules/@workflow/cli/node_modules/next/dist/esm/server/api-utils/node/api-resolver.js.map'
npm warn tar TAR_ENTRY_ERROR ENOENT: no such file or directory, open '/vercel/sandbox/backend/node_modules/@workflow/cli/node_modules/next/dist/server/api-utils/node/api-resolver.js.map'
npm warn tar TAR_ENTRY_ERROR ENOENT: no such file or directory, open '/vercel/sandbox/backend/node_modules/@workflow/cli/node_modules/next/dist/build/webpack/loaders/css-loader/src/runtime/api.js.map'
npm warn tar TAR_ENTRY_ERROR ENOENT: no such file or directory, open '/vercel/sandbox/backend/node_modules/@workflow/cli/node_modules/next/dist/esm/build/webpack/loaders/css-loader/src/runtime/api.js.map'
npm warn tar TAR_ENTRY_ERROR ENOENT: no such file or directory, open '/vercel/sandbox/backend/node_modules/@workflow/cli/node_modules/next/dist/esm/server/normalizers/built/app/app-bundle-path-normalizer.js.map'
npm warn tar TAR_ENTRY_ERROR ENOENT: no such file or directory, open '/vercel/sandbox/backend/node_modules/@workflow/cli/node_modules/next/dist/server/normalizers/built/app/app-bundle-path-normalizer.js.map'
npm warn tar TAR_ENTRY_ERROR ENOENT: no such file or directory, open '/vercel/sandbox/backend/node_modules/@workflow/cli/node_modules/next/dist/esm/next-devtools/userspace/app/app-dev-overlay-error-boundary.js.map'
npm warn tar TAR_ENTRY_ERROR ENOENT: no such file or directory, open '/vercel/sandbox/backend/node_modules/@workflow/cli/node_modules/next/dist/next-devtools/userspace/app/app-dev-overlay-error-boundary.js.map'
npm warn tar TAR_ENTRY_ERROR ENOENT: no such file or directory, open '/vercel/sandbox/backend/node_modules/@workflow/cli/node_modules/next/dist/esm/next-devtools/userspace/app/app-dev-overlay-setup.js.map'
npm warn tar TAR_ENTRY_ERROR ENOENT: no such file or directory, open '/vercel/sandbox/backend/node_modules/@workflow/cli/node_modules/next/dist/next-devtools/userspace/app/app-dev-overlay-setup.js.map'
npm warn tar TAR_ENTRY_ERROR ENOENT: no such file or directory, open '/vercel/sandbox/backend/node_modules/@workflow/cli/node_modules/next/dist/server/lib/app-dir-module.js.map'
npm warn tar TAR_ENTRY_ERROR ENOENT: no such file or directory, open '/vercel/sandbox/backend/node_modules/@workflow/cli/node_modules/next/dist/api/app-dynamic.js.map'
npm warn tar TAR_ENTRY_ERROR ENOENT: no such file or directory, open '/vercel/sandbox/backend/node_modules/@workflow/cli/node_modules/next/dist/esm/api/app-dynamic.js.map'
npm warn tar TAR_ENTRY_ERROR ENOENT: no such file or directory, open '/vercel/sandbox/backend/node_modules/@workflow/cli/node_modules/next/dist/client/components/builtin/app-error.js.map'
npm warn tar TAR_ENTRY_ERROR ENOENT: no such file or directory, open '/vercel/sandbox/backend/node_modules/@workflow/cli/node_modules/next/dist/esm/client/components/builtin/app-error.js.map'
npm warn tar TAR_ENTRY_ERROR ENOENT: no such file or directory, open '/vercel/sandbox/backend/node_modules/@workflow/cli/node_modules/next/dist/esm/server/normalizers/built/app/app-filename-normalizer.js.map'
npm warn tar TAR_ENTRY_ERROR ENOENT: no such file or directory, open '/vercel/sandbox/backend/node_modules/@workflow/cli/node_modules/next/dist/server/normalizers/built/app/app-filename-normalizer.js.map'
npm warn tar TAR_ENTRY_ERROR ENOENT: no such file or directory, open '/vercel/sandbox/backend/node_modules/@workflow/cli/node_modules/next/dist/server/lib/app-info-log.js.map'
npm warn tar TAR_ENTRY_ERROR ENOENT: no such file or directory, open '/vercel/sandbox/backend/node_modules/@workflow/cli/node_modules/next/dist/compiled/next-server/app-page-experimental.runtime.dev.js.map'
npm warn tar TAR_ENTRY_ERROR ENOENT: no such file or directory, open '/vercel/sandbox/backend/node_modules/@workflow/cli/node_modules/next/dist/compiled/next-server/app-page-experimental.runtime.prod.js.map'
npm warn tar TAR_ENTRY_ERROR ENOENT: no such file or directory, open '/vercel/sandbox/backend/node_modules/@workflow/cli/node_modules/next/dist/esm/server/normalizers/built/app/app-page-normalizer.js.map'
npm warn tar TAR_ENTRY_ERROR ENOENT: no such file or directory, open '/vercel/sandbox/backend/node_modules/@workflow/cli/node_modules/next/dist/server/normalizers/built/app/app-page-normalizer.js.map'
npm warn tar TAR_ENTRY_ERROR ENOENT: no such file or directory, open '/vercel/sandbox/backend/node_modules/@workflow/cli/node_modules/next/dist/esm/server/route-definitions/app-page-route-definition.js.map'
npm warn tar TAR_ENTRY_ERROR ENOENT: no such file or directory, open '/vercel/sandbox/backend/node_modules/@workflow/cli/node_modules/next/dist/server/route-definitions/app-page-route-definition.js.map'
npm warn tar TAR_ENTRY_ERROR ENOENT: no such file or directory, open '/vercel/sandbox/backend/node_modules/@workflow/cli/node_modules/next/dist/esm/server/route-matches/app-page-route-match.js.map'
npm warn tar TAR_ENTRY_ERROR ENOENT: no such file or directory, open '/vercel/sandbox/backend/node_modules/@workflow/cli/node_modules/next/dist/server/route-matches/app-page-route-match.js.map'
npm warn tar TAR_ENTRY_ERROR ENOENT: no such file or directory, open '/vercel/sandbox/backend/node_modules/@workflow/cli/node_modules/next/dist/esm/server/route-matchers/app-page-route-matcher.js.map'
npm warn tar TAR_ENTRY_ERROR ENOENT: no such file or directory, open '/vercel/sandbox/backend/node_modules/@workflow/cli/node_modules/next/dist/server/route-matchers/app-page-route-matcher.js.map'
npm warn tar TAR_ENTRY_ERROR ENOENT: no such file or directory, open '/vercel/sandbox/backend/node_modules/@workflow/cli/node_modules/next/dist/compiled/next-server/app-page-turbo-experimental.runtime.dev.js.map'
npm warn tar TAR_ENTRY_ERROR ENOENT: no such file or directory, open '/vercel/sandbox/backend/node_modules/@workflow/cli/node_modules/next/dist/compiled/next-server/app-page-turbo-experimental.runtime.prod.js.map'
npm warn tar TAR_ENTRY_ERROR ENOENT: no such file or directory, open '/vercel/sandbox/backend/node_modules/@workflow/cli/node_modules/next/dist/compiled/next-server/app-page-turbo.runtime.dev.js.map'
npm warn tar TAR_ENTRY_ERROR ENOENT: no such file or directory, open '/vercel/sandbox/backend/node_modules/@workflow/cli/node_modules/next/dist/compiled/next-server/app-page-turbo.runtime.prod.js.map'
npm warn tar TAR_ENTRY_ERROR ENOENT: no such file or directory, open '/vercel/sandbox/backend/node_modules/@workflow/cli/node_modules/next/dist/build/templates/app-page.js.map'
npm warn tar TAR_ENTRY_ERROR ENOENT: no such file or directory, open '/vercel/sandbox/backend/node_modules/@workflow/cli/node_modules/next/dist/esm/build/templates/app-page.js.map'
npm warn tar TAR_ENTRY_ERROR ENOENT: no such file or directory, open '/vercel/sandbox/backend/node_modules/@workflow/cli/node_modules/next/dist/esm/export/routes/app-page.js.map'
npm warn tar TAR_ENTRY_ERROR ENOENT: no such file or directory, open '/vercel/sandbox/backend/node_modules/@workflow/cli/node_modules/next/dist/export/routes/app-page.js.map'
npm warn tar TAR_ENTRY_ERROR ENOENT: no such file or directory, open '/vercel/sandbox/backend/node_modules/@workflow/cli/node_modules/next/dist/compiled/next-server/app-page.runtime.dev.js.map'
npm warn tar TAR_ENTRY_ERROR ENOENT: no such file or directory, open '/vercel/sandbox/backend/node_modules/@workflow/cli/node_modules/next/dist/compiled/next-server/app-page.runtime.prod.js.map'
npm warn tar TAR_ENTRY_ERROR ENOENT: no such file or directory, open '/vercel/sandbox/backend/node_modules/@workflow/cli/node_modules/next/dist/esm/server/normalizers/built/app/app-pathname-normalizer.js.map'
npm warn tar TAR_ENTRY_ERROR ENOENT: no such file or directory, open '/vercel/sandbox/backend/node_modules/@workflow/cli/node_modules/next/dist/server/normalizers/built/app/app-pathname-normalizer.js.map'
npm warn tar TAR_ENTRY_ERROR ENOENT: no such file or directory, open '/vercel/sandbox/backend/node_modules/@workflow/cli/node_modules/next/dist/esm/shared/lib/router/utils/app-paths.js.map'
npm warn tar TAR_ENTRY_ERROR ENOENT: no such file or directory, open '/vercel/sandbox/backend/node_modules/@workflow/cli/node_modules/next/dist/shared/lib/router/utils/app-paths.js.map'
npm warn tar TAR_ENTRY_ERROR ENOENT: no such file or directory, open '/vercel/sandbox/backend/node_modules/@workflow/cli/node_modules/next/dist/esm/server/app-render/app-render-prerender-utils.js.map'
npm warn tar TAR_ENTRY_ERROR ENOENT: no such file or directory, open '/vercel/sandbox/backend/node_modules/@workflow/cli/node_modules/next/dist/esm/server/app-render/app-render-render-utils.js.map'
npm warn tar TAR_ENTRY_ERROR ENOENT: no such file or directory, open '/vercel/sandbox/backend/node_modules/@workflow/cli/node_modules/next/dist/esm/server/app-render/app-render.js.map'
npm warn tar TAR_ENTRY_ERROR ENOENT: no such file or directory, open '/vercel/sandbox/backend/node_modules/@workflow/cli/node_modules/next/dist/compiled/next-server/app-route-experimental.runtime.dev.js.map'
npm warn tar TAR_ENTRY_ERROR ENOENT: no such file or directory, open '/vercel/sandbox/backend/node_modules/@workflow/cli/node_modules/next/dist/compiled/next-server/app-route-experimental.runtime.prod.js.map'
npm warn tar TAR_ENTRY_ERROR ENOENT: no such file or directory, open '/vercel/sandbox/backend/node_modules/@workflow/cli/node_modules/next/dist/esm/server/route-definitions/app-route-route-definition.js.map'
npm warn tar TAR_ENTRY_ERROR ENOENT: no such file or directory, open '/vercel/sandbox/backend/node_modules/@workflow/cli/node_modules/next/dist/server/route-definitions/app-route-route-definition.js.map'
npm warn tar TAR_ENTRY_ERROR ENOENT: no such file or directory, open '/vercel/sandbox/backend/node_modules/@workflow/cli/node_modules/next/dist/esm/server/route-matches/app-route-route-match.js.map'
npm warn tar TAR_ENTRY_ERROR ENOENT: no such file or directory, open '/vercel/sandbox/backend/node_modules/@workflow/cli/node_modules/next/dist/server/route-matches/app-route-route-match.js.map'
npm warn tar TAR_ENTRY_ERROR ENOENT: no such file or directory, open '/vercel/sandbox/backend/node_modules/@workflow/cli/node_modules/next/dist/esm/server/route-matchers/app-route-route-matcher.js.map'
npm warn tar TAR_ENTRY_ERROR ENOENT: no such file or directory, open '/vercel/sandbox/backend/node_modules/@workflow/cli/node_modules/next/dist/server/route-matchers/app-route-route-matcher.js.map'
npm warn tar TAR_ENTRY_ERROR ENOENT: no such file or directory, open '/vercel/sandbox/backend/node_modules/@workflow/cli/node_modules/next/dist/compiled/next-server/app-route-turbo-experimental.runtime.dev.js.map'
npm warn tar TAR_ENTRY_ERROR ENOENT: no such file or directory, open '/vercel/sandbox/backend/node_modules/@workflow/cli/node_modules/next/dist/compiled/next-server/app-route-turbo-experimental.runtime.prod.js.map'
npm warn tar TAR_ENTRY_ERROR ENOENT: no such file or directory, open '/vercel/sandbox/backend/node_modules/@workflow/cli/node_modules/next/dist/compiled/next-server/app-route-turbo.runtime.dev.js.map'
npm warn tar TAR_ENTRY_ERROR ENOENT: no such file or directory, open '/vercel/sandbox/backend/node_modules/@workflow/cli/node_modules/next/dist/compiled/next-server/app-route-turbo.runtime.prod.js.map'
npm warn tar TAR_ENTRY_ERROR ENOENT: no such file or directory, open '/vercel/sandbox/backend/node_modules/@workflow/cli/node_modules/next/dist/build/templates/app-route.js.map'
npm warn tar TAR_ENTRY_ERROR ENOENT: no such file or directory, open '/vercel/sandbox/backend/node_modules/@workflow/cli/node_modules/next/dist/esm/build/templates/app-route.js.map'
npm warn tar TAR_ENTRY_ERROR ENOENT: no such file or directory, open '/vercel/sandbox/backend/node_modules/@workflow/cli/node_modules/next/dist/esm/export/routes/app-route.js.map'
npm warn tar TAR_ENTRY_ERROR ENOENT: no such file or directory, open '/vercel/sandbox/backend/node_modules/@workflow/cli/node_modules/next/dist/export/routes/app-route.js.map'
npm warn tar TAR_ENTRY_ERROR ENOENT: no such file or directory, open '/vercel/sandbox/backend/node_modules/@workflow/cli/node_modules/next/dist/compiled/next-server/app-route.runtime.dev.js.map'
npm warn tar TAR_ENTRY_ERROR ENOENT: no such file or directory, open '/vercel/sandbox/backend/node_modules/@workflow/cli/node_modules/next/dist/compiled/next-server/app-route.runtime.prod.js.map'
npm warn tar TAR_ENTRY_ERROR ENOENT: no such file or directory, open '/vercel/sandbox/backend/node_modules/@workflow/cli/node_modules/next/dist/esm/client/components/app-router-announcer.js.map'
npm warn tar TAR_ENTRY_ERROR ENOENT: no such file or directory, open '/vercel/sandbox/backend/node_modules/@workflow/cli/node_modules/next/dist/esm/server/route-modules/app-page/vendored/contexts/app-router-context.js.map'
npm warn tar TAR_ENTRY_ERROR ENOENT: no such file or directory, open '/vercel/sandbox/backend/node_modules/@workflow/cli/node_modules/next/dist/esm/server/route-modules/pages/vendored/contexts/app-router-context.js.map'
npm warn tar TAR_ENTRY_ERROR ENOENT: no such file or directory, open '/vercel/sandbox/backend/node_modules/@workflow/cli/node_modules/next/dist/server/route-modules/app-page/vendored/contexts/app-router-context.js.map'
npm warn tar TAR_ENTRY_ERROR ENOENT: no such file or directory, open '/vercel/sandbox/backend/node_modules/@workflow/cli/node_modules/next/dist/server/route-modules/pages/vendored/contexts/app-router-context.js.map'
npm warn tar TAR_ENTRY_ERROR ENOENT: no such file or directory, open '/vercel/sandbox/backend/node_modules/@workflow/cli/node_modules/next/dist/esm/client/components/app-router-headers.js.map'
npm warn tar TAR_ENTRY_ERROR ENOENT: no such file or directory, open '/vercel/sandbox/backend/node_modules/@workflow/cli/node_modules/next/dist/esm/client/components/app-router-instance.js.map'
npm warn tar TAR_ENTRY_ERROR ENOENT: no such file or directory, open '/vercel/sandbox/backend/node_modules/@workflow/cli/node_modules/next/dist/esm/client/components/app-router-utils.js.map'
npm warn tar TAR_ENTRY_ERROR ENOENT: no such file or directory, open '/vercel/sandbox/backend/node_modules/@workflow/cli/node_modules/next/dist/esm/client/components/app-router.js.map'
npm warn tar TAR_ENTRY_ERROR ENOENT: no such file or directory, open '/vercel/sandbox/backend/node_modules/@workflow/cli/node_modules/next/dist/build/segment-config/app/app-segment-config.js.map'
npm warn tar TAR_ENTRY_ERROR ENOENT: no such file or directory, open '/vercel/sandbox/backend/node_modules/@workflow/cli/node_modules/next/dist/esm/build/segment-config/app/app-segment-config.js.map'
npm warn tar TAR_ENTRY_ERROR ENOENT: no such file or directory, open '/vercel/sandbox/backend/node_modules/@workflow/cli/node_modules/next/dist/build/segment-config/app/app-segments.js.map'
npm warn tar TAR_ENTRY_ERROR ENOENT: no such file or directory, open '/vercel/sandbox/backend/node_modules/@workflow/cli/node_modules/next/dist/esm/build/segment-config/app/app-segments.js.map'
npm warn tar TAR_ENTRY_ERROR ENOENT: no such file or directory, open '/vercel/sandbox/backend/node_modules/@workflow/cli/node_modules/next/dist/api/app.js.map'
npm warn tar TAR_ENTRY_ERROR ENOENT: no such file or directory, open '/vercel/sandbox/backend/node_modules/@workflow/cli/node_modules/next/dist/build/static-paths/app.js.map'
npm warn tar TAR_ENTRY_ERROR ENOENT: no such file or directory, open '/vercel/sandbox/backend/node_modules/@workflow/cli/node_modules/next/dist/esm/api/app.js.map'
npm warn tar TAR_ENTRY_ERROR ENOENT: no such file or directory, open '/vercel/sandbox/backend/node_modules/@workflow/cli/node_modules/next/dist/esm/build/static-paths/app.js.map'
npm warn tar TAR_ENTRY_ERROR ENOENT: no such file or directory, open '/vercel/sandbox/backend/node_modules/@workflow/cli/node_modules/next/dist/esm/client/components/router-reducer/apply-flight-data.js.map'
npm warn tar TAR_ENTRY_ERROR ENOENT: no such file or directory, open '/vercel/sandbox/backend/node_modules/@workflow/cli/node_modules/next/dist/esm/client/components/router-reducer/apply-router-state-patch-to-tree.js.map'
npm warn tar TAR_ENTRY_ERROR ENOENT: no such file or directory, open '/vercel/sandbox/backend/node_modules/@workflow/cli/node_modules/next/dist/esm/shared/lib/router/utils/as-path-to-search-params.js.map'
npm warn tar TAR_ENTRY_ERROR ENOENT: no such file or directory, open '/vercel/sandbox/backend/node_modules/@workflow/cli/node_modules/next/dist/shared/lib/router/utils/as-path-to-search-params.js.map'
npm warn tar TAR_ENTRY_ERROR ENOENT: no such file or directory, open '/vercel/sandbox/backend/node_modules/@workflow/cli/node_modules/next/dist/server/lib/async-callback-set.js.map'
npm warn tar TAR_ENTRY_ERROR ENOENT: no such file or directory, open '/vercel/sandbox/backend/node_modules/@workflow/cli/node_modules/next/dist/esm/server/app-render/async-local-storage.js.map'
npm warn tar TAR_ENTRY_ERROR ENOENT: no such file or directory, open '/vercel/sandbox/backend/node_modules/@workflow/cli/node_modules/next/dist/esm/server/route-modules/app-route/helpers/auto-implement-methods.js.map'
npm warn tar TAR_ENTRY_ERROR ENOENT: no such file or directory, open '/vercel/sandbox/backend/node_modules/@workflow/cli/node_modules/next/dist/server/route-modules/app-route/helpers/auto-implement-methods.js.map'
npm warn tar TAR_ENTRY_ERROR ENOENT: no such file or directory, open '/vercel/sandbox/backend/node_modules/@workflow/cli/node_modules/next/dist/build/polyfills/object.assign/auto.js.map'
npm warn tar TAR_ENTRY_ERROR ENOENT: no such file or directory, open '/vercel/sandbox/backend/node_modules/@workflow/cli/node_modules/next/dist/esm/build/polyfills/object.assign/auto.js.map'
npm warn tar TAR_ENTRY_ERROR ENOENT: no such file or directory, open '/vercel/sandbox/backend/node_modules/@workflow/cli/node_modules/next/dist/esm/server/after/awaiter.js.map'
npm warn tar TAR_ENTRY_ERROR ENOENT: no such file or directory, open '/vercel/sandbox/backend/node_modules/@workflow/cli/node_modules/next/dist/server/after/awaiter.js.map'
npm warn tar TAR_ENTRY_ERROR ENOENT: no such file or directory, open '/vercel/sandbox/backend/node_modules/@workflow/cli/node_modules/next/dist/esm/shared/lib/lazy-dynamic/bailout-to-csr.js.map'
npm warn tar TAR_ENTRY_ERROR ENOENT: no such file or directory, open '/vercel/sandbox/backend/node_modules/@workflow/cli/node_modules/next/dist/shared/lib/lazy-dynamic/bailout-to-csr.js.map'
npm warn tar TAR_ENTRY_ERROR ENOENT: no such file or directory, open '/vercel/sandbox/backend/node_modules/@workflow/cli/node_modules/next/dist/esm/server/normalizers/request/base-path.js.map'
npm warn tar TAR_ENTRY_ERROR ENOENT: no such file or directory, open '/vercel/sandbox/backend/node_modules/@workflow/cli/node_modules/next/dist/server/normalizers/request/base-path.js.map'
npm warn tar TAR_ENTRY_ERROR ENOENT: no such file or directory, open '/vercel/sandbox/backend/node_modules/@workflow/cli/node_modules/next/dist/build/webpack/config/blocks/base.js.map'
npm warn tar TAR_ENTRY_ERROR ENOENT: no such file or directory, open '/vercel/sandbox/backend/node_modules/@workflow/cli/node_modules/next/dist/esm/build/webpack/config/blocks/base.js.map'
npm warn tar TAR_ENTRY_ERROR ENOENT: no such file or directory, open '/vercel/sandbox/backend/node_modules/@workflow/cli/node_modules/next/dist/esm/lib/metadata/generate/basic.js.map'
npm warn tar TAR_ENTRY_ERROR ENOENT: no such file or directory, open '/vercel/sandbox/backend/node_modules/@workflow/cli/node_modules/next/dist/lib/metadata/generate/basic.js.map'
npm warn tar TAR_ENTRY_ERROR ENOENT: no such file or directory, open '/vercel/sandbox/backend/node_modules/@workflow/cli/node_modules/next/dist/esm/server/route-matcher-providers/dev/helpers/file-reader/batched-file-reader.js.map'
npm warn tar TAR_ENTRY_ERROR ENOENT: no such file or directory, open '/vercel/sandbox/backend/node_modules/@workflow/cli/node_modules/next/dist/server/route-matcher-providers/dev/helpers/file-reader/batched-file-reader.js.map'
npm warn tar TAR_ENTRY_ERROR ENOENT: no such file or directory, open '/vercel/sandbox/backend/node_modules/@workflow/cli/node_modules/next/dist/esm/client/components/bfcache.js.map'
npm warn tar TAR_ENTRY_ERROR ENOENT: no such file or directory, open '/vercel/sandbox/backend/node_modules/@workflow/cli/node_modules/next/dist/esm/server/lib/router-utils/block-cross-site.js.map'
npm warn tar TAR_ENTRY_ERROR ENOENT: no such file or directory, open '/vercel/sandbox/backend/node_modules/@workflow/cli/node_modules/next/dist/server/lib/router-utils/block-cross-site.js.map'
npm warn tar TAR_ENTRY_ERROR ENOENT: no such file or directory, open '/vercel/sandbox/backend/node_modules/@workflow/cli/node_modules/next/dist/build/webpack/loaders/next-image-loader/blur.js.map'
npm warn tar TAR_ENTRY_ERROR ENOENT: no such file or directory, open '/vercel/sandbox/backend/node_modules/@workflow/cli/node_modules/next/dist/esm/build/webpack/loaders/next-image-loader/blur.js.map'
npm warn tar TAR_ENTRY_ERROR ENOENT: no such file or directory, open '/vercel/sandbox/backend/node_modules/@workflow/cli/node_modules/next/dist/esm/lib/framework/boundary-components.js.map'
npm warn tar TAR_ENTRY_ERROR ENOENT: no such file or directory, open '/vercel/sandbox/backend/node_modules/@workflow/cli/node_modules/next/dist/lib/framework/boundary-components.js.map'
npm warn tar TAR_ENTRY_ERROR ENOENT: no such file or directory, open '/vercel/sandbox/backend/node_modules/@workflow/cli/node_modules/next/dist/esm/lib/framework/boundary-constants.js.map'
npm warn tar TAR_ENTRY_ERROR ENOENT: no such file or directory, open '/vercel/sandbox/backend/node_modules/@workflow/cli/node_modules/next/dist/lib/framework/boundary-constants.js.map'
npm warn tar TAR_ENTRY_ERROR ENOENT: no such file or directory, open '/vercel/sandbox/backend/node_modules/@workflow/cli/node_modules/next/dist/esm/server/mcp/tools/utils/browser-communication.js.map'
npm warn tar TAR_ENTRY_ERROR ENOENT: no such file or directory, open '/vercel/sandbox/backend/node_modules/@workflow/cli/node_modules/next/dist/server/mcp/tools/utils/browser-communication.js.map'
npm warn tar TAR_ENTRY_ERROR ENOENT: no such file or directory, open '/vercel/sandbox/backend/node_modules/@workflow/cli/node_modules/next/dist/build/adapter/build-complete.js.map'
npm warn tar TAR_ENTRY_ERROR ENOENT: no such file or directory, open '/vercel/sandbox/backend/node_modules/@workflow/cli/node_modules/next/dist/esm/build/adapter/build-complete.js.map'
npm warn tar TAR_ENTRY_ERROR ENOENT: no such file or directory, open '/vercel/sandbox/backend/node_modules/@workflow/cli/node_modules/next/dist/esm/server/lib/router-utils/build-data-route.js.map'
npm warn tar TAR_ENTRY_ERROR ENOENT: no such file or directory, open '/vercel/sandbox/backend/node_modules/@workflow/cli/node_modules/next/dist/server/lib/router-utils/build-data-route.js.map'
npm warn tar TAR_ENTRY_ERROR ENOENT: no such file or directory, open '/vercel/sandbox/backend/node_modules/@workflow/cli/node_modules/next/dist/diagnostics/build-diagnostics.js.map'
npm warn tar TAR_ENTRY_ERROR ENOENT: no such file or directory, open '/vercel/sandbox/backend/node_modules/@workflow/cli/node_modules/next/dist/diagnostics/build-diagnostics.test.js.map'
npm warn tar TAR_ENTRY_ERROR ENOENT: no such file or directory, open '/vercel/sandbox/backend/node_modules/@workflow/cli/node_modules/next/dist/esm/server/lib/router-utils/build-prefetch-segment-data-route.js.map'
npm warn tar TAR_ENTRY_ERROR ENOENT: no such file or directory, open '/vercel/sandbox/backend/node_modules/@workflow/cli/node_modules/next/dist/server/lib/router-utils/build-prefetch-segment-data-route.js.map'
npm warn tar TAR_ENTRY_ERROR ENOENT: no such file or directory, open '/vercel/sandbox/backend/node_modules/@workflow/cli/node_modules/next/dist/telemetry/events/build.js.map'
npm warn tar TAR_ENTRY_ERROR ENOENT: no such file or directory, open '/vercel/sandbox/backend/node_modules/@workflow/cli/node_modules/next/dist/esm/server/after/builtin-request-context.js.map'
npm warn tar TAR_ENTRY_ERROR ENOENT: no such file or directory, open '/vercel/sandbox/backend/node_modules/@workflow/cli/node_modules/next/dist/server/after/builtin-request-context.js.map'
npm warn tar TAR_ENTRY_ERROR ENOENT: no such file or directory, open '/vercel/sandbox/backend/node_modules/@workflow/cli/node_modules/next/dist/esm/shared/lib/router/utils/cache-busting-search-param.js.map'
npm warn tar TAR_ENTRY_ERROR ENOENT: no such file or directory, open '/vercel/sandbox/backend/node_modules/@workflow/cli/node_modules/next/dist/shared/lib/router/utils/cache-busting-search-param.js.map'
npm warn tar TAR_ENTRY_ERROR ENOENT: no such file or directory, open '/vercel/sandbox/backend/node_modules/@workflow/cli/node_modules/next/dist/server/lib/cache-control.js.map'
npm warn tar TAR_ENTRY_ERROR ENOENT: no such file or directory, open '/vercel/sandbox/backend/node_modules/@workflow/cli/node_modules/next/dist/client/components/segment-cache/cache-key.js.map'
npm warn tar TAR_ENTRY_ERROR ENOENT: no such file or directory, open '/vercel/sandbox/backend/node_modules/@workflow/cli/node_modules/next/dist/esm/client/components/segment-cache/cache-key.js.map'
npm warn tar TAR_ENTRY_ERROR ENOENT: no such file or directory, open '/vercel/sandbox/backend/node_modules/@workflow/cli/node_modules/next/dist/esm/server/lib/router-utils/cache-life-type-utils.js.map'
npm warn tar TAR_ENTRY_ERROR ENOENT: no such file or directory, open '/vercel/sandbox/backend/node_modules/@workflow/cli/node_modules/next/dist/server/lib/router-utils/cache-life-type-utils.js.map'
npm warn tar TAR_ENTRY_ERROR ENOENT: no such file or directory, open '/vercel/sandbox/backend/node_modules/@workflow/cli/node_modules/next/dist/esm/server/use-cache/cache-life.js.map'
npm warn tar TAR_ENTRY_ERROR ENOENT: no such file or directory, open '/vercel/sandbox/backend/node_modules/@workflow/cli/node_modules/next/dist/server/use-cache/cache-life.js.map'
npm warn tar TAR_ENTRY_ERROR ENOENT: no such file or directory, open '/vercel/sandbox/backend/node_modules/@workflow/cli/node_modules/next/dist/client/components/segment-cache/cache-map.js.map'
npm warn tar TAR_ENTRY_ERROR ENOENT: no such file or directory, open '/vercel/sandbox/backend/node_modules/@workflow/cli/node_modules/next/dist/esm/client/components/segment-cache/cache-map.js.map'
npm warn tar TAR_ENTRY_ERROR ENOENT: no such file or directory, open '/vercel/sandbox/backend/node_modules/@workflow/cli/node_modules/next/dist/esm/server/app-render/cache-signal.js.map'
npm warn tar TAR_ENTRY_ERROR ENOENT: no such file or directory, open '/vercel/sandbox/backend/node_modules/@workflow/cli/node_modules/next/dist/esm/server/resume-data-cache/cache-store.js.map'
npm warn tar TAR_ENTRY_ERROR ENOENT: no such file or directory, open '/vercel/sandbox/backend/node_modules/@workflow/cli/node_modules/next/dist/server/resume-data-cache/cache-store.js.map'
npm warn tar TAR_ENTRY_ERROR ENOENT: no such file or directory, open '/vercel/sandbox/backend/node_modules/@workflow/cli/node_modules/next/dist/esm/server/use-cache/cache-tag.js.map'
npm warn tar TAR_ENTRY_ERROR ENOENT: no such file or directory, open '/vercel/sandbox/backend/node_modules/@workflow/cli/node_modules/next/dist/server/use-cache/cache-tag.js.map'
npm warn tar TAR_ENTRY_ERROR ENOENT: no such file or directory, open '/vercel/sandbox/backend/node_modules/@workflow/cli/node_modules/next/dist/build/webpack/loaders/next-flight-loader/cache-wrapper.js.map'
npm warn tar TAR_ENTRY_ERROR ENOENT: no such file or directory, open '/vercel/sandbox/backend/node_modules/@workflow/cli/node_modules/next/dist/esm/build/webpack/loaders/next-flight-loader/cache-wrapper.js.map'
npm warn tar TAR_ENTRY_ERROR ENOENT: no such file or directory, open '/vercel/sandbox/backend/node_modules/@workflow/cli/node_modules/next/dist/client/components/segment-cache/cache.js.map'
npm warn tar TAR_ENTRY_ERROR ENOENT: no such file or directory, open '/vercel/sandbox/backend/node_modules/@workflow/cli/node_modules/next/dist/esm/client/components/segment-cache/cache.js.map'
npm warn tar TAR_ENTRY_ERROR ENOENT: no such file or directory, open '/vercel/sandbox/backend/node_modules/@workflow/cli/node_modules/next/dist/esm/server/route-matcher-providers/helpers/cached-route-matcher-provider.js.map'
npm warn tar TAR_ENTRY_ERROR ENOENT: no such file or directory, open '/vercel/sandbox/backend/node_modules/@workflow/cli/node_modules/next/dist/server/route-matcher-providers/helpers/cached-route-matcher-provider.js.map'
npm warn tar TAR_ENTRY_ERROR ENOENT: no such file or directory, open '/vercel/sandbox/backend/node_modules/@workflow/cli/node_modules/next/dist/build/webpack/loaders/css-loader/src/camelcase.js.map'
npm warn tar TAR_ENTRY_ERROR ENOENT: no such file or directory, open '/vercel/sandbox/backend/node_modules/@workflow/cli/node_modules/next/dist/esm/build/webpack/loaders/css-loader/src/camelcase.js.map'
npm warn tar TAR_ENTRY_ERROR ENOENT: no such file or directory, open '/vercel/sandbox/backend/node_modules/@workflow/cli/node_modules/next/dist/esm/shared/lib/errors/canary-only-config-error.js.map'
npm warn tar TAR_ENTRY_ERROR ENOENT: no such file or directory, open '/vercel/sandbox/backend/node_modules/@workflow/cli/node_modules/next/dist/shared/lib/errors/canary-only-config-error.js.map'
npm warn tar TAR_ENTRY_ERROR ENOENT: no such file or directory, open '/vercel/sandbox/backend/node_modules/@workflow/cli/node_modules/next/dist/server/lib/chrome-devtools-workspace.js.map'
npm warn tar TAR_ENTRY_ERROR ENOENT: no such file or directory, open '/vercel/sandbox/backend/node_modules/@workflow/cli/node_modules/next/dist/esm/server/route-modules/app-route/helpers/clean-url.js.map'
npm warn tar TAR_ENTRY_ERROR ENOENT: no such file or directory, open '/vercel/sandbox/backend/node_modules/@workflow/cli/node_modules/next/dist/server/route-modules/app-route/helpers/clean-url.js.map'
npm warn tar TAR_ENTRY_ERROR ENOENT: no such file or directory, open '/vercel/sandbox/backend/node_modules/@workflow/cli/node_modules/next/dist/esm/client/components/router-reducer/clear-cache-node-data-for-segment-path.js.map'
npm warn tar TAR_ENTRY_ERROR ENOENT: no such file or directory, open '/vercel/sandbox/backend/node_modules/@workflow/cli/node_modules/next/dist/esm/server/typescript/rules/client-boundary.js.map'
npm warn tar TAR_ENTRY_ERROR ENOENT: no such file or directory, open '/vercel/sandbox/backend/node_modules/@workflow/cli/node_modules/next/dist/server/typescript/rules/client-boundary.js.map'
npm warn tar TAR_ENTRY_ERROR ENOENT: no such file or directory, open '/vercel/sandbox/backend/node_modules/@workflow/cli/node_modules/next/dist/esm/next-devtools/userspace/app/client-entry.js.map'
npm warn tar TAR_ENTRY_ERROR ENOENT: no such file or directory, open '/vercel/sandbox/backend/node_modules/@workflow/cli/node_modules/next/dist/next-devtools/userspace/app/client-entry.js.map'
npm warn tar TAR_ENTRY_ERROR ENOENT: no such file or directory, open '/vercel/sandbox/backend/node_modules/@workflow/cli/node_modules/next/dist/esm/client/components/client-page.js.map'
npm warn tar TAR_ENTRY_ERROR ENOENT: no such file or directory, open '/vercel/sandbox/backend/node_modules/@workflow/cli/node_modules/next/dist/esm/client/components/client-segment.js.map'
npm warn tar TAR_ENTRY_ERROR ENOENT: no such file or directory, open '/vercel/sandbox/backend/node_modules/@workflow/cli/node_modules/next/dist/build/webpack/config/blocks/css/loaders/client.js.map'
npm warn tar TAR_ENTRY_ERROR ENOENT: no such file or directory, open '/vercel/sandbox/backend/node_modules/@workflow/cli/node_modules/next/dist/esm/build/webpack/config/blocks/css/loaders/client.js.map'
npm warn tar TAR_ENTRY_ERROR ENOENT: no such file or directory, open '/vercel/sandbox/backend/node_modules/@workflow/cli/node_modules/next/dist/server/lib/clone-response.js.map'
npm warn tar TAR_ENTRY_ERROR ENOENT: no such file or directory, open '/vercel/sandbox/backend/node_modules/@workflow/cli/node_modules/next/dist/build/webpack/loaders/lightningcss-loader/src/codegen.js.map'
npm warn tar TAR_ENTRY_ERROR ENOENT: no such file or directory, open '/vercel/sandbox/backend/node_modules/@workflow/cli/node_modules/next/dist/esm/build/webpack/loaders/lightningcss-loader/src/codegen.js.map'
npm warn tar TAR_ENTRY_ERROR ENOENT: no such file or directory, open '/vercel/sandbox/backend/node_modules/@workflow/cli/node_modules/next/dist/build/segment-config/app/collect-root-param-keys.js.map'
npm warn tar TAR_ENTRY_ERROR ENOENT: no such file or directory, open '/vercel/sandbox/backend/node_modules/@workflow/cli/node_modules/next/dist/esm/build/segment-config/app/collect-root-param-keys.js.map'
npm warn tar TAR_ENTRY_ERROR ENOENT: no such file or directory, open '/vercel/sandbox/backend/node_modules/@workflow/cli/node_modules/next/dist/esm/server/app-render/collect-segment-data.js.map'
npm warn tar TAR_ENTRY_ERROR ENOENT: no such file or directory, open '/vercel/sandbox/backend/node_modules/@workflow/cli/node_modules/next/dist/build/babel/plugins/commonjs.js.map'
npm warn tar TAR_ENTRY_ERROR ENOENT: no such file or directory, open '/vercel/sandbox/backend/node_modules/@workflow/cli/node_modules/next/dist/esm/build/babel/plugins/commonjs.js.map'
npm warn tar TAR_ENTRY_ERROR ENOENT: no such file or directory, open '/vercel/sandbox/backend/node_modules/@workflow/cli/node_modules/next/dist/esm/shared/lib/router/utils/compare-states.js.map'
npm warn tar TAR_ENTRY_ERROR ENOENT: no such file or directory, open '/vercel/sandbox/backend/node_modules/@workflow/cli/node_modules/next/dist/shared/lib/router/utils/compare-states.js.map'
npm warn tar TAR_ENTRY_ERROR ENOENT: no such file or directory, open '/vercel/sandbox/backend/node_modules/@workflow/cli/node_modules/next/dist/esm/shared/lib/turbopack/compilation-events.js.map'
npm warn tar TAR_ENTRY_ERROR ENOENT: no such file or directory, open '/vercel/sandbox/backend/node_modules/@workflow/cli/node_modules/next/dist/shared/lib/turbopack/compilation-events.js.map'
npm warn tar TAR_ENTRY_ERROR ENOENT: no such file or directory, open '/vercel/sandbox/backend/node_modules/@workflow/cli/node_modules/next/dist/esm/client/components/router-reducer/compute-changed-path.js.map'
npm warn tar TAR_ENTRY_ERROR ENOENT: no such file or directory, open '/vercel/sandbox/backend/node_modules/@workflow/cli/node_modules/next/dist/experimental/testing/server/config-testing-utils.js.map'
npm warn tar TAR_ENTRY_ERROR ENOENT: no such file or directory, open '/vercel/sandbox/backend/node_modules/@workflow/cli/node_modules/next/dist/esm/server/typescript/rules/config.js.map'
npm warn tar TAR_ENTRY_ERROR ENOENT: no such file or directory, open '/vercel/sandbox/backend/node_modules/@workflow/cli/node_modules/next/dist/server/typescript/rules/config.js.map'
npm warn tar TAR_ENTRY_ERROR ENOENT: no such file or directory, open '/vercel/sandbox/backend/node_modules/@workflow/cli/node_modules/next/dist/esm/server/request/connection.js.map'
npm warn tar TAR_ENTRY_ERROR ENOENT: no such file or directory, open '/vercel/sandbox/backend/node_modules/@workflow/cli/node_modules/next/dist/server/request/connection.js.map'
npm warn tar TAR_ENTRY_ERROR ENOENT: no such file or directory, open '/vercel/sandbox/backend/node_modules/@workflow/cli/node_modules/next/dist/esm/server/app-render/console-async-storage-instance.js.map'
npm warn tar TAR_ENTRY_ERROR ENOENT: no such file or directory, open '/vercel/sandbox/backend/node_modules/@workflow/cli/node_modules/next/dist/esm/server/app-render/console-async-storage.external.js.map'
npm warn tar TAR_ENTRY_ERROR ENOENT: no such file or directory, open '/vercel/sandbox/backend/node_modules/@workflow/cli/node_modules/next/dist/esm/server/node-environment-extensions/console-dim.external.js.map'
npm warn tar TAR_ENTRY_ERROR ENOENT: no such file or directory, open '/vercel/sandbox/backend/node_modules/@workflow/cli/node_modules/next/dist/server/node-environment-extensions/console-dim.external.js.map'
npm warn tar TAR_ENTRY_ERROR ENOENT: no such file or directory, open '/vercel/sandbox/backend/node_modules/@workflow/cli/node_modules/next/dist/esm/next-devtools/shared/console-error.js.map'
npm warn tar TAR_ENTRY_ERROR ENOENT: no such file or directory, open '/vercel/sandbox/backend/node_modules/@workflow/cli/node_modules/next/dist/next-devtools/shared/console-error.js.map'
npm warn tar TAR_ENTRY_ERROR ENOENT: no such file or directory, open '/vercel/sandbox/backend/node_modules/@workflow/cli/node_modules/next/dist/esm/server/node-environment-extensions/console-exit.js.map'
npm warn tar TAR_ENTRY_ERROR ENOENT: no such file or directory, open '/vercel/sandbox/backend/node_modules/@workflow/cli/node_modules/next/dist/server/node-environment-extensions/console-exit.js.map'
npm warn tar TAR_ENTRY_ERROR ENOENT: no such file or directory, open '/vercel/sandbox/backend/node_modules/@workflow/cli/node_modules/next/dist/esm/server/node-environment-extensions/console-file.js.map'
npm warn tar TAR_ENTRY_ERROR ENOENT: no such file or directory, open '/vercel/sandbox/backend/node_modules/@workflow/cli/node_modules/next/dist/server/node-environment-extensions/console-file.js.map'
npm warn tar TAR_ENTRY_ERROR ENOENT: no such file or directory, open '/vercel/sandbox/backend/node_modules/@workflow/cli/node_modules/next/dist/client/lib/console.js.map'
npm warn tar TAR_ENTRY_ERROR ENOENT: no such file or directory, open '/vercel/sandbox/backend/node_modules/@workflow/cli/node_modules/next/dist/esm/client/lib/console.js.map'
npm warn tar TAR_ENTRY_ERROR ENOENT: no such file or directory, open '/vercel/sandbox/backend/node_modules/@workflow/cli/node_modules/next/dist/esm/server/typescript/constant.js.map'
npm warn tar TAR_ENTRY_ERROR ENOENT: no such file or directory, open '/vercel/sandbox/backend/node_modules/@workflow/cli/node_modules/next/dist/server/typescript/constant.js.map'
npm warn tar TAR_ENTRY_ERROR ENOENT: no such file or directory, open '/vercel/sandbox/backend/node_modules/@workflow/cli/node_modules/next/dist/api/constants.js.map'
npm warn tar TAR_ENTRY_ERROR ENOENT: no such file or directory, open '/vercel/sandbox/backend/node_modules/@workflow/cli/node_modules/next/dist/esm/api/constants.js.map'
npm warn tar TAR_ENTRY_ERROR ENOENT: no such file or directory, open '/vercel/sandbox/backend/node_modules/@workflow/cli/node_modules/next/dist/esm/lib/metadata/constants.js.map'
npm warn tar TAR_ENTRY_ERROR ENOENT: no such file or directory, open '/vercel/sandbox/backend/node_modules/@workflow/cli/node_modules/next/dist/esm/server/lib/trace/constants.js.map'
npm warn tar TAR_ENTRY_ERROR ENOENT: no such file or directory, open '/vercel/sandbox/backend/node_modules/@workflow/cli/node_modules/next/dist/esm/server/use-cache/constants.js.map'
npm warn tar TAR_ENTRY_ERROR ENOENT: no such file or directory, open '/vercel/sandbox/backend/node_modules/@workflow/cli/node_modules/next/dist/esm/shared/lib/errors/constants.js.map'
npm warn tar TAR_ENTRY_ERROR ENOENT: no such file or directory, open '/vercel/sandbox/backend/node_modules/@workflow/cli/node_modules/next/dist/lib/metadata/constants.js.map'
npm warn tar TAR_ENTRY_ERROR ENOENT: no such file or directory, open '/vercel/sandbox/backend/node_modules/@workflow/cli/node_modules/next/dist/server/lib/trace/constants.js.map'
npm warn tar TAR_ENTRY_ERROR ENOENT: no such file or directory, open '/vercel/sandbox/backend/node_modules/@workflow/cli/node_modules/next/dist/server/use-cache/constants.js.map'
npm warn tar TAR_ENTRY_ERROR ENOENT: no such file or directory, open '/vercel/sandbox/backend/node_modules/@workflow/cli/node_modules/next/dist/shared/lib/errors/constants.js.map'
npm warn tar TAR_ENTRY_ERROR ENOENT: no such file or directory, open '/vercel/sandbox/backend/node_modules/@workflow/cli/node_modules/next/dist/esm/server/web/sandbox/context.js.map'
npm warn tar TAR_ENTRY_ERROR ENOENT: no such file or directory, open '/vercel/sandbox/backend/node_modules/@workflow/cli/node_modules/next/dist/experimental/testmode/context.js.map'
npm warn tar TAR_ENTRY_ERROR ENOENT: no such file or directory, open '/vercel/sandbox/backend/node_modules/@workflow/cli/node_modules/next/dist/server/web/sandbox/context.js.map'
npm warn tar TAR_ENTRY_ERROR ENOENT: no such file or directory, open '/vercel/sandbox/backend/node_modules/@workflow/cli/node_modules/next/dist/esm/server/request/cookies.js.map'
npm warn tar TAR_ENTRY_ERROR ENOENT: no such file or directory, open '/vercel/sandbox/backend/node_modules/@workflow/cli/node_modules/next/dist/esm/server/web/spec-extension/cookies.js.map'
npm warn tar TAR_ENTRY_ERROR ENOENT: no such file or directory, open '/vercel/sandbox/backend/node_modules/@workflow/cli/node_modules/next/dist/server/request/cookies.js.map'
npm warn tar TAR_ENTRY_ERROR ENOENT: no such file or directory, open '/vercel/sandbox/backend/node_modules/@workflow/cli/node_modules/next/dist/server/lib/cpu-profile.js.map'
npm warn tar TAR_ENTRY_ERROR ENOENT: no such file or directory, open '/vercel/sandbox/backend/node_modules/@workflow/cli/node_modules/next/dist/build/webpack/loaders/next-app-loader/create-app-route-code.js.map'
npm warn tar TAR_ENTRY_ERROR ENOENT: no such file or directory, open '/vercel/sandbox/backend/node_modules/@workflow/cli/node_modules/next/dist/esm/build/webpack/loaders/next-app-loader/create-app-route-code.js.map'
npm warn tar TAR_ENTRY_ERROR ENOENT: no such file or directory, open '/vercel/sandbox/backend/node_modules/@workflow/cli/node_modules/next/dist/esm/server/app-render/create-component-styles-and-scripts.js.map'
npm warn tar TAR_ENTRY_ERROR ENOENT: no such file or directory, open '/vercel/sandbox/backend/node_modules/@workflow/cli/node_modules/next/dist/esm/server/app-render/create-component-tree.js.map'
npm warn tar TAR_ENTRY_ERROR ENOENT: no such file or directory, open '/vercel/sandbox/backend/node_modules/@workflow/cli/node_modules/next/dist/esm/server/lib/experimental/create-env-definitions.js.map'
npm warn tar TAR_ENTRY_ERROR ENOENT: no such file or directory, open '/vercel/sandbox/backend/node_modules/@workflow/cli/node_modules/next/dist/server/lib/experimental/create-env-definitions.js.map'
npm warn tar TAR_ENTRY_ERROR ENOENT: no such file or directory, open '/vercel/sandbox/backend/node_modules/@workflow/cli/node_modules/next/dist/esm/server/app-render/create-error-handler.js.map'
npm warn tar TAR_ENTRY_ERROR ENOENT: no such file or directory, open '/vercel/sandbox/backend/node_modules/@workflow/cli/node_modules/next/dist/esm/server/app-render/create-flight-router-state-from-loader-tree.js.map'
npm warn tar TAR_ENTRY_ERROR ENOENT: no such file or directory, open '/vercel/sandbox/backend/node_modules/@workflow/cli/node_modules/next/dist/esm/client/components/router-reducer/create-href-from-url.js.map'
npm warn tar TAR_ENTRY_ERROR ENOENT: no such file or directory, open '/vercel/sandbox/backend/node_modules/@workflow/cli/node_modules/next/dist/esm/export/helpers/create-incremental-cache.js.map'
npm warn tar TAR_ENTRY_ERROR ENOENT: no such file or directory, open '/vercel/sandbox/backend/node_modules/@workflow/cli/node_modules/next/dist/export/helpers/create-incremental-cache.js.map'
npm warn tar TAR_ENTRY_ERROR ENOENT: no such file or directory, open '/vercel/sandbox/backend/node_modules/@workflow/cli/node_modules/next/dist/esm/client/components/router-reducer/create-initial-router-state.js.map'
npm warn tar TAR_ENTRY_ERROR ENOENT: no such file or directory, open '/vercel/sandbox/backend/node_modules/@workflow/cli/node_modules/next/dist/esm/client/components/router-reducer/create-router-cache-key.js.map'
npm warn tar TAR_ENTRY_ERROR ENOENT: no such file or directory, open '/vercel/sandbox/backend/node_modules/@workflow/cli/node_modules/next/dist/esm/server/app-render/metadata-insertion/create-server-inserted-metadata.js.map'
npm warn tar TAR_ENTRY_ERROR ENOENT: no such file or directory, open '/vercel/sandbox/backend/node_modules/@workflow/cli/node_modules/next/dist/server/app-render/metadata-insertion/create-server-inserted-metadata.js.map'
npm warn tar TAR_ENTRY_ERROR ENOENT: no such file or directory, open '/vercel/sandbox/backend/node_modules/@workflow/cli/node_modules/next/dist/esm/server/app-render/csrf-protection.js.map'
npm warn tar TAR_ENTRY_ERROR ENOENT: no such file or directory, open '/vercel/sandbox/backend/node_modules/@workflow/cli/node_modules/next/dist/build/webpack/loaders/css-loader/src/CssSyntaxError.js.map'
npm warn tar TAR_ENTRY_ERROR ENOENT: no such file or directory, open '/vercel/sandbox/backend/node_modules/@workflow/cli/node_modules/next/dist/esm/build/webpack/loaders/css-loader/src/CssSyntaxError.js.map'
npm warn tar TAR_ENTRY_ERROR ENOENT: no such file or directory, open '/vercel/sandbox/backend/node_modules/@workflow/cli/node_modules/next/dist/esm/server/node-environment-extensions/date.js.map'
npm warn tar TAR_ENTRY_ERROR ENOENT: no such file or directory, open '/vercel/sandbox/backend/node_modules/@workflow/cli/node_modules/next/dist/server/node-environment-extensions/date.js.map'
npm warn tar TAR_ENTRY_ERROR ENOENT: no such file or directory, open '/vercel/sandbox/backend/node_modules/@workflow/cli/node_modules/next/dist/esm/server/dev/debug-channel.js.map'
npm warn tar TAR_ENTRY_ERROR ENOENT: no such file or directory, open '/vercel/sandbox/backend/node_modules/@workflow/cli/node_modules/next/dist/server/dev/debug-channel.js.map'
npm warn tar TAR_ENTRY_ERROR ENOENT: no such file or directory, open '/vercel/sandbox/backend/node_modules/@workflow/cli/node_modules/next/dist/esm/server/lib/router-utils/decode-path-params.js.map'
npm warn tar TAR_ENTRY_ERROR ENOENT: no such file or directory, open '/vercel/sandbox/backend/node_modules/@workflow/cli/node_modules/next/dist/server/lib/router-utils/decode-path-params.js.map'
npm warn tar TAR_ENTRY_ERROR ENOENT: no such file or directory, open '/vercel/sandbox/backend/node_modules/@workflow/cli/node_modules/next/dist/server/lib/decode-query-path-parameter.js.map'
npm warn tar TAR_ENTRY_ERROR ENOENT: no such file or directory, open '/vercel/sandbox/backend/node_modules/@workflow/cli/node_modules/next/dist/server/lib/dedupe-fetch.js.map'
npm warn tar TAR_ENTRY_ERROR ENOENT: no such file or directory, open '/vercel/sandbox/backend/node_modules/@workflow/cli/node_modules/next/dist/esm/next-devtools/shared/deepmerge.js.map'
npm warn tar TAR_ENTRY_ERROR ENOENT: no such file or directory, open '/vercel/sandbox/backend/node_modules/@workflow/cli/node_modules/next/dist/next-devtools/shared/deepmerge.js.map'
npm warn tar TAR_ENTRY_ERROR ENOENT: no such file or directory, open '/vercel/sandbox/backend/node_modules/@workflow/cli/node_modules/next/dist/experimental/testmode/playwright/default-config.js.map'
npm warn tar TAR_ENTRY_ERROR ENOENT: no such file or directory, open '/vercel/sandbox/backend/node_modules/@workflow/cli/node_modules/next/dist/esm/server/route-matcher-providers/dev/helpers/file-reader/default-file-reader.js.map'
npm warn tar TAR_ENTRY_ERROR ENOENT: no such file or directory, open '/vercel/sandbox/backend/node_modules/@workflow/cli/node_modules/next/dist/server/route-matcher-providers/dev/helpers/file-reader/default-file-reader.js.map'
npm warn tar TAR_ENTRY_ERROR ENOENT: no such file or directory, open '/vercel/sandbox/backend/node_modules/@workflow/cli/node_modules/next/dist/esm/lib/metadata/default-metadata.js.map'
npm warn tar TAR_ENTRY_ERROR ENOENT: no such file or directory, open '/vercel/sandbox/backend/node_modules/@workflow/cli/node_modules/next/dist/lib/metadata/default-metadata.js.map'
npm warn tar TAR_ENTRY_ERROR ENOENT: no such file or directory, open '/vercel/sandbox/backend/node_modules/@workflow/cli/node_modules/next/dist/esm/server/route-matcher-managers/default-route-matcher-manager.js.map'
npm warn tar TAR_ENTRY_ERROR ENOENT: no such file or directory, open '/vercel/sandbox/backend/node_modules/@workflow/cli/node_modules/next/dist/server/route-matcher-managers/default-route-matcher-manager.js.map'
npm warn tar TAR_ENTRY_ERROR ENOENT: no such file or directory, open '/vercel/sandbox/backend/node_modules/@workflow/cli/node_modules/next/dist/esm/server/lib/cache-handlers/default.external.js.map'
npm warn tar TAR_ENTRY_ERROR ENOENT: no such file or directory, open '/vercel/sandbox/backend/node_modules/@workflow/cli/node_modules/next/dist/server/lib/cache-handlers/default.external.js.map'
npm warn tar TAR_ENTRY_ERROR ENOENT: no such file or directory, open '/vercel/sandbox/backend/node_modules/@workflow/cli/node_modules/next/dist/client/components/builtin/default.js.map'
npm warn tar TAR_ENTRY_ERROR ENOENT: no such file or directory, open '/vercel/sandbox/backend/node_modules/@workflow/cli/node_modules/next/dist/esm/client/components/builtin/default.js.map'
npm warn tar TAR_ENTRY_ERROR ENOENT: no such file or directory, open '/vercel/sandbox/backend/node_modules/@workflow/cli/node_modules/next/dist/esm/server/lib/cache-handlers/default.js.map'
npm warn tar TAR_ENTRY_ERROR ENOENT: no such file or directory, open '/vercel/sandbox/backend/node_modules/@workflow/cli/node_modules/next/dist/server/lib/cache-handlers/default.js.map'
npm warn tar TAR_ENTRY_ERROR ENOENT: no such file or directory, open '/vercel/sandbox/backend/node_modules/@workflow/cli/node_modules/next/dist/esm/shared/lib/page-path/denormalize-app-path.js.map'
npm warn tar TAR_ENTRY_ERROR ENOENT: no such file or directory, open '/vercel/sandbox/backend/node_modules/@workflow/cli/node_modules/next/dist/shared/lib/page-path/denormalize-app-path.js.map'
npm warn tar TAR_ENTRY_ERROR ENOENT: no such file or directory, open '/vercel/sandbox/backend/node_modules/@workflow/cli/node_modules/next/dist/esm/shared/lib/page-path/denormalize-page-path.js.map'
npm warn tar TAR_ENTRY_ERROR ENOENT: no such file or directory, open '/vercel/sandbox/backend/node_modules/@workflow/cli/node_modules/next/dist/shared/lib/page-path/denormalize-page-path.js.map'
npm warn tar TAR_ENTRY_ERROR ENOENT: no such file or directory, open '/vercel/sandbox/backend/node_modules/@workflow/cli/node_modules/next/dist/telemetry/detached-flush.js.map'
npm warn tar TAR_ENTRY_ERROR ENOENT: no such file or directory, open '/vercel/sandbox/backend/node_modules/@workflow/cli/node_modules/next/dist/esm/shared/lib/i18n/detect-domain-locale.js.map'
npm warn tar TAR_ENTRY_ERROR ENOENT: no such file or directory, open '/vercel/sandbox/backend/node_modules/@workflow/cli/node_modules/next/dist/shared/lib/i18n/detect-domain-locale.js.map'
npm warn tar TAR_ENTRY_ERROR ENOENT: no such file or directory, open '/vercel/sandbox/backend/node_modules/@workflow/cli/node_modules/next/dist/esm/server/route-matcher-providers/dev/dev-app-page-route-matcher-provider.js.map'
npm warn tar TAR_ENTRY_ERROR ENOENT: no such file or directory, open '/vercel/sandbox/backend/node_modules/@workflow/cli/node_modules/next/dist/server/route-matcher-providers/dev/dev-app-page-route-matcher-provider.js.map'
npm warn tar TAR_ENTRY_ERROR ENOENT: no such file or directory, open '/vercel/sandbox/backend/node_modules/@workflow/cli/node_modules/next/dist/esm/server/route-matcher-providers/dev/dev-app-route-route-matcher-provider.js.map'
npm warn tar TAR_ENTRY_ERROR ENOENT: no such file or directory, open '/vercel/sandbox/backend/node_modules/@workflow/cli/node_modules/next/dist/server/route-matcher-providers/dev/dev-app-route-route-matcher-provider.js.map'
npm warn tar TAR_ENTRY_ERROR ENOENT: no such file or directory, open '/vercel/sandbox/backend/node_modules/@workflow/cli/node_modules/next/dist/server/lib/dev-bundler-service.js.map'
npm warn tar TAR_ENTRY_ERROR ENOENT: no such file or directory, open '/vercel/sandbox/backend/node_modules/@workflow/cli/node_modules/next/dist/next-devtools/server/dev-indicator-middleware.js.map'
npm warn tar TAR_ENTRY_ERROR ENOENT: no such file or directory, open '/vercel/sandbox/backend/node_modules/@workflow/cli/node_modules/next/dist/esm/server/dev/dev-indicator-server-state.js.map'
npm warn tar TAR_ENTRY_ERROR ENOENT: no such file or directory, open '/vercel/sandbox/backend/node_modules/@workflow/cli/node_modules/next/dist/server/dev/dev-indicator-server-state.js.map'
npm warn tar TAR_ENTRY_ERROR ENOENT: no such file or directory, open '/vercel/sandbox/backend/node_modules/@workflow/cli/node_modules/next/dist/next-devtools/dev-overlay.shim.js.map'
npm warn tar TAR_ENTRY_ERROR ENOENT: no such file or directory, open '/vercel/sandbox/backend/node_modules/@workflow/cli/node_modules/next/dist/esm/server/route-matcher-providers/dev/dev-pages-api-route-matcher-provider.js.map'
npm warn tar TAR_ENTRY_ERROR ENOENT: no such file or directory, open '/vercel/sandbox/backend/node_modules/@workflow/cli/node_modules/next/dist/server/route-matcher-providers/dev/dev-pages-api-route-matcher-provider.js.map'
npm warn tar TAR_ENTRY_ERROR ENOENT: no such file or directory, open '/vercel/sandbox/backend/node_modules/@workflow/cli/node_modules/next/dist/esm/server/route-matcher-providers/dev/dev-pages-route-matcher-provider.js.map'
npm warn tar TAR_ENTRY_ERROR ENOENT: no such file or directory, open '/vercel/sandbox/backend/node_modules/@workflow/cli/node_modules/next/dist/server/route-matcher-providers/dev/dev-pages-route-matcher-provider.js.map'
npm warn tar TAR_ENTRY_ERROR ENOENT: no such file or directory, open '/vercel/sandbox/backend/node_modules/@workflow/cli/node_modules/next/dist/esm/client/components/dev-root-http-access-fallback-boundary.js.map'
npm warn tar TAR_ENTRY_ERROR ENOENT: no such file or directory, open '/vercel/sandbox/backend/node_modules/@workflow/cli/node_modules/next/dist/esm/server/route-matcher-managers/dev-route-matcher-manager.js.map'
npm warn tar TAR_ENTRY_ERROR ENOENT: no such file or directory, open '/vercel/sandbox/backend/node_modules/@workflow/cli/node_modules/next/dist/server/route-matcher-managers/dev-route-matcher-manager.js.map'
npm warn tar TAR_ENTRY_ERROR ENOENT: no such file or directory, open '/vercel/sandbox/backend/node_modules/@workflow/cli/node_modules/next/dist/build/webpack/loaders/devtool/devtool-style-inject.js.map'
npm warn tar TAR_ENTRY_ERROR ENOENT: no such file or directory, open '/vercel/sandbox/backend/node_modules/@workflow/cli/node_modules/next/dist/esm/build/webpack/loaders/devtool/devtool-style-inject.js.map'
npm warn tar TAR_ENTRY_ERROR ENOENT: no such file or directory, open '/vercel/sandbox/backend/node_modules/@workflow/cli/node_modules/next/dist/next-devtools/server/devtools-config-middleware.js.map'
npm warn tar TAR_ENTRY_ERROR ENOENT: no such file or directory, open '/vercel/sandbox/backend/node_modules/@workflow/cli/node_modules/next/dist/esm/next-devtools/shared/devtools-config-schema.js.map'
npm warn tar TAR_ENTRY_ERROR ENOENT: no such file or directory, open '/vercel/sandbox/backend/node_modules/@workflow/cli/node_modules/next/dist/next-devtools/shared/devtools-config-schema.js.map'
npm warn tar TAR_ENTRY_ERROR ENOENT: no such file or directory, open '/vercel/sandbox/backend/node_modules/@workflow/cli/node_modules/next/dist/esm/lib/typescript/diagnosticFormatter.js.map'
npm warn tar TAR_ENTRY_ERROR ENOENT: no such file or directory, open '/vercel/sandbox/backend/node_modules/@workflow/cli/node_modules/next/dist/lib/typescript/diagnosticFormatter.js.map'
npm warn tar TAR_ENTRY_ERROR ENOENT: no such file or directory, open '/vercel/sandbox/backend/node_modules/@workflow/cli/node_modules/next/dist/esm/shared/lib/router/utils/disable-smooth-scroll.js.map'
npm warn tar TAR_ENTRY_ERROR ENOENT: no such file or directory, open '/vercel/sandbox/backend/node_modules/@workflow/cli/node_modules/next/dist/shared/lib/router/utils/disable-smooth-scroll.js.map'
npm warn tar TAR_ENTRY_ERROR ENOENT: no such file or directory, open '/vercel/sandbox/backend/node_modules/@workflow/cli/node_modules/next/dist/build/webpack/loaders/metadata/discover.js.map'
npm warn tar TAR_ENTRY_ERROR ENOENT: no such file or directory, open '/vercel/sandbox/backend/node_modules/@workflow/cli/node_modules/next/dist/esm/build/webpack/loaders/metadata/discover.js.map'
npm warn tar TAR_ENTRY_ERROR ENOENT: no such file or directory, open '/vercel/sandbox/backend/node_modules/@workflow/cli/node_modules/next/dist/compiled/next-server/dist_client_dev_noop-turbopack-hmr_js-experimental.runtime.dev.js.map'
npm warn tar TAR_ENTRY_ERROR ENOENT: no such file or directory, open '/vercel/sandbox/backend/node_modules/@workflow/cli/node_modules/next/dist/compiled/next-server/dist_client_dev_noop-turbopack-hmr_js-turbo-experimental.runtime.dev.js.map'
npm warn tar TAR_ENTRY_ERROR ENOENT: no such file or directory, open '/vercel/sandbox/backend/node_modules/@workflow/cli/node_modules/next/dist/compiled/next-server/dist_client_dev_noop-turbopack-hmr_js-turbo.runtime.dev.js.map'
npm warn tar TAR_ENTRY_ERROR ENOENT: no such file or directory, open '/vercel/sandbox/backend/node_modules/@workflow/cli/node_modules/next/dist/compiled/next-server/dist_client_dev_noop-turbopack-hmr_js.runtime.dev.js.map'
npm warn tar TAR_ENTRY_ERROR ENOENT: no such file or directory, open '/vercel/sandbox/backend/node_modules/@workflow/cli/node_modules/next/dist/api/document.js.map'
npm warn tar TAR_ENTRY_ERROR ENOENT: no such file or directory, open '/vercel/sandbox/backend/node_modules/@workflow/cli/node_modules/next/dist/esm/api/document.js.map'
npm warn tar TAR_ENTRY_ERROR ENOENT: no such file or directory, open '/vercel/sandbox/backend/node_modules/@workflow/cli/node_modules/next/dist/esm/server/async-storage/draft-mode-provider.js.map'
npm warn tar TAR_ENTRY_ERROR ENOENT: no such file or directory, open '/vercel/sandbox/backend/node_modules/@workflow/cli/node_modules/next/dist/server/async-storage/draft-mode-provider.js.map'
npm warn tar TAR_ENTRY_ERROR ENOENT: no such file or directory, open '/vercel/sandbox/backend/node_modules/@workflow/cli/node_modules/next/dist/esm/server/request/draft-mode.js.map'
npm warn tar TAR_ENTRY_ERROR ENOENT: no such file or directory, open '/vercel/sandbox/backend/node_modules/@workflow/cli/node_modules/next/dist/server/request/draft-mode.js.map'
npm warn tar TAR_ENTRY_ERROR ENOENT: no such file or directory, open '/vercel/sandbox/backend/node_modules/@workflow/cli/node_modules/next/dist/esm/server/app-render/dynamic-access-async-storage-instance.js.map'
npm warn tar TAR_ENTRY_ERROR ENOENT: no such file or directory, open '/vercel/sandbox/backend/node_modules/@workflow/cli/node_modules/next/dist/esm/server/app-render/dynamic-access-async-storage.external.js.map'
npm warn tar TAR_ENTRY_ERROR ENOENT: no such file or directory, open '/vercel/sandbox/backend/node_modules/@workflow/cli/node_modules/next/dist/esm/shared/lib/lazy-dynamic/dynamic-bailout-to-csr.js.map'
npm warn tar TAR_ENTRY_ERROR ENOENT: no such file or directory, open '/vercel/sandbox/backend/node_modules/@workflow/cli/node_modules/next/dist/shared/lib/lazy-dynamic/dynamic-bailout-to-csr.js.map'
npm warn tar TAR_ENTRY_ERROR ENOENT: no such file or directory, open '/vercel/sandbox/backend/node_modules/@workflow/cli/node_modules/next/dist/esm/server/app-render/dynamic-rendering.js.map'
npm warn tar TAR_ENTRY_ERROR ENOENT: no such file or directory, open '/vercel/sandbox/backend/node_modules/@workflow/cli/node_modules/next/dist/api/dynamic.js.map'
npm warn tar TAR_ENTRY_ERROR ENOENT: no such file or directory, open '/vercel/sandbox/backend/node_modules/@workflow/cli/node_modules/next/dist/esm/api/dynamic.js.map'
npm warn tar TAR_ENTRY_ERROR ENOENT: no such file or directory, open '/vercel/sandbox/backend/node_modules/@workflow/cli/node_modules/next/dist/build/templates/edge-app-route.js.map'
npm warn tar TAR_ENTRY_ERROR ENOENT: no such file or directory, open '/vercel/sandbox/backend/node_modules/@workflow/cli/node_modules/next/dist/esm/build/templates/edge-app-route.js.map'
npm warn tar TAR_ENTRY_ERROR ENOENT: no such file or directory, open '/vercel/sandbox/backend/node_modules/@workflow/cli/node_modules/next/dist/esm/server/web/edge-route-module-wrapper.js.map'
npm warn tar TAR_ENTRY_ERROR ENOENT: no such file or directory, open '/vercel/sandbox/backend/node_modules/@workflow/cli/node_modules/next/dist/build/templates/edge-ssr-app.js.map'
npm warn tar TAR_ENTRY_ERROR ENOENT: no such file or directory, open '/vercel/sandbox/backend/node_modules/@workflow/cli/node_modules/next/dist/esm/build/templates/edge-ssr-app.js.map'
npm warn tar TAR_ENTRY_ERROR ENOENT: no such file or directory, open '/vercel/sandbox/backend/node_modules/@workflow/cli/node_modules/next/dist/build/templates/edge-ssr.js.map'
npm warn tar TAR_ENTRY_ERROR ENOENT: no such file or directory, open '/vercel/sandbox/backend/node_modules/@workflow/cli/node_modules/next/dist/esm/build/templates/edge-ssr.js.map'
npm warn tar TAR_ENTRY_ERROR ENOENT: no such file or directory, open '/vercel/sandbox/backend/node_modules/@workflow/cli/node_modules/next/dist/esm/shared/lib/errors/empty-generate-static-params-error.js.map'
npm warn tar TAR_ENTRY_ERROR ENOENT: no such file or directory, open '/vercel/sandbox/backend/node_modules/@workflow/cli/node_modules/next/dist/shared/lib/errors/empty-generate-static-params-error.js.map'
npm warn tar TAR_ENTRY_ERROR ENOENT: no such file or directory, open '/vercel/sandbox/backend/node_modules/@workflow/cli/node_modules/next/dist/build/webpack/loaders/empty-loader.js.map'
npm warn tar TAR_ENTRY_ERROR ENOENT: no such file or directory, open '/vercel/sandbox/backend/node_modules/@workflow/cli/node_modules/next/dist/esm/build/webpack/loaders/empty-loader.js.map'
npm warn tar TAR_ENTRY_ERROR ENOENT: no such file or directory, open '/vercel/sandbox/backend/node_modules/@workflow/cli/node_modules/next/dist/client/components/builtin/empty-stub.js.map'
npm warn tar TAR_ENTRY_ERROR ENOENT: no such file or directory, open '/vercel/sandbox/backend/node_modules/@workflow/cli/node_modules/next/dist/esm/client/components/builtin/empty-stub.js.map'
npm warn tar TAR_ENTRY_ERROR ENOENT: no such file or directory, open '/vercel/sandbox/backend/node_modules/@workflow/cli/node_modules/next/dist/build/jest/__mocks__/empty.js.map'
npm warn tar TAR_ENTRY_ERROR ENOENT: no such file or directory, open '/vercel/sandbox/backend/node_modules/@workflow/cli/node_modules/next/dist/esm/server/stream-utils/encoded-tags.js.map'
npm warn tar TAR_ENTRY_ERROR ENOENT: no such file or directory, open '/vercel/sandbox/backend/node_modules/@workflow/cli/node_modules/next/dist/server/stream-utils/encoded-tags.js.map'
npm warn tar TAR_ENTRY_ERROR ENOENT: no such file or directory, open '/vercel/sandbox/backend/node_modules/@workflow/cli/node_modules/next/dist/esm/server/app-render/encryption-utils-server.js.map'
npm warn tar TAR_ENTRY_ERROR ENOENT: no such file or directory, open '/vercel/sandbox/backend/node_modules/@workflow/cli/node_modules/next/dist/esm/server/app-render/encryption-utils.js.map'
npm warn tar TAR_ENTRY_ERROR ENOENT: no such file or directory, open '/vercel/sandbox/backend/node_modules/@workflow/cli/node_modules/next/dist/esm/server/app-render/encryption.js.map'
npm warn tar TAR_ENTRY_ERROR ENOENT: no such file or directory, open '/vercel/sandbox/backend/node_modules/@workflow/cli/node_modules/next/dist/esm/shared/lib/page-path/ensure-leading-slash.js.map'
npm warn tar TAR_ENTRY_ERROR ENOENT: no such file or directory, open '/vercel/sandbox/backend/node_modules/@workflow/cli/node_modules/next/dist/shared/lib/page-path/ensure-leading-slash.js.map'
npm warn tar TAR_ENTRY_ERROR ENOENT: no such file or directory, open '/vercel/sandbox/backend/node_modules/@workflow/cli/node_modules/next/dist/esm/server/app-render/entry-base.js.map'
npm warn tar TAR_ENTRY_ERROR ENOENT: no such file or directory, open '/vercel/sandbox/backend/node_modules/@workflow/cli/node_modules/next/dist/esm/shared/lib/turbopack/entry-key.js.map'
npm warn tar TAR_ENTRY_ERROR ENOENT: no such file or directory, open '/vercel/sandbox/backend/node_modules/@workflow/cli/node_modules/next/dist/shared/lib/turbopack/entry-key.js.map'
npm warn tar TAR_ENTRY_ERROR ENOENT: no such file or directory, open '/vercel/sandbox/backend/node_modules/@workflow/cli/node_modules/next/dist/esm/server/typescript/rules/entry.js.map'
npm warn tar TAR_ENTRY_ERROR ENOENT: no such file or directory, open '/vercel/sandbox/backend/node_modules/@workflow/cli/node_modules/next/dist/server/typescript/rules/entry.js.map'
npm warn tar TAR_ENTRY_ERROR ENOENT: no such file or directory, open '/vercel/sandbox/backend/node_modules/@workflow/cli/node_modules/next/dist/esm/server/route-modules/app-page/vendored/contexts/entrypoints.js.map'
npm warn tar TAR_ENTRY_ERROR ENOENT: no such file or directory, open '/vercel/sandbox/backend/node_modules/@workflow/cli/node_modules/next/dist/esm/server/route-modules/app-page/vendored/rsc/entrypoints.js.map'
npm warn tar TAR_ENTRY_ERROR ENOENT: no such file or directory, open '/vercel/sandbox/backend/node_modules/@workflow/cli/node_modules/next/dist/esm/server/route-modules/app-page/vendored/ssr/entrypoints.js.map'
npm warn tar TAR_ENTRY_ERROR ENOENT: no such file or directory, open '/vercel/sandbox/backend/node_modules/@workflow/cli/node_modules/next/dist/esm/server/route-modules/pages/vendored/contexts/entrypoints.js.map'
npm warn tar TAR_ENTRY_ERROR ENOENT: no such file or directory, open '/vercel/sandbox/backend/node_modules/@workflow/cli/node_modules/next/dist/server/route-modules/app-page/vendored/contexts/entrypoints.js.map'
npm warn tar TAR_ENTRY_ERROR ENOENT: no such file or directory, open '/vercel/sandbox/backend/node_modules/@workflow/cli/node_modules/next/dist/server/route-modules/app-page/vendored/rsc/entrypoints.js.map'
npm warn tar TAR_ENTRY_ERROR ENOENT: no such file or directory, open '/vercel/sandbox/backend/node_modules/@workflow/cli/node_modules/next/dist/server/route-modules/app-page/vendored/ssr/entrypoints.js.map'
npm warn tar TAR_ENTRY_ERROR ENOENT: no such file or directory, open '/vercel/sandbox/backend/node_modules/@workflow/cli/node_modules/next/dist/server/route-modules/pages/vendored/contexts/entrypoints.js.map'
npm warn tar TAR_ENTRY_ERROR ENOENT: no such file or directory, open '/vercel/sandbox/backend/node_modules/@workflow/cli/node_modules/next/dist/build/turborepo-access-trace/env.js.map'
npm warn tar TAR_ENTRY_ERROR ENOENT: no such file or directory, open '/vercel/sandbox/backend/node_modules/@workflow/cli/node_modules/next/dist/esm/build/turborepo-access-trace/env.js.map'
npm warn tar TAR_ENTRY_ERROR ENOENT: no such file or directory, open '/vercel/sandbox/backend/node_modules/@workflow/cli/node_modules/next/dist/client/react-client-callbacks/error-boundary-callbacks.js.map'
npm warn tar TAR_ENTRY_ERROR ENOENT: no such file or directory, open '/vercel/sandbox/backend/node_modules/@workflow/cli/node_modules/next/dist/esm/client/react-client-callbacks/error-boundary-callbacks.js.map'
npm warn tar TAR_ENTRY_ERROR ENOENT: no such file or directory, open '/vercel/sandbox/backend/node_modules/@workflow/cli/node_modules/next/dist/client/components/http-access-fallback/error-boundary.js.map'
npm warn tar TAR_ENTRY_ERROR ENOENT: no such file or directory, open '/vercel/sandbox/backend/node_modules/@workflow/cli/node_modules/next/dist/esm/client/components/error-boundary.js.map'
npm warn tar TAR_ENTRY_ERROR ENOENT: no such file or directory, open '/vercel/sandbox/backend/node_modules/@workflow/cli/node_modules/next/dist/esm/client/components/http-access-fallback/error-boundary.js.map'
npm warn tar TAR_ENTRY_ERROR ENOENT: no such file or directory, open '/vercel/sandbox/backend/node_modules/@workflow/cli/node_modules/next/dist/client/components/http-access-fallback/error-fallback.js.map'
npm warn tar TAR_ENTRY_ERROR ENOENT: no such file or directory, open '/vercel/sandbox/backend/node_modules/@workflow/cli/node_modules/next/dist/esm/client/components/http-access-fallback/error-fallback.js.map'
npm warn tar TAR_ENTRY_ERROR ENOENT: no such file or directory, open '/vercel/sandbox/backend/node_modules/@workflow/cli/node_modules/next/dist/telemetry/events/error-feedback.js.map'
npm warn tar TAR_ENTRY_ERROR ENOENT: no such file or directory, open '/vercel/sandbox/backend/node_modules/@workflow/cli/node_modules/next/dist/esm/server/node-environment-extensions/error-inspect.js.map'
npm warn tar TAR_ENTRY_ERROR ENOENT: no such file or directory, open '/vercel/sandbox/backend/node_modules/@workflow/cli/node_modules/next/dist/server/node-environment-extensions/error-inspect.js.map'
npm warn tar TAR_ENTRY_ERROR ENOENT: no such file or directory, open '/vercel/sandbox/backend/node_modules/@workflow/cli/node_modules/next/dist/build/webpack/loaders/error-loader.js.map'
npm warn tar TAR_ENTRY_ERROR ENOENT: no such file or directory, open '/vercel/sandbox/backend/node_modules/@workflow/cli/node_modules/next/dist/esm/build/webpack/loaders/error-loader.js.map'
npm warn tar TAR_ENTRY_ERROR ENOENT: no such file or directory, open '/vercel/sandbox/backend/node_modules/@workflow/cli/node_modules/next/dist/esm/shared/lib/utils/error-once.js.map'
npm warn tar TAR_ENTRY_ERROR ENOENT: no such file or directory, open '/vercel/sandbox/backend/node_modules/@workflow/cli/node_modules/next/dist/shared/lib/utils/error-once.js.map'
npm warn tar TAR_ENTRY_ERROR ENOENT: no such file or directory, open '/vercel/sandbox/backend/node_modules/@workflow/cli/node_modules/next/dist/build/webpack/loaders/postcss-loader/src/Error.js.map'
npm warn tar TAR_ENTRY_ERROR ENOENT: no such file or directory, open '/vercel/sandbox/backend/node_modules/@workflow/cli/node_modules/next/dist/esm/build/webpack/loaders/postcss-loader/src/Error.js.map'
npm warn tar TAR_ENTRY_ERROR ENOENT: no such file or directory, open '/vercel/sandbox/backend/node_modules/@workflow/cli/node_modules/next/dist/esm/server/typescript/rules/error.js.map'
npm warn tar TAR_ENTRY_ERROR ENOENT: no such file or directory, open '/vercel/sandbox/backend/node_modules/@workflow/cli/node_modules/next/dist/esm/server/web/error.js.map'
npm warn tar TAR_ENTRY_ERROR ENOENT: no such file or directory, open '/vercel/sandbox/backend/node_modules/@workflow/cli/node_modules/next/dist/server/typescript/rules/error.js.map'
npm warn tar TAR_ENTRY_ERROR ENOENT: no such file or directory, open '/vercel/sandbox/backend/node_modules/@workflow/cli/node_modules/next/dist/esm/shared/lib/router/utils/escape-path-delimiters.js.map'
npm warn tar TAR_ENTRY_ERROR ENOENT: no such file or directory, open '/vercel/sandbox/backend/node_modules/@workflow/cli/node_modules/next/dist/shared/lib/router/utils/escape-path-delimiters.js.map'
npm warn tar TAR_ENTRY_ERROR ENOENT: no such file or directory, open '/vercel/sandbox/backend/node_modules/@workflow/cli/node_modules/next/dist/server/lib/etag.js.map'
npm warn tar TAR_ENTRY_ERROR ENOENT: no such file or directory, open '/vercel/sandbox/backend/node_modules/@workflow/cli/node_modules/next/dist/esm/lib/metadata/types/extra-types.js.map'
npm warn tar TAR_ENTRY_ERROR ENOENT: no such file or directory, open '/vercel/sandbox/backend/node_modules/@workflow/cli/node_modules/next/dist/lib/metadata/types/extra-types.js.map'
npm warn tar TAR_ENTRY_ERROR ENOENT: no such file or directory, open '/vercel/sandbox/backend/node_modules/@workflow/cli/node_modules/next/dist/build/analysis/extract-const-value.js.map'
npm warn tar TAR_ENTRY_ERROR ENOENT: no such file or directory, open '/vercel/sandbox/backend/node_modules/@workflow/cli/node_modules/next/dist/esm/build/analysis/extract-const-value.js.map'
npm warn tar TAR_ENTRY_ERROR ENOENT: no such file or directory, open '/vercel/sandbox/backend/node_modules/@workflow/cli/node_modules/next/dist/esm/server/request/fallback-params.js.map'
npm warn tar TAR_ENTRY_ERROR ENOENT: no such file or directory, open '/vercel/sandbox/backend/node_modules/@workflow/cli/node_modules/next/dist/server/request/fallback-params.js.map'
npm warn tar TAR_ENTRY_ERROR ENOENT: no such file or directory, open '/vercel/sandbox/backend/node_modules/@workflow/cli/node_modules/next/dist/experimental/testmode/proxy/fetch-api.js.map'
npm warn tar TAR_ENTRY_ERROR ENOENT: no such file or directory, open '/vercel/sandbox/backend/node_modules/@workflow/cli/node_modules/next/dist/esm/server/web/spec-extension/fetch-event.js.map'
npm warn tar TAR_ENTRY_ERROR ENOENT: no such file or directory, open '/vercel/sandbox/backend/node_modules/@workflow/cli/node_modules/next/dist/esm/server/web/sandbox/fetch-inline-assets.js.map'
npm warn tar TAR_ENTRY_ERROR ENOENT: no such file or directory, open '/vercel/sandbox/backend/node_modules/@workflow/cli/node_modules/next/dist/server/web/sandbox/fetch-inline-assets.js.map'
npm warn tar TAR_ENTRY_ERROR ENOENT: no such file or directory, open '/vercel/sandbox/backend/node_modules/@workflow/cli/node_modules/next/dist/esm/client/components/router-reducer/fetch-server-response.js.map'
npm warn tar TAR_ENTRY_ERROR ENOENT: no such file or directory, open '/vercel/sandbox/backend/node_modules/@workflow/cli/node_modules/next/dist/experimental/testmode/fetch.js.map'
npm warn tar TAR_ENTRY_ERROR ENOENT: no such file or directory, open '/vercel/sandbox/backend/node_modules/@workflow/cli/node_modules/next/dist/esm/server/route-matcher-providers/dev/file-cache-route-matcher-provider.js.map'
npm warn tar TAR_ENTRY_ERROR ENOENT: no such file or directory, open '/vercel/sandbox/backend/node_modules/@workflow/cli/node_modules/next/dist/server/route-matcher-providers/dev/file-cache-route-matcher-provider.js.map'
npm warn tar TAR_ENTRY_ERROR ENOENT: no such file or directory, open '/vercel/sandbox/backend/node_modules/@workflow/cli/node_modules/next/dist/esm/server/dev/browser-logs/file-logger.js.map'
npm warn tar TAR_ENTRY_ERROR ENOENT: no such file or directory, open '/vercel/sandbox/backend/node_modules/@workflow/cli/node_modules/next/dist/server/dev/browser-logs/file-logger.js.map'
npm warn tar TAR_ENTRY_ERROR ENOENT: no such file or directory, open '/vercel/sandbox/backend/node_modules/@workflow/cli/node_modules/next/dist/build/webpack/loaders/resolve-url-loader/lib/file-protocol.js.map'
npm warn tar TAR_ENTRY_ERROR ENOENT: no such file or directory, open '/vercel/sandbox/backend/node_modules/@workflow/cli/node_modules/next/dist/esm/build/webpack/loaders/resolve-url-loader/lib/file-protocol.js.map'
npm warn tar TAR_ENTRY_ERROR ENOENT: no such file or directory, open '/vercel/sandbox/backend/node_modules/@workflow/cli/node_modules/next/dist/esm/server/route-matcher-providers/dev/helpers/file-reader/file-reader.js.map'
npm warn tar TAR_ENTRY_ERROR ENOENT: no such file or directory, open '/vercel/sandbox/backend/node_modules/@workflow/cli/node_modules/next/dist/server/route-matcher-providers/dev/helpers/file-reader/file-reader.js.map'
npm warn tar TAR_ENTRY_ERROR ENOENT: no such file or directory, open '/vercel/sandbox/backend/node_modules/@workflow/cli/node_modules/next/dist/build/webpack/config/blocks/css/loaders/file-resolve.js.map'
npm warn tar TAR_ENTRY_ERROR ENOENT: no such file or directory, open '/vercel/sandbox/backend/node_modules/@workflow/cli/node_modules/next/dist/esm/build/webpack/config/blocks/css/loaders/file-resolve.js.map'
npm warn tar TAR_ENTRY_ERROR ENOENT: no such file or directory, open '/vercel/sandbox/backend/node_modules/@workflow/cli/node_modules/next/dist/esm/server/lib/incremental-cache/file-system-cache.js.map'
npm warn tar TAR_ENTRY_ERROR ENOENT: no such file or directory, open '/vercel/sandbox/backend/node_modules/@workflow/cli/node_modules/next/dist/server/lib/incremental-cache/file-system-cache.js.map'
npm warn tar TAR_ENTRY_ERROR ENOENT: no such file or directory, open '/vercel/sandbox/backend/node_modules/@workflow/cli/node_modules/next/dist/build/jest/__mocks__/fileMock.js.map'
npm warn tar TAR_ENTRY_ERROR ENOENT: no such file or directory, open '/vercel/sandbox/backend/node_modules/@workflow/cli/node_modules/next/dist/esm/server/lib/router-utils/filesystem.js.map'
npm warn tar TAR_ENTRY_ERROR ENOENT: no such file or directory, open '/vercel/sandbox/backend/node_modules/@workflow/cli/node_modules/next/dist/server/lib/router-utils/filesystem.js.map'
npm warn tar TAR_ENTRY_ERROR ENOENT: no such file or directory, open '/vercel/sandbox/backend/node_modules/@workflow/cli/node_modules/next/dist/esm/client/components/router-reducer/fill-cache-with-new-subtree-data.js.map'
npm warn tar TAR_ENTRY_ERROR ENOENT: no such file or directory, open '/vercel/sandbox/backend/node_modules/@workflow/cli/node_modules/next/dist/esm/client/components/router-reducer/fill-lazy-items-till-leaf-with-head.js.map'
npm warn tar TAR_ENTRY_ERROR ENOENT: no such file or directory, open '/vercel/sandbox/backend/node_modules/@workflow/cli/node_modules/next/dist/client/components/router-reducer/reducers/find-head-in-cache.js.map'
npm warn tar TAR_ENTRY_ERROR ENOENT: no such file or directory, open '/vercel/sandbox/backend/node_modules/@workflow/cli/node_modules/next/dist/esm/client/components/router-reducer/reducers/find-head-in-cache.js.map'
npm warn tar TAR_ENTRY_ERROR ENOENT: no such file or directory, open '/vercel/sandbox/backend/node_modules/@workflow/cli/node_modules/next/dist/server/lib/find-page-file.js.map'
npm warn tar TAR_ENTRY_ERROR ENOENT: no such file or directory, open '/vercel/sandbox/backend/node_modules/@workflow/cli/node_modules/next/dist/server/lib/fix-mojibake.js.map'
npm warn tar TAR_ENTRY_ERROR ENOENT: no such file or directory, open '/vercel/sandbox/backend/node_modules/@workflow/cli/node_modules/next/dist/esm/server/app-render/flight-render-result.js.map'
npm warn tar TAR_ENTRY_ERROR ENOENT: no such file or directory, open '/vercel/sandbox/backend/node_modules/@workflow/cli/node_modules/next/dist/telemetry/flush-telemetry.js.map'
npm warn tar TAR_ENTRY_ERROR ENOENT: no such file or directory, open '/vercel/sandbox/backend/node_modules/@workflow/cli/node_modules/next/dist/client/components/builtin/forbidden.js.map'
npm warn tar TAR_ENTRY_ERROR ENOENT: no such file or directory, open '/vercel/sandbox/backend/node_modules/@workflow/cli/node_modules/next/dist/esm/client/components/builtin/forbidden.js.map'
npm warn tar TAR_ENTRY_ERROR ENOENT: no such file or directory, open '/vercel/sandbox/backend/node_modules/@workflow/cli/node_modules/next/dist/esm/client/components/forbidden.js.map'
npm warn tar TAR_ENTRY_ERROR ENOENT: no such file or directory, open '/vercel/sandbox/backend/node_modules/@workflow/cli/node_modules/next/dist/api/form.js.map'
npm warn tar TAR_ENTRY_ERROR ENOENT: no such file or directory, open '/vercel/sandbox/backend/node_modules/@workflow/cli/node_modules/next/dist/client/app-dir/form.js.map'
npm warn tar TAR_ENTRY_ERROR ENOENT: no such file or directory, open '/vercel/sandbox/backend/node_modules/@workflow/cli/node_modules/next/dist/esm/api/form.js.map'
npm warn tar TAR_ENTRY_ERROR ENOENT: no such file or directory, open '/vercel/sandbox/backend/node_modules/@workflow/cli/node_modules/next/dist/esm/client/app-dir/form.js.map'
npm warn tar TAR_ENTRY_ERROR ENOENT: no such file or directory, open '/vercel/sandbox/backend/node_modules/@workflow/cli/node_modules/next/dist/esm/server/mcp/tools/utils/format-errors.js.map'
npm warn tar TAR_ENTRY_ERROR ENOENT: no such file or directory, open '/vercel/sandbox/backend/node_modules/@workflow/cli/node_modules/next/dist/server/mcp/tools/utils/format-errors.js.map'
npm warn tar TAR_ENTRY_ERROR ENOENT: no such file or directory, open '/vercel/sandbox/backend/node_modules/@workflow/cli/node_modules/next/dist/server/lib/format-hostname.js.map'
npm warn tar TAR_ENTRY_ERROR ENOENT: no such file or directory, open '/vercel/sandbox/backend/node_modules/@workflow/cli/node_modules/next/dist/build/manifests/formatter/format-manifest.js.map'
npm warn tar TAR_ENTRY_ERROR ENOENT: no such file or directory, open '/vercel/sandbox/backend/node_modules/@workflow/cli/node_modules/next/dist/esm/build/manifests/formatter/format-manifest.js.map'
npm warn tar TAR_ENTRY_ERROR ENOENT: no such file or directory, open '/vercel/sandbox/backend/node_modules/@workflow/cli/node_modules/next/dist/esm/shared/lib/router/utils/format-next-pathname-info.js.map'
npm warn tar TAR_ENTRY_ERROR ENOENT: no such file or directory, open '/vercel/sandbox/backend/node_modules/@workflow/cli/node_modules/next/dist/shared/lib/router/utils/format-next-pathname-info.js.map'
npm warn tar TAR_ENTRY_ERROR ENOENT: no such file or directory, open '/vercel/sandbox/backend/node_modules/@workflow/cli/node_modules/next/dist/esm/shared/lib/router/utils/format-url.js.map'
npm warn tar TAR_ENTRY_ERROR ENOENT: no such file or directory, open '/vercel/sandbox/backend/node_modules/@workflow/cli/node_modules/next/dist/shared/lib/router/utils/format-url.js.map'
npm warn tar TAR_ENTRY_ERROR ENOENT: no such file or directory, open '/vercel/sandbox/backend/node_modules/@workflow/cli/node_modules/next/dist/build/output/format.js.map'
npm warn tar TAR_ENTRY_ERROR ENOENT: no such file or directory, open '/vercel/sandbox/backend/node_modules/@workflow/cli/node_modules/next/dist/esm/build/output/format.js.map'
npm warn tar TAR_ENTRY_ERROR ENOENT: no such file or directory, open '/vercel/sandbox/backend/node_modules/@workflow/cli/node_modules/next/dist/esm/next-devtools/shared/forward-logs-shared.js.map'
npm warn tar TAR_ENTRY_ERROR ENOENT: no such file or directory, open '/vercel/sandbox/backend/node_modules/@workflow/cli/node_modules/next/dist/next-devtools/shared/forward-logs-shared.js.map'
npm warn tar TAR_ENTRY_ERROR ENOENT: no such file or directory, open '/vercel/sandbox/backend/node_modules/@workflow/cli/node_modules/next/dist/esm/next-devtools/userspace/app/forward-logs-utils.js.map'
npm warn tar TAR_ENTRY_ERROR ENOENT: no such file or directory, open '/vercel/sandbox/backend/node_modules/@workflow/cli/node_modules/next/dist/next-devtools/userspace/app/forward-logs-utils.js.map'
npm warn tar TAR_ENTRY_ERROR ENOENT: no such file or directory, open '/vercel/sandbox/backend/node_modules/@workflow/cli/node_modules/next/dist/esm/next-devtools/userspace/app/forward-logs.js.map'
npm warn tar TAR_ENTRY_ERROR ENOENT: no such file or directory, open '/vercel/sandbox/backend/node_modules/@workflow/cli/node_modules/next/dist/next-devtools/userspace/app/forward-logs.js.map'
npm warn tar TAR_ENTRY_ERROR ENOENT: no such file or directory, open '/vercel/sandbox/backend/node_modules/@workflow/cli/node_modules/next/dist/esm/lib/memory/gc-observer.js.map'
npm warn tar TAR_ENTRY_ERROR ENOENT: no such file or directory, open '/vercel/sandbox/backend/node_modules/@workflow/cli/node_modules/next/dist/lib/memory/gc-observer.js.map'
npm warn tar TAR_ENTRY_ERROR ENOENT: no such file or directory, open '/vercel/sandbox/backend/node_modules/@workflow/cli/node_modules/next/dist/esm/shared/lib/router/utils/get-asset-path-from-route.js.map'
npm warn tar TAR_ENTRY_ERROR ENOENT: no such file or directory, open '/vercel/sandbox/backend/node_modules/@workflow/cli/node_modules/next/dist/shared/lib/router/utils/get-asset-path-from-route.js.map'
npm warn tar TAR_ENTRY_ERROR ENOENT: no such file or directory, open '/vercel/sandbox/backend/node_modules/@workflow/cli/node_modules/next/dist/esm/server/app-render/get-asset-query-string.js.map'
npm warn tar TAR_ENTRY_ERROR ENOENT: no such file or directory, open '/vercel/sandbox/backend/node_modules/@workflow/cli/node_modules/next/dist/esm/lib/helpers/get-cache-directory.js.map'
npm warn tar TAR_ENTRY_ERROR ENOENT: no such file or directory, open '/vercel/sandbox/backend/node_modules/@workflow/cli/node_modules/next/dist/lib/helpers/get-cache-directory.js.map'
npm warn tar TAR_ENTRY_ERROR ENOENT: no such file or directory, open '/vercel/sandbox/backend/node_modules/@workflow/cli/node_modules/next/dist/build/babel/loader/get-config.js.map'
npm warn tar TAR_ENTRY_ERROR ENOENT: no such file or directory, open '/vercel/sandbox/backend/node_modules/@workflow/cli/node_modules/next/dist/esm/build/babel/loader/get-config.js.map'
npm warn tar TAR_ENTRY_ERROR ENOENT: no such file or directory, open '/vercel/sandbox/backend/node_modules/@workflow/cli/node_modules/next/dist/esm/server/api-utils/get-cookie-parser.js.map'
npm warn tar TAR_ENTRY_ERROR ENOENT: no such file or directory, open '/vercel/sandbox/backend/node_modules/@workflow/cli/node_modules/next/dist/server/api-utils/get-cookie-parser.js.map'
npm warn tar TAR_ENTRY_ERROR ENOENT: no such file or directory, open '/vercel/sandbox/backend/node_modules/@workflow/cli/node_modules/next/dist/esm/server/app-render/get-css-inlined-link-tags.js.map'
npm warn tar TAR_ENTRY_ERROR ENOENT: no such file or directory, open '/vercel/sandbox/backend/node_modules/@workflow/cli/node_modules/next/dist/esm/next-devtools/server/font/get-dev-overlay-font-middleware.js.map'
npm warn tar TAR_ENTRY_ERROR ENOENT: no such file or directory, open '/vercel/sandbox/backend/node_modules/@workflow/cli/node_modules/next/dist/next-devtools/server/font/get-dev-overlay-font-middleware.js.map'
npm warn tar TAR_ENTRY_ERROR ENOENT: no such file or directory, open '/vercel/sandbox/backend/node_modules/@workflow/cli/node_modules/next/dist/esm/shared/lib/router/utils/get-dynamic-param.js.map'
npm warn tar TAR_ENTRY_ERROR ENOENT: no such file or directory, open '/vercel/sandbox/backend/node_modules/@workflow/cli/node_modules/next/dist/shared/lib/router/utils/get-dynamic-param.js.map'
npm warn tar TAR_ENTRY_ERROR ENOENT: no such file or directory, open '/vercel/sandbox/backend/node_modules/@workflow/cli/node_modules/next/dist/esm/server/web/get-edge-preview-props.js.map'
npm warn tar TAR_ENTRY_ERROR ENOENT: no such file or directory, open '/vercel/sandbox/backend/node_modules/@workflow/cli/node_modules/next/dist/esm/server/mcp/tools/get-errors.js.map'
npm warn tar TAR_ENTRY_ERROR ENOENT: no such file or directory, open '/vercel/sandbox/backend/node_modules/@workflow/cli/node_modules/next/dist/server/mcp/tools/get-errors.js.map'
npm warn tar TAR_ENTRY_ERROR ENOENT: no such file or directory, open '/vercel/sandbox/backend/node_modules/@workflow/cli/node_modules/next/dist/esm/server/app-render/get-layer-assets.js.map'
npm warn tar TAR_ENTRY_ERROR ENOENT: no such file or directory, open '/vercel/sandbox/backend/node_modules/@workflow/cli/node_modules/next/dist/esm/shared/lib/i18n/get-locale-redirect.js.map'
npm warn tar TAR_ENTRY_ERROR ENOENT: no such file or directory, open '/vercel/sandbox/backend/node_modules/@workflow/cli/node_modules/next/dist/shared/lib/i18n/get-locale-redirect.js.map'
npm warn tar TAR_ENTRY_ERROR ENOENT: no such file or directory, open '/vercel/sandbox/backend/node_modules/@workflow/cli/node_modules/next/dist/esm/server/mcp/tools/get-logs.js.map'
npm warn tar TAR_ENTRY_ERROR ENOENT: no such file or directory, open '/vercel/sandbox/backend/node_modules/@workflow/cli/node_modules/next/dist/server/mcp/tools/get-logs.js.map'
npm warn tar TAR_ENTRY_ERROR ENOENT: no such file or directory, open '/vercel/sandbox/backend/node_modules/@workflow/cli/node_modules/next/dist/esm/server/mcp/get-mcp-middleware.js.map'
npm warn tar TAR_ENTRY_ERROR ENOENT: no such file or directory, open '/vercel/sandbox/backend/node_modules/@workflow/cli/node_modules/next/dist/server/mcp/get-mcp-middleware.js.map'
npm warn tar TAR_ENTRY_ERROR ENOENT: no such file or directory, open '/vercel/sandbox/backend/node_modules/@workflow/cli/node_modules/next/dist/esm/lib/metadata/get-metadata-route.js.map'
npm warn tar TAR_ENTRY_ERROR ENOENT: no such file or directory, open '/vercel/sandbox/backend/node_modules/@workflow/cli/node_modules/next/dist/lib/metadata/get-metadata-route.js.map'
npm warn tar TAR_ENTRY_ERROR ENOENT: no such file or directory, open '/vercel/sandbox/backend/node_modules/@workflow/cli/node_modules/next/dist/build/webpack/loaders/get-module-build-info.js.map'
npm warn tar TAR_ENTRY_ERROR ENOENT: no such file or directory, open '/vercel/sandbox/backend/node_modules/@workflow/cli/node_modules/next/dist/esm/build/webpack/loaders/get-module-build-info.js.map'
npm warn tar TAR_ENTRY_ERROR ENOENT: no such file or directory, open '/vercel/sandbox/backend/node_modules/@workflow/cli/node_modules/next/dist/next-devtools/server/get-next-error-feedback-middleware.js.map'
npm warn tar TAR_ENTRY_ERROR ENOENT: no such file or directory, open '/vercel/sandbox/backend/node_modules/@workflow/cli/node_modules/next/dist/esm/shared/lib/router/utils/get-next-pathname-info.js.map'
npm warn tar TAR_ENTRY_ERROR ENOENT: no such file or directory, open '/vercel/sandbox/backend/node_modules/@workflow/cli/node_modules/next/dist/shared/lib/router/utils/get-next-pathname-info.js.map'
npm warn tar TAR_ENTRY_ERROR ENOENT: no such file or directory, open '/vercel/sandbox/backend/node_modules/@workflow/cli/node_modules/next/dist/esm/lib/helpers/get-npx-command.js.map'
npm warn tar TAR_ENTRY_ERROR ENOENT: no such file or directory, open '/vercel/sandbox/backend/node_modules/@workflow/cli/node_modules/next/dist/lib/helpers/get-npx-command.js.map'
npm warn tar TAR_ENTRY_ERROR ENOENT: no such file or directory, open '/vercel/sandbox/backend/node_modules/@workflow/cli/node_modules/next/dist/esm/lib/helpers/get-online.js.map'
npm warn tar TAR_ENTRY_ERROR ENOENT: no such file or directory, open '/vercel/sandbox/backend/node_modules/@workflow/cli/node_modules/next/dist/lib/helpers/get-online.js.map'
npm warn tar TAR_ENTRY_ERROR ENOENT: no such file or directory, open '/vercel/sandbox/backend/node_modules/@workflow/cli/node_modules/next/dist/esm/server/mcp/get-or-create-mcp-server.js.map'
npm warn tar TAR_ENTRY_ERROR ENOENT: no such file or directory, open '/vercel/sandbox/backend/node_modules/@workflow/cli/node_modules/next/dist/server/mcp/get-or-create-mcp-server.js.map'
npm warn tar TAR_ENTRY_ERROR ENOENT: no such file or directory, open '/vercel/sandbox/backend/node_modules/@workflow/cli/node_modules/next/dist/esm/server/mcp/tools/get-page-metadata.js.map'
npm warn tar TAR_ENTRY_ERROR ENOENT: no such file or directory, open '/vercel/sandbox/backend/node_modules/@workflow/cli/node_modules/next/dist/server/mcp/tools/get-page-metadata.js.map'
npm warn tar TAR_ENTRY_ERROR ENOENT: no such file or directory, open '/vercel/sandbox/backend/node_modules/@workflow/cli/node_modules/next/dist/esm/shared/lib/page-path/get-page-paths.js.map'
npm warn tar TAR_ENTRY_ERROR ENOENT: no such file or directory, open '/vercel/sandbox/backend/node_modules/@workflow/cli/node_modules/next/dist/shared/lib/page-path/get-page-paths.js.map'
npm warn tar TAR_ENTRY_ERROR ENOENT: no such file or directory, open '/vercel/sandbox/backend/node_modules/@workflow/cli/node_modules/next/dist/build/analysis/get-page-static-info.js.map'
npm warn tar TAR_ENTRY_ERROR ENOENT: no such file or directory, open '/vercel/sandbox/backend/node_modules/@workflow/cli/node_modules/next/dist/esm/build/analysis/get-page-static-info.js.map'
npm warn tar TAR_ENTRY_ERROR ENOENT: no such file or directory, open '/vercel/sandbox/backend/node_modules/@workflow/cli/node_modules/next/dist/esm/export/helpers/get-params.js.map'
npm warn tar TAR_ENTRY_ERROR ENOENT: no such file or directory, open '/vercel/sandbox/backend/node_modules/@workflow/cli/node_modules/next/dist/export/helpers/get-params.js.map'
npm warn tar TAR_ENTRY_ERROR ENOENT: no such file or directory, open '/vercel/sandbox/backend/node_modules/@workflow/cli/node_modules/next/dist/esm/server/route-modules/app-route/helpers/get-pathname-from-absolute-path.js.map'
npm warn tar TAR_ENTRY_ERROR ENOENT: no such file or directory, open '/vercel/sandbox/backend/node_modules/@workflow/cli/node_modules/next/dist/server/route-modules/app-route/helpers/get-pathname-from-absolute-path.js.map'
npm warn tar TAR_ENTRY_ERROR ENOENT: no such file or directory, open '/vercel/sandbox/backend/node_modules/@workflow/cli/node_modules/next/dist/esm/lib/helpers/get-pkg-manager.js.map'
npm warn tar TAR_ENTRY_ERROR ENOENT: no such file or directory, open '/vercel/sandbox/backend/node_modules/@workflow/cli/node_modules/next/dist/lib/helpers/get-pkg-manager.js.map'
npm warn tar TAR_ENTRY_ERROR ENOENT: no such file or directory, open '/vercel/sandbox/backend/node_modules/@workflow/cli/node_modules/next/dist/esm/server/app-render/get-preloadable-fonts.js.map'
npm warn tar TAR_ENTRY_ERROR ENOENT: no such file or directory, open '/vercel/sandbox/backend/node_modules/@workflow/cli/node_modules/next/dist/esm/server/mcp/tools/get-project-metadata.js.map'
npm warn tar TAR_ENTRY_ERROR ENOENT: no such file or directory, open '/vercel/sandbox/backend/node_modules/@workflow/cli/node_modules/next/dist/server/mcp/tools/get-project-metadata.js.map'
npm warn tar TAR_ENTRY_ERROR ENOENT: no such file or directory, open '/vercel/sandbox/backend/node_modules/@workflow/cli/node_modules/next/dist/esm/lib/helpers/get-registry.js.map'
npm warn tar TAR_ENTRY_ERROR ENOENT: no such file or directory, open '/vercel/sandbox/backend/node_modules/@workflow/cli/node_modules/next/dist/lib/helpers/get-registry.js.map'
npm warn tar TAR_ENTRY_ERROR ENOENT: no such file or directory, open '/vercel/sandbox/backend/node_modules/@workflow/cli/node_modules/next/dist/esm/lib/helpers/get-reserved-port.js.map'
npm warn tar TAR_ENTRY_ERROR ENOENT: no such file or directory, open '/vercel/sandbox/backend/node_modules/@workflow/cli/node_modules/next/dist/lib/helpers/get-reserved-port.js.map'
npm warn tar TAR_ENTRY_ERROR ENOENT: no such file or directory, open '/vercel/sandbox/backend/node_modules/@workflow/cli/node_modules/next/dist/esm/shared/lib/router/utils/get-route-from-asset-path.js.map'
npm warn tar TAR_ENTRY_ERROR ENOENT: no such file or directory, open '/vercel/sandbox/backend/node_modules/@workflow/cli/node_modules/next/dist/shared/lib/router/utils/get-route-from-asset-path.js.map'
npm warn tar TAR_ENTRY_ERROR ENOENT: no such file or directory, open '/vercel/sandbox/backend/node_modules/@workflow/cli/node_modules/next/dist/esm/server/mcp/tools/get-routes.js.map'
npm warn tar TAR_ENTRY_ERROR ENOENT: no such file or directory, open '/vercel/sandbox/backend/node_modules/@workflow/cli/node_modules/next/dist/server/mcp/tools/get-routes.js.map'
npm warn tar TAR_ENTRY_ERROR ENOENT: no such file or directory, open '/vercel/sandbox/backend/node_modules/@workflow/cli/node_modules/next/dist/esm/server/app-render/get-script-nonce-from-header.js.map'
npm warn tar TAR_ENTRY_ERROR ENOENT: no such file or directory, open '/vercel/sandbox/backend/node_modules/@workflow/cli/node_modules/next/dist/esm/shared/lib/router/utils/get-segment-param.js.map'
npm warn tar TAR_ENTRY_ERROR ENOENT: no such file or directory, open '/vercel/sandbox/backend/node_modules/@workflow/cli/node_modules/next/dist/shared/lib/router/utils/get-segment-param.js.map'
npm warn tar TAR_ENTRY_ERROR ENOENT: no such file or directory, open '/vercel/sandbox/backend/node_modules/@workflow/cli/node_modules/next/dist/esm/server/mcp/tools/get-server-action-by-id.js.map'
npm warn tar TAR_ENTRY_ERROR ENOENT: no such file or directory, open '/vercel/sandbox/backend/node_modules/@workflow/cli/node_modules/next/dist/server/mcp/tools/get-server-action-by-id.js.map'
npm warn tar TAR_ENTRY_ERROR ENOENT: no such file or directory, open '/vercel/sandbox/backend/node_modules/@workflow/cli/node_modules/next/dist/esm/server/app-render/get-short-dynamic-param-type.js.map'
npm warn tar TAR_ENTRY_ERROR ENOENT: no such file or directory, open '/vercel/sandbox/backend/node_modules/@workflow/cli/node_modules/next/dist/client/dev/hot-reloader/get-socket-url.js.map'
npm warn tar TAR_ENTRY_ERROR ENOENT: no such file or directory, open '/vercel/sandbox/backend/node_modules/@workflow/cli/node_modules/next/dist/esm/client/dev/hot-reloader/get-socket-url.js.map'
npm warn tar TAR_ENTRY_ERROR ENOENT: no such file or directory, open '/vercel/sandbox/backend/node_modules/@workflow/cli/node_modules/next/dist/esm/server/dev/get-source-map-from-file.js.map'
npm warn tar TAR_ENTRY_ERROR ENOENT: no such file or directory, open '/vercel/sandbox/backend/node_modules/@workflow/cli/node_modules/next/dist/server/dev/get-source-map-from-file.js.map'
npm warn tar TAR_ENTRY_ERROR ENOENT: no such file or directory, open '/vercel/sandbox/backend/node_modules/@workflow/cli/node_modules/next/dist/build/webpack/config/blocks/css/loaders/getCssModuleLocalIdent.js.map'
npm warn tar TAR_ENTRY_ERROR ENOENT: no such file or directory, open '/vercel/sandbox/backend/node_modules/@workflow/cli/node_modules/next/dist/esm/build/webpack/config/blocks/css/loaders/getCssModuleLocalIdent.js.map'
npm warn tar TAR_ENTRY_ERROR ENOENT: no such file or directory, open '/vercel/sandbox/backend/node_modules/@workflow/cli/node_modules/next/dist/build/webpack/plugins/wellknown-errors-plugin/getModuleTrace.js.map'
npm warn tar TAR_ENTRY_ERROR ENOENT: no such file or directory, open '/vercel/sandbox/backend/node_modules/@workflow/cli/node_modules/next/dist/esm/build/webpack/plugins/wellknown-errors-plugin/getModuleTrace.js.map'
npm warn tar TAR_ENTRY_ERROR ENOENT: no such file or directory, open '/vercel/sandbox/backend/node_modules/@workflow/cli/node_modules/next/dist/esm/lib/typescript/getTypeScriptConfiguration.js.map'
npm warn tar TAR_ENTRY_ERROR ENOENT: no such file or directory, open '/vercel/sandbox/backend/node_modules/@workflow/cli/node_modules/next/dist/lib/typescript/getTypeScriptConfiguration.js.map'
npm warn tar TAR_ENTRY_ERROR ENOENT: no such file or directory, open '/vercel/sandbox/backend/node_modules/@workflow/cli/node_modules/next/dist/esm/lib/typescript/getTypeScriptIntent.js.map'
npm warn tar TAR_ENTRY_ERROR ENOENT: no such file or directory, open '/vercel/sandbox/backend/node_modules/@workflow/cli/node_modules/next/dist/lib/typescript/getTypeScriptIntent.js.map'
npm warn tar TAR_ENTRY_ERROR ENOENT: no such file or directory, open '/vercel/sandbox/backend/node_modules/@workflow/cli/node_modules/next/dist/build/webpack/loaders/css-loader/src/runtime/getUrl.js.map'
npm warn tar TAR_ENTRY_ERROR ENOENT: no such file or directory, open '/vercel/sandbox/backend/node_modules/@workflow/cli/node_modules/next/dist/esm/build/webpack/loaders/css-loader/src/runtime/getUrl.js.map'
npm warn tar TAR_ENTRY_ERROR ENOENT: no such file or directory, open '/vercel/sandbox/backend/node_modules/@workflow/cli/node_modules/next/dist/esm/server/node-environment-extensions/global-behaviors.js.map'
npm warn tar TAR_ENTRY_ERROR ENOENT: no such file or directory, open '/vercel/sandbox/backend/node_modules/@workflow/cli/node_modules/next/dist/server/node-environment-extensions/global-behaviors.js.map'
npm warn tar TAR_ENTRY_ERROR ENOENT: no such file or directory, open '/vercel/sandbox/backend/node_modules/@workflow/cli/node_modules/next/dist/client/components/builtin/global-error.js.map'
npm warn tar TAR_ENTRY_ERROR ENOENT: no such file or directory, open '/vercel/sandbox/backend/node_modules/@workflow/cli/node_modules/next/dist/esm/client/components/builtin/global-error.js.map'
npm warn tar TAR_ENTRY_ERROR ENOENT: no such file or directory, open '/vercel/sandbox/backend/node_modules/@workflow/cli/node_modules/next/dist/client/components/builtin/global-not-found.js.map'
npm warn tar TAR_ENTRY_ERROR ENOENT: no such file or directory, open '/vercel/sandbox/backend/node_modules/@workflow/cli/node_modules/next/dist/esm/client/components/builtin/global-not-found.js.map'
npm warn tar TAR_ENTRY_ERROR ENOENT: no such file or directory, open '/vercel/sandbox/backend/node_modules/@workflow/cli/node_modules/next/dist/build/webpack/config/blocks/css/loaders/global.js.map'
npm warn tar TAR_ENTRY_ERROR ENOENT: no such file or directory, open '/vercel/sandbox/backend/node_modules/@workflow/cli/node_modules/next/dist/esm/build/webpack/config/blocks/css/loaders/global.js.map'
npm warn tar TAR_ENTRY_ERROR ENOENT: no such file or directory, open '/vercel/sandbox/backend/node_modules/@workflow/cli/node_modules/next/dist/esm/server/web/globals.js.map'
npm warn tar TAR_ENTRY_ERROR ENOENT: no such file or directory, open '/vercel/sandbox/backend/node_modules/@workflow/cli/node_modules/next/dist/client/components/errors/graceful-degrade-boundary.js.map'
npm warn tar TAR_ENTRY_ERROR ENOENT: no such file or directory, open '/vercel/sandbox/backend/node_modules/@workflow/cli/node_modules/next/dist/esm/client/components/errors/graceful-degrade-boundary.js.map'
npm warn tar TAR_ENTRY_ERROR ENOENT: no such file or directory, open '/vercel/sandbox/backend/node_modules/@workflow/cli/node_modules/next/dist/esm/client/components/handle-isr-error.js.map'
npm warn tar TAR_ENTRY_ERROR ENOENT: no such file or directory, open '/vercel/sandbox/backend/node_modules/@workflow/cli/node_modules/next/dist/esm/client/components/router-reducer/handle-mutable.js.map'
npm warn tar TAR_ENTRY_ERROR ENOENT: no such file or directory, open '/vercel/sandbox/backend/node_modules/@workflow/cli/node_modules/next/dist/esm/client/components/router-reducer/handle-segment-mismatch.js.map'
npm warn tar TAR_ENTRY_ERROR ENOENT: no such file or directory, open '/vercel/sandbox/backend/node_modules/@workflow/cli/node_modules/next/dist/esm/server/use-cache/handlers.js.map'
npm warn tar TAR_ENTRY_ERROR ENOENT: no such file or directory, open '/vercel/sandbox/backend/node_modules/@workflow/cli/node_modules/next/dist/server/use-cache/handlers.js.map'
npm warn tar TAR_ENTRY_ERROR ENOENT: no such file or directory, open '/vercel/sandbox/backend/node_modules/@workflow/cli/node_modules/next/dist/esm/shared/lib/errors/hard-deprecated-config-error.js.map'
npm warn tar TAR_ENTRY_ERROR ENOENT: no such file or directory, open '/vercel/sandbox/backend/node_modules/@workflow/cli/node_modules/next/dist/shared/lib/errors/hard-deprecated-config-error.js.map'
npm warn tar TAR_ENTRY_ERROR ENOENT: no such file or directory, open '/vercel/sandbox/backend/node_modules/@workflow/cli/node_modules/next/dist/client/components/router-reducer/reducers/has-interception-route-in-current-tree.js.map'
npm warn tar TAR_ENTRY_ERROR ENOENT: no such file or directory, open '/vercel/sandbox/backend/node_modules/@workflow/cli/node_modules/next/dist/esm/client/components/router-reducer/reducers/has-interception-route-in-current-tree.js.map'
npm warn tar TAR_ENTRY_ERROR ENOENT: no such file or directory, open '/vercel/sandbox/backend/node_modules/@workflow/cli/node_modules/next/dist/esm/server/app-render/has-loading-component-in-tree.js.map'
npm warn tar TAR_ENTRY_ERROR ENOENT: no such file or directory, open '/vercel/sandbox/backend/node_modules/@workflow/cli/node_modules/next/dist/esm/server/route-modules/app-page/vendored/contexts/head-manager-context.js.map'
npm warn tar TAR_ENTRY_ERROR ENOENT: no such file or directory, open '/vercel/sandbox/backend/node_modules/@workflow/cli/node_modules/next/dist/esm/server/route-modules/pages/vendored/contexts/head-manager-context.js.map'
npm warn tar TAR_ENTRY_ERROR ENOENT: no such file or directory, open '/vercel/sandbox/backend/node_modules/@workflow/cli/node_modules/next/dist/server/route-modules/app-page/vendored/contexts/head-manager-context.js.map'
npm warn tar TAR_ENTRY_ERROR ENOENT: no such file or directory, open '/vercel/sandbox/backend/node_modules/@workflow/cli/node_modules/next/dist/server/route-modules/pages/vendored/contexts/head-manager-context.js.map'
npm warn tar TAR_ENTRY_ERROR ENOENT: no such file or directory, open '/vercel/sandbox/backend/node_modules/@workflow/cli/node_modules/next/dist/api/head.js.map'
npm warn tar TAR_ENTRY_ERROR ENOENT: no such file or directory, open '/vercel/sandbox/backend/node_modules/@workflow/cli/node_modules/next/dist/esm/api/head.js.map'
npm warn tar TAR_ENTRY_ERROR ENOENT: no such file or directory, open '/vercel/sandbox/backend/node_modules/@workflow/cli/node_modules/next/dist/api/headers.js.map'
npm warn tar TAR_ENTRY_ERROR ENOENT: no such file or directory, open '/vercel/sandbox/backend/node_modules/@workflow/cli/node_modules/next/dist/esm/api/headers.js.map'
npm warn tar TAR_ENTRY_ERROR ENOENT: no such file or directory, open '/vercel/sandbox/backend/node_modules/@workflow/cli/node_modules/next/dist/esm/server/request/headers.js.map'
npm warn tar TAR_ENTRY_ERROR ENOENT: no such file or directory, open '/vercel/sandbox/backend/node_modules/@workflow/cli/node_modules/next/dist/esm/server/web/spec-extension/adapters/headers.js.map'
npm warn tar TAR_ENTRY_ERROR ENOENT: no such file or directory, open '/vercel/sandbox/backend/node_modules/@workflow/cli/node_modules/next/dist/server/request/headers.js.map'
npm warn tar TAR_ENTRY_ERROR ENOENT: no such file or directory, open '/vercel/sandbox/backend/node_modules/@workflow/cli/node_modules/next/dist/server/web/spec-extension/adapters/headers.js.map'
npm warn tar TAR_ENTRY_ERROR ENOENT: no such file or directory, open '/vercel/sandbox/backend/node_modules/@workflow/cli/node_modules/next/dist/build/swc/helpers.js.map'
npm warn tar TAR_ENTRY_ERROR ENOENT: no such file or directory, open '/vercel/sandbox/backend/node_modules/@workflow/cli/node_modules/next/dist/build/templates/helpers.js.map'
npm warn tar TAR_ENTRY_ERROR ENOENT: no such file or directory, open '/vercel/sandbox/backend/node_modules/@workflow/cli/node_modules/next/dist/build/turborepo-access-trace/helpers.js.map'
npm warn tar TAR_ENTRY_ERROR ENOENT: no such file or directory, open '/vercel/sandbox/backend/node_modules/@workflow/cli/node_modules/next/dist/build/webpack/config/helpers.js.map'
npm warn tar TAR_ENTRY_ERROR ENOENT: no such file or directory, open '/vercel/sandbox/backend/node_modules/@workflow/cli/node_modules/next/dist/compiled/@next/react-refresh-utils/dist/internal/helpers.js.map'
npm warn tar TAR_ENTRY_ERROR ENOENT: no such file or directory, open '/vercel/sandbox/backend/node_modules/@workflow/cli/node_modules/next/dist/esm/build/swc/helpers.js.map'
npm warn tar TAR_ENTRY_ERROR ENOENT: no such file or directory, open '/vercel/sandbox/backend/node_modules/@workflow/cli/node_modules/next/dist/esm/build/templates/helpers.js.map'
npm warn tar TAR_ENTRY_ERROR ENOENT: no such file or directory, open '/vercel/sandbox/backend/node_modules/@workflow/cli/node_modules/next/dist/esm/build/turborepo-access-trace/helpers.js.map'
npm warn tar TAR_ENTRY_ERROR ENOENT: no such file or directory, open '/vercel/sandbox/backend/node_modules/@workflow/cli/node_modules/next/dist/esm/build/webpack/config/helpers.js.map'
npm warn tar TAR_ENTRY_ERROR ENOENT: no such file or directory, open '/vercel/sandbox/backend/node_modules/@workflow/cli/node_modules/next/dist/esm/server/base-http/helpers.js.map'
npm warn tar TAR_ENTRY_ERROR ENOENT: no such file or directory, open '/vercel/sandbox/backend/node_modules/@workflow/cli/node_modules/next/dist/server/base-http/helpers.js.map'
npm warn tar TAR_ENTRY_ERROR ENOENT: no such file or directory, open '/vercel/sandbox/backend/node_modules/@workflow/cli/node_modules/next/dist/client/components/router-reducer/reducers/hmr-refresh-reducer.js.map'
npm warn tar TAR_ENTRY_ERROR ENOENT: no such file or directory, open '/vercel/sandbox/backend/node_modules/@workflow/cli/node_modules/next/dist/esm/client/components/router-reducer/reducers/hmr-refresh-reducer.js.map'
npm warn tar TAR_ENTRY_ERROR ENOENT: no such file or directory, open '/vercel/sandbox/backend/node_modules/@workflow/cli/node_modules/next/dist/esm/server/route-modules/app-page/vendored/contexts/hooks-client-context.js.map'
npm warn tar TAR_ENTRY_ERROR ENOENT: no such file or directory, open '/vercel/sandbox/backend/node_modules/@workflow/cli/node_modules/next/dist/esm/server/route-modules/pages/vendored/contexts/hooks-client-context.js.map'
npm warn tar TAR_ENTRY_ERROR ENOENT: no such file or directory, open '/vercel/sandbox/backend/node_modules/@workflow/cli/node_modules/next/dist/server/route-modules/app-page/vendored/contexts/hooks-client-context.js.map'
npm warn tar TAR_ENTRY_ERROR ENOENT: no such file or directory, open '/vercel/sandbox/backend/node_modules/@workflow/cli/node_modules/next/dist/server/route-modules/pages/vendored/contexts/hooks-client-context.js.map'
npm warn tar TAR_ENTRY_ERROR ENOENT: no such file or directory, open '/vercel/sandbox/backend/node_modules/@workflow/cli/node_modules/next/dist/esm/client/components/hooks-server-context.js.map'
npm warn tar TAR_ENTRY_ERROR ENOENT: no such file or directory, open '/vercel/sandbox/backend/node_modules/@workflow/cli/node_modules/next/dist/esm/server/dev/hot-middleware.js.map'
npm warn tar TAR_ENTRY_ERROR ENOENT: no such file or directory, open '/vercel/sandbox/backend/node_modules/@workflow/cli/node_modules/next/dist/server/dev/hot-middleware.js.map'
npm warn tar TAR_ENTRY_ERROR ENOENT: no such file or directory, open '/vercel/sandbox/backend/node_modules/@workflow/cli/node_modules/next/dist/client/dev/hot-reloader/app/hot-reloader-app.js.map'
npm warn tar TAR_ENTRY_ERROR ENOENT: no such file or directory, open '/vercel/sandbox/backend/node_modules/@workflow/cli/node_modules/next/dist/esm/client/dev/hot-reloader/app/hot-reloader-app.js.map'
npm warn tar TAR_ENTRY_ERROR ENOENT: no such file or directory, open '/vercel/sandbox/backend/node_modules/@workflow/cli/node_modules/next/dist/client/dev/hot-reloader/pages/hot-reloader-pages.js.map'
npm warn tar TAR_ENTRY_ERROR ENOENT: no such file or directory, open '/vercel/sandbox/backend/node_modules/@workflow/cli/node_modules/next/dist/esm/client/dev/hot-reloader/pages/hot-reloader-pages.js.map'
npm warn tar TAR_ENTRY_ERROR ENOENT: no such file or directory, open '/vercel/sandbox/backend/node_modules/@workflow/cli/node_modules/next/dist/esm/server/dev/hot-reloader-shared-utils.js.map'
npm warn tar TAR_ENTRY_ERROR ENOENT: no such file or directory, open '/vercel/sandbox/backend/node_modules/@workflow/cli/node_modules/next/dist/server/dev/hot-reloader-shared-utils.js.map'
npm warn tar TAR_ENTRY_ERROR ENOENT: no such file or directory, open '/vercel/sandbox/backend/node_modules/@workflow/cli/node_modules/next/dist/esm/server/dev/hot-reloader-turbopack.js.map'
npm warn tar TAR_ENTRY_ERROR ENOENT: no such file or directory, open '/vercel/sandbox/backend/node_modules/@workflow/cli/node_modules/next/dist/server/dev/hot-reloader-turbopack.js.map'
npm warn tar TAR_ENTRY_ERROR ENOENT: no such file or directory, open '/vercel/sandbox/backend/node_modules/@workflow/cli/node_modules/next/dist/esm/server/dev/hot-reloader-types.js.map'
npm warn tar TAR_ENTRY_ERROR ENOENT: no such file or directory, open '/vercel/sandbox/backend/node_modules/@workflow/cli/node_modules/next/dist/server/dev/hot-reloader-types.js.map'
npm warn tar TAR_ENTRY_ERROR ENOENT: no such file or directory, open '/vercel/sandbox/backend/node_modules/@workflow/cli/node_modules/next/dist/esm/server/dev/hot-reloader-webpack.js.map'
npm warn tar TAR_ENTRY_ERROR ENOENT: no such file or directory, open '/vercel/sandbox/backend/node_modules/@workflow/cli/node_modules/next/dist/server/dev/hot-reloader-webpack.js.map'
npm warn tar TAR_ENTRY_ERROR ENOENT: no such file or directory, open '/vercel/sandbox/backend/node_modules/@workflow/cli/node_modules/next/dist/esm/shared/lib/router/utils/html-bots.js.map'
npm warn tar TAR_ENTRY_ERROR ENOENT: no such file or directory, open '/vercel/sandbox/backend/node_modules/@workflow/cli/node_modules/next/dist/shared/lib/router/utils/html-bots.js.map'
npm warn tar TAR_ENTRY_ERROR ENOENT: no such file or directory, open '/vercel/sandbox/backend/node_modules/@workflow/cli/node_modules/next/dist/esm/server/route-modules/pages/vendored/contexts/html-context.js.map'
npm warn tar TAR_ENTRY_ERROR ENOENT: no such file or directory, open '/vercel/sandbox/backend/node_modules/@workflow/cli/node_modules/next/dist/server/route-modules/pages/vendored/contexts/html-context.js.map'
npm warn tar TAR_ENTRY_ERROR ENOENT: no such file or directory, open '/vercel/sandbox/backend/node_modules/@workflow/cli/node_modules/next/dist/client/components/http-access-fallback/http-access-fallback.js.map'
npm warn tar TAR_ENTRY_ERROR ENOENT: no such file or directory, open '/vercel/sandbox/backend/node_modules/@workflow/cli/node_modules/next/dist/esm/client/components/http-access-fallback/http-access-fallback.js.map'
npm warn tar TAR_ENTRY_ERROR ENOENT: no such file or directory, open '/vercel/sandbox/backend/node_modules/@workflow/cli/node_modules/next/dist/esm/server/web/http.js.map'
npm warn tar TAR_ENTRY_ERROR ENOENT: no such file or directory, open '/vercel/sandbox/backend/node_modules/@workflow/cli/node_modules/next/dist/experimental/testmode/httpget.js.map'
npm warn tar TAR_ENTRY_ERROR ENOENT: no such file or directory, open '/vercel/sandbox/backend/node_modules/@workflow/cli/node_modules/next/dist/esm/next-devtools/userspace/pages/hydration-error-state.js.map'
npm warn tar TAR_ENTRY_ERROR ENOENT: no such file or directory, open '/vercel/sandbox/backend/node_modules/@workflow/cli/node_modules/next/dist/next-devtools/userspace/pages/hydration-error-state.js.map'
npm warn tar TAR_ENTRY_ERROR ENOENT: no such file or directory, open '/vercel/sandbox/backend/node_modules/@workflow/cli/node_modules/next/dist/esm/next-devtools/shared/hydration-error.js.map'
npm warn tar TAR_ENTRY_ERROR ENOENT: no such file or directory, open '/vercel/sandbox/backend/node_modules/@workflow/cli/node_modules/next/dist/next-devtools/shared/hydration-error.js.map'
npm warn tar TAR_ENTRY_ERROR ENOENT: no such file or directory, open '/vercel/sandbox/backend/node_modules/@workflow/cli/node_modules/next/dist/server/lib/i18n-provider.js.map'
npm warn tar TAR_ENTRY_ERROR ENOENT: no such file or directory, open '/vercel/sandbox/backend/node_modules/@workflow/cli/node_modules/next/dist/esm/lib/metadata/generate/icon-mark.js.map'
npm warn tar TAR_ENTRY_ERROR ENOENT: no such file or directory, open '/vercel/sandbox/backend/node_modules/@workflow/cli/node_modules/next/dist/lib/metadata/generate/icon-mark.js.map'
npm warn tar TAR_ENTRY_ERROR ENOENT: no such file or directory, open '/vercel/sandbox/backend/node_modules/@workflow/cli/node_modules/next/dist/esm/lib/metadata/generate/icons.js.map'
npm warn tar TAR_ENTRY_ERROR ENOENT: no such file or directory, open '/vercel/sandbox/backend/node_modules/@workflow/cli/node_modules/next/dist/esm/lib/metadata/types/icons.js.map'
npm warn tar TAR_ENTRY_ERROR ENOENT: no such file or directory, open '/vercel/sandbox/backend/node_modules/@workflow/cli/node_modules/next/dist/lib/metadata/generate/icons.js.map'
npm warn tar TAR_ENTRY_ERROR ENOENT: no such file or directory, open '/vercel/sandbox/backend/node_modules/@workflow/cli/node_modules/next/dist/lib/metadata/types/icons.js.map'
npm warn tar TAR_ENTRY_ERROR ENOENT: no such file or directory, open '/vercel/sandbox/backend/node_modules/@workflow/cli/node_modules/next/dist/esm/server/route-modules/app-page/vendored/contexts/image-config-context.js.map'
npm warn tar TAR_ENTRY_ERROR ENOENT: no such file or directory, open '/vercel/sandbox/backend/node_modules/@workflow/cli/node_modules/next/dist/esm/server/route-modules/pages/vendored/contexts/image-config-context.js.map'
npm warn tar TAR_ENTRY_ERROR ENOENT: no such file or directory, open '/vercel/sandbox/backend/node_modules/@workflow/cli/node_modules/next/dist/server/route-modules/app-page/vendored/contexts/image-config-context.js.map'
npm warn tar TAR_ENTRY_ERROR ENOENT: no such file or directory, open '/vercel/sandbox/backend/node_modules/@workflow/cli/node_modules/next/dist/server/route-modules/pages/vendored/contexts/image-config-context.js.map'
npm warn tar TAR_ENTRY_ERROR ENOENT: no such file or directory, open '/vercel/sandbox/backend/node_modules/@workflow/cli/node_modules/next/dist/esm/server/og/image-response.js.map'
npm warn tar TAR_ENTRY_ERROR ENOENT: no such file or directory, open '/vercel/sandbox/backend/node_modules/@workflow/cli/node_modules/next/dist/esm/server/web/spec-extension/image-response.js.map'
npm warn tar TAR_ENTRY_ERROR ENOENT: no such file or directory, open '/vercel/sandbox/backend/node_modules/@workflow/cli/node_modules/next/dist/server/og/image-response.js.map'
npm warn tar TAR_ENTRY_ERROR ENOENT: no such file or directory, open '/vercel/sandbox/backend/node_modules/@workflow/cli/node_modules/next/dist/api/image.js.map'
npm warn tar TAR_ENTRY_ERROR ENOENT: no such file or directory, open '/vercel/sandbox/backend/node_modules/@workflow/cli/node_modules/next/dist/client/legacy/image.js.map'
npm warn tar TAR_ENTRY_ERROR ENOENT: no such file or directory, open '/vercel/sandbox/backend/node_modules/@workflow/cli/node_modules/next/dist/esm/api/image.js.map'
npm warn tar TAR_ENTRY_ERROR ENOENT: no such file or directory, open '/vercel/sandbox/backend/node_modules/@workflow/cli/node_modules/next/dist/esm/client/legacy/image.js.map'
npm warn tar TAR_ENTRY_ERROR ENOENT: no such file or directory, open '/vercel/sandbox/backend/node_modules/@workflow/cli/node_modules/next/dist/build/turbopack-build/impl.js.map'
npm warn tar TAR_ENTRY_ERROR ENOENT: no such file or directory, open '/vercel/sandbox/backend/node_modules/@workflow/cli/node_modules/next/dist/build/webpack-build/impl.js.map'
npm warn tar TAR_ENTRY_ERROR ENOENT: no such file or directory, open '/vercel/sandbox/backend/node_modules/@workflow/cli/node_modules/next/dist/esm/build/turbopack-build/impl.js.map'
npm warn tar TAR_ENTRY_ERROR ENOENT: no such file or directory, open '/vercel/sandbox/backend/node_modules/@workflow/cli/node_modules/next/dist/esm/build/webpack-build/impl.js.map'
npm warn tar TAR_ENTRY_ERROR ENOENT: no such file or directory, open '/vercel/sandbox/backend/node_modules/@workflow/cli/node_modules/next/dist/build/polyfills/object.assign/implementation.js.map'
npm warn tar TAR_ENTRY_ERROR ENOENT: no such file or directory, open '/vercel/sandbox/backend/node_modules/@workflow/cli/node_modules/next/dist/esm/build/polyfills/object.assign/implementation.js.map'
npm warn tar TAR_ENTRY_ERROR ENOENT: no such file or directory, open '/vercel/sandbox/backend/node_modules/@workflow/cli/node_modules/next/dist/server/lib/implicit-tags.js.map'
npm warn tar TAR_ENTRY_ERROR ENOENT: no such file or directory, open '/vercel/sandbox/backend/node_modules/@workflow/cli/node_modules/next/dist/build/babel/loader/index.js.map'
npm warn tar TAR_ENTRY_ERROR ENOENT: no such file or directory, open '/vercel/sandbox/backend/node_modules/@workflow/cli/node_modules/next/dist/build/output/index.js.map'
npm warn tar TAR_ENTRY_ERROR ENOENT: no such file or directory, open '/vercel/sandbox/backend/node_modules/@workflow/cli/node_modules/next/dist/build/polyfills/fetch/index.js.map'
npm warn tar TAR_ENTRY_ERROR ENOENT: no such file or directory, open '/vercel/sandbox/backend/node_modules/@workflow/cli/node_modules/next/dist/build/polyfills/object.assign/index.js.map'
npm warn tar TAR_ENTRY_ERROR ENOENT: no such file or directory, open '/vercel/sandbox/backend/node_modules/@workflow/cli/node_modules/next/dist/build/swc/index.js.map'
npm warn tar TAR_ENTRY_ERROR ENOENT: no such file or directory, open '/vercel/sandbox/backend/node_modules/@workflow/cli/node_modules/next/dist/build/turbopack-build/index.js.map'
npm warn tar TAR_ENTRY_ERROR ENOENT: no such file or directory, open '/vercel/sandbox/backend/node_modules/@workflow/cli/node_modules/next/dist/build/turborepo-access-trace/index.js.map'
npm warn tar TAR_ENTRY_ERROR ENOENT: no such file or directory, open '/vercel/sandbox/backend/node_modules/@workflow/cli/node_modules/next/dist/build/webpack-build/index.js.map'
npm warn tar TAR_ENTRY_ERROR ENOENT: no such file or directory, open '/vercel/sandbox/backend/node_modules/@workflow/cli/node_modules/next/dist/build/webpack/config/blocks/css/index.js.map'
npm warn tar TAR_ENTRY_ERROR ENOENT: no such file or directory, open '/vercel/sandbox/backend/node_modules/@workflow/cli/node_modules/next/dist/build/webpack/config/blocks/css/loaders/index.js.map'
npm warn tar TAR_ENTRY_ERROR ENOENT: no such file or directory, open '/vercel/sandbox/backend/node_modules/@workflow/cli/node_modules/next/dist/build/webpack/config/blocks/images/index.js.map'
npm warn tar TAR_ENTRY_ERROR ENOENT: no such file or directory, open '/vercel/sandbox/backend/node_modules/@workflow/cli/node_modules/next/dist/build/webpack/config/index.js.map'
npm warn tar TAR_ENTRY_ERROR ENOENT: no such file or directory, open '/vercel/sandbox/backend/node_modules/@workflow/cli/node_modules/next/dist/build/webpack/loaders/css-loader/src/index.js.map'
npm warn tar TAR_ENTRY_ERROR ENOENT: no such file or directory, open '/vercel/sandbox/backend/node_modules/@workflow/cli/node_modules/next/dist/build/webpack/loaders/css-loader/src/plugins/index.js.map'
npm warn tar TAR_ENTRY_ERROR ENOENT: no such file or directory, open '/vercel/sandbox/backend/node_modules/@workflow/cli/node_modules/next/dist/build/webpack/loaders/lightningcss-loader/src/index.js.map'
npm warn tar TAR_ENTRY_ERROR ENOENT: no such file or directory, open '/vercel/sandbox/backend/node_modules/@workflow/cli/node_modules/next/dist/build/webpack/loaders/next-app-loader/index.js.map'
npm warn tar TAR_ENTRY_ERROR ENOENT: no such file or directory, open '/vercel/sandbox/backend/node_modules/@workflow/cli/node_modules/next/dist/build/webpack/loaders/next-edge-app-route-loader/index.js.map'
npm warn tar TAR_ENTRY_ERROR ENOENT: no such file or directory, open '/vercel/sandbox/backend/node_modules/@workflow/cli/node_modules/next/dist/build/webpack/loaders/next-edge-ssr-loader/index.js.map'
npm warn tar TAR_ENTRY_ERROR ENOENT: no such file or directory, open '/vercel/sandbox/backend/node_modules/@workflow/cli/node_modules/next/dist/build/webpack/loaders/next-flight-loader/index.js.map'
npm warn tar TAR_ENTRY_ERROR ENOENT: no such file or directory, open '/vercel/sandbox/backend/node_modules/@workflow/cli/node_modules/next/dist/build/webpack/loaders/next-font-loader/index.js.map'
npm warn tar TAR_ENTRY_ERROR ENOENT: no such file or directory, open '/vercel/sandbox/backend/node_modules/@workflow/cli/node_modules/next/dist/build/webpack/loaders/next-image-loader/index.js.map'
npm warn tar TAR_ENTRY_ERROR ENOENT: no such file or directory, open '/vercel/sandbox/backend/node_modules/@workflow/cli/node_modules/next/dist/build/webpack/loaders/next-route-loader/index.js.map'
npm warn tar TAR_ENTRY_ERROR ENOENT: no such file or directory, open '/vercel/sandbox/backend/node_modules/@workflow/cli/node_modules/next/dist/build/webpack/loaders/next-style-loader/index.js.map'
npm warn tar TAR_ENTRY_ERROR ENOENT: no such file or directory, open '/vercel/sandbox/backend/node_modules/@workflow/cli/node_modules/next/dist/build/webpack/loaders/postcss-loader/src/index.js.map'
npm warn tar TAR_ENTRY_ERROR ENOENT: no such file or directory, open '/vercel/sandbox/backend/node_modules/@workflow/cli/node_modules/next/dist/build/webpack/loaders/resolve-url-loader/index.js.map'
npm warn tar TAR_ENTRY_ERROR ENOENT: no such file or directory, open '/vercel/sandbox/backend/node_modules/@workflow/cli/node_modules/next/dist/build/webpack/plugins/minify-webpack-plugin/src/index.js.map'
npm warn tar TAR_ENTRY_ERROR ENOENT: no such file or directory, open '/vercel/sandbox/backend/node_modules/@workflow/cli/node_modules/next/dist/build/webpack/plugins/next-types-plugin/index.js.map'
npm warn tar TAR_ENTRY_ERROR ENOENT: no such file or directory, open '/vercel/sandbox/backend/node_modules/@workflow/cli/node_modules/next/dist/build/webpack/plugins/wellknown-errors-plugin/index.js.map'
npm warn tar TAR_ENTRY_ERROR ENOENT: no such file or directory, open '/vercel/sandbox/backend/node_modules/@workflow/cli/node_modules/next/dist/client/portal/index.js.map'
npm warn tar TAR_ENTRY_ERROR ENOENT: no such file or directory, open '/vercel/sandbox/backend/node_modules/@workflow/cli/node_modules/next/dist/compiled/next-devtools/index.js.map'
npm warn tar TAR_ENTRY_ERROR ENOENT: no such file or directory, open '/vercel/sandbox/backend/node_modules/@workflow/cli/node_modules/next/dist/esm/build/babel/loader/index.js.map'
npm warn tar TAR_ENTRY_ERROR ENOENT: no such file or directory, open '/vercel/sandbox/backend/node_modules/@workflow/cli/node_modules/next/dist/esm/build/output/index.js.map'
npm warn tar TAR_ENTRY_ERROR ENOENT: no such file or directory, open '/vercel/sandbox/backend/node_modules/@workflow/cli/node_modules/next/dist/esm/build/polyfills/fetch/index.js.map'
npm warn tar TAR_ENTRY_ERROR ENOENT: no such file or directory, open '/vercel/sandbox/backend/node_modules/@workflow/cli/node_modules/next/dist/esm/build/polyfills/object.assign/index.js.map'
npm warn tar TAR_ENTRY_ERROR ENOENT: no such file or directory, open '/vercel/sandbox/backend/node_modules/@workflow/cli/node_modules/next/dist/esm/build/swc/index.js.map'
npm warn tar TAR_ENTRY_ERROR ENOENT: no such file or directory, open '/vercel/sandbox/backend/node_modules/@workflow/cli/node_modules/next/dist/esm/build/turbopack-build/index.js.map'
npm warn tar TAR_ENTRY_ERROR ENOENT: no such file or directory, open '/vercel/sandbox/backend/node_modules/@workflow/cli/node_modules/next/dist/esm/build/turborepo-access-trace/index.js.map'
npm warn tar TAR_ENTRY_ERROR ENOENT: no such file or directory, open '/vercel/sandbox/backend/node_modules/@workflow/cli/node_modules/next/dist/esm/build/webpack-build/index.js.map'
npm warn tar TAR_ENTRY_ERROR ENOENT: no such file or directory, open '/vercel/sandbox/backend/node_modules/@workflow/cli/node_modules/next/dist/esm/build/webpack/config/blocks/css/index.js.map'
npm warn tar TAR_ENTRY_ERROR ENOENT: no such file or directory, open '/vercel/sandbox/backend/node_modules/@workflow/cli/node_modules/next/dist/esm/build/webpack/config/blocks/css/loaders/index.js.map'
npm warn tar TAR_ENTRY_ERROR ENOENT: no such file or directory, open '/vercel/sandbox/backend/node_modules/@workflow/cli/node_modules/next/dist/esm/build/webpack/config/blocks/images/index.js.map'
npm warn tar TAR_ENTRY_ERROR ENOENT: no such file or directory, open '/vercel/sandbox/backend/node_modules/@workflow/cli/node_modules/next/dist/esm/build/webpack/config/index.js.map'
npm warn tar TAR_ENTRY_ERROR ENOENT: no such file or directory, open '/vercel/sandbox/backend/node_modules/@workflow/cli/node_modules/next/dist/esm/build/webpack/loaders/css-loader/src/index.js.map'
npm warn tar TAR_ENTRY_ERROR ENOENT: no such file or directory, open '/vercel/sandbox/backend/node_modules/@workflow/cli/node_modules/next/dist/esm/build/webpack/loaders/css-loader/src/plugins/index.js.map'
npm warn tar TAR_ENTRY_ERROR ENOENT: no such file or directory, open '/vercel/sandbox/backend/node_modules/@workflow/cli/node_modules/next/dist/esm/build/webpack/loaders/lightningcss-loader/src/index.js.map'
npm warn tar TAR_ENTRY_ERROR ENOENT: no such file or directory, open '/vercel/sandbox/backend/node_modules/@workflow/cli/node_modules/next/dist/esm/build/webpack/loaders/next-app-loader/index.js.map'
npm warn tar TAR_ENTRY_ERROR ENOENT: no such file or directory, open '/vercel/sandbox/backend/node_modules/@workflow/cli/node_modules/next/dist/esm/build/webpack/loaders/next-edge-app-route-loader/index.js.map'
npm warn tar TAR_ENTRY_ERROR ENOENT: no such file or directory, open '/vercel/sandbox/backend/node_modules/@workflow/cli/node_modules/next/dist/esm/build/webpack/loaders/next-edge-ssr-loader/index.js.map'
npm warn tar TAR_ENTRY_ERROR ENOENT: no such file or directory, open '/vercel/sandbox/backend/node_modules/@workflow/cli/node_modules/next/dist/esm/build/webpack/loaders/next-flight-loader/index.js.map'
npm warn tar TAR_ENTRY_ERROR ENOENT: no such file or directory, open '/vercel/sandbox/backend/node_modules/@workflow/cli/node_modules/next/dist/esm/build/webpack/loaders/next-font-loader/index.js.map'
npm warn tar TAR_ENTRY_ERROR ENOENT: no such file or directory, open '/vercel/sandbox/backend/node_modules/@workflow/cli/node_modules/next/dist/esm/build/webpack/loaders/next-image-loader/index.js.map'
npm warn tar TAR_ENTRY_ERROR ENOENT: no such file or directory, open '/vercel/sandbox/backend/node_modules/@workflow/cli/node_modules/next/dist/esm/build/webpack/loaders/next-route-loader/index.js.map'
npm warn tar TAR_ENTRY_ERROR ENOENT: no such file or directory, open '/vercel/sandbox/backend/node_modules/@workflow/cli/node_modules/next/dist/esm/build/webpack/loaders/next-style-loader/index.js.map'
npm warn tar TAR_ENTRY_ERROR ENOENT: no such file or directory, open '/vercel/sandbox/backend/node_modules/@workflow/cli/node_modules/next/dist/esm/build/webpack/loaders/postcss-loader/src/index.js.map'
npm warn tar TAR_ENTRY_ERROR ENOENT: no such file or directory, open '/vercel/sandbox/backend/node_modules/@workflow/cli/node_modules/next/dist/esm/build/webpack/loaders/resolve-url-loader/index.js.map'
npm warn tar TAR_ENTRY_ERROR ENOENT: no such file or directory, open '/vercel/sandbox/backend/node_modules/@workflow/cli/node_modules/next/dist/esm/build/webpack/plugins/minify-webpack-plugin/src/index.js.map'
npm warn tar TAR_ENTRY_ERROR ENOENT: no such file or directory, open '/vercel/sandbox/backend/node_modules/@workflow/cli/node_modules/next/dist/esm/build/webpack/plugins/next-types-plugin/index.js.map'
npm warn tar TAR_ENTRY_ERROR ENOENT: no such file or directory, open '/vercel/sandbox/backend/node_modules/@workflow/cli/node_modules/next/dist/esm/build/webpack/plugins/wellknown-errors-plugin/index.js.map'
npm warn tar TAR_ENTRY_ERROR ENOENT: no such file or directory, open '/vercel/sandbox/backend/node_modules/@workflow/cli/node_modules/next/dist/esm/client/portal/index.js.map'
npm warn tar TAR_ENTRY_ERROR ENOENT: no such file or directory, open '/vercel/sandbox/backend/node_modules/@workflow/cli/node_modules/next/dist/esm/export/index.js.map'
npm warn tar TAR_ENTRY_ERROR ENOENT: no such file or directory, open '/vercel/sandbox/backend/node_modules/@workflow/cli/node_modules/next/dist/esm/next-devtools/userspace/app/errors/index.js.map'
npm warn tar TAR_ENTRY_ERROR ENOENT: no such file or directory, open '/vercel/sandbox/backend/node_modules/@workflow/cli/node_modules/next/dist/esm/server/after/index.js.map'
npm warn tar TAR_ENTRY_ERROR ENOENT: no such file or directory, open '/vercel/sandbox/backend/node_modules/@workflow/cli/node_modules/next/dist/esm/server/api-utils/index.js.map'
npm warn tar TAR_ENTRY_ERROR ENOENT: no such file or directory, open '/vercel/sandbox/backend/node_modules/@workflow/cli/node_modules/next/dist/esm/server/base-http/index.js.map'
npm warn tar TAR_ENTRY_ERROR ENOENT: no such file or directory, open '/vercel/sandbox/backend/node_modules/@workflow/cli/node_modules/next/dist/esm/server/lib/incremental-cache/index.js.map'
npm warn tar TAR_ENTRY_ERROR ENOENT: no such file or directory, open '/vercel/sandbox/backend/node_modules/@workflow/cli/node_modules/next/dist/esm/server/normalizers/built/app/index.js.map'
npm warn tar TAR_ENTRY_ERROR ENOENT: no such file or directory, open '/vercel/sandbox/backend/node_modules/@workflow/cli/node_modules/next/dist/esm/server/normalizers/built/pages/index.js.map'
npm warn tar TAR_ENTRY_ERROR ENOENT: no such file or directory, open '/vercel/sandbox/backend/node_modules/@workflow/cli/node_modules/next/dist/esm/server/response-cache/index.js.map'
npm warn tar TAR_ENTRY_ERROR ENOENT: no such file or directory, open '/vercel/sandbox/backend/node_modules/@workflow/cli/node_modules/next/dist/esm/server/typescript/index.js.map'
npm warn tar TAR_ENTRY_ERROR ENOENT: no such file or directory, open '/vercel/sandbox/backend/node_modules/@workflow/cli/node_modules/next/dist/esm/server/web/exports/index.js.map'
npm warn tar TAR_ENTRY_ERROR ENOENT: no such file or directory, open '/vercel/sandbox/backend/node_modules/@workflow/cli/node_modules/next/dist/esm/server/web/sandbox/index.js.map'
npm warn tar TAR_ENTRY_ERROR ENOENT: no such file or directory, open '/vercel/sandbox/backend/node_modules/@workflow/cli/node_modules/next/dist/esm/shared/lib/router/utils/index.js.map'
npm warn tar TAR_ENTRY_ERROR ENOENT: no such file or directory, open '/vercel/sandbox/backend/node_modules/@workflow/cli/node_modules/next/dist/experimental/testing/server/index.js.map'
npm warn tar TAR_ENTRY_ERROR ENOENT: no such file or directory, open '/vercel/sandbox/backend/node_modules/@workflow/cli/node_modules/next/dist/experimental/testmode/playwright/index.js.map'
npm warn tar TAR_ENTRY_ERROR ENOENT: no such file or directory, open '/vercel/sandbox/backend/node_modules/@workflow/cli/node_modules/next/dist/experimental/testmode/proxy/index.js.map'
npm warn tar TAR_ENTRY_ERROR ENOENT: no such file or directory, open '/vercel/sandbox/backend/node_modules/@workflow/cli/node_modules/next/dist/export/index.js.map'
npm warn tar TAR_ENTRY_ERROR ENOENT: no such file or directory, open '/vercel/sandbox/backend/node_modules/@workflow/cli/node_modules/next/dist/next-devtools/userspace/app/errors/index.js.map'
npm warn tar TAR_ENTRY_ERROR ENOENT: no such file or directory, open '/vercel/sandbox/backend/node_modules/@workflow/cli/node_modules/next/dist/server/after/index.js.map'
npm warn tar TAR_ENTRY_ERROR ENOENT: no such file or directory, open '/vercel/sandbox/backend/node_modules/@workflow/cli/node_modules/next/dist/server/api-utils/index.js.map'
npm warn tar TAR_ENTRY_ERROR ENOENT: no such file or directory, open '/vercel/sandbox/backend/node_modules/@workflow/cli/node_modules/next/dist/server/base-http/index.js.map'
npm warn tar TAR_ENTRY_ERROR ENOENT: no such file or directory, open '/vercel/sandbox/backend/node_modules/@workflow/cli/node_modules/next/dist/server/lib/incremental-cache/index.js.map'
npm warn tar TAR_ENTRY_ERROR ENOENT: no such file or directory, open '/vercel/sandbox/backend/node_modules/@workflow/cli/node_modules/next/dist/server/normalizers/built/app/index.js.map'
npm warn tar TAR_ENTRY_ERROR ENOENT: no such file or directory, open '/vercel/sandbox/backend/node_modules/@workflow/cli/node_modules/next/dist/server/normalizers/built/pages/index.js.map'
npm warn tar TAR_ENTRY_ERROR ENOENT: no such file or directory, open '/vercel/sandbox/backend/node_modules/@workflow/cli/node_modules/next/dist/server/response-cache/index.js.map'
npm warn tar TAR_ENTRY_ERROR ENOENT: no such file or directory, open '/vercel/sandbox/backend/node_modules/@workflow/cli/node_modules/next/dist/server/typescript/index.js.map'
npm warn tar TAR_ENTRY_ERROR ENOENT: no such file or directory, open '/vercel/sandbox/backend/node_modules/@workflow/cli/node_modules/next/dist/server/web/exports/index.js.map'
npm warn tar TAR_ENTRY_ERROR ENOENT: no such file or directory, open '/vercel/sandbox/backend/node_modules/@workflow/cli/node_modules/next/dist/server/web/sandbox/index.js.map'
npm warn tar TAR_ENTRY_ERROR ENOENT: no such file or directory, open '/vercel/sandbox/backend/node_modules/@workflow/cli/node_modules/next/dist/shared/lib/router/utils/index.js.map'
npm warn tar TAR_ENTRY_ERROR ENOENT: no such file or directory, open '/vercel/sandbox/backend/node_modules/@workflow/cli/node_modules/next/dist/telemetry/events/index.js.map'
npm warn tar TAR_ENTRY_ERROR ENOENT: no such file or directory, open '/vercel/sandbox/backend/node_modules/@workflow/cli/node_modules/next/dist/trace/index.js.map'
npm warn tar TAR_ENTRY_ERROR ENOENT: no such file or directory, open '/vercel/sandbox/backend/node_modules/@workflow/cli/node_modules/next/dist/trace/report/index.js.map'
npm warn tar TAR_ENTRY_ERROR ENOENT: no such file or directory, open '/vercel/sandbox/backend/node_modules/@workflow/cli/node_modules/next/dist/trace/report/index.test.js.map'
npm warn tar TAR_ENTRY_ERROR ENOENT: no such file or directory, open '/vercel/sandbox/backend/node_modules/@workflow/cli/node_modules/next/dist/build/webpack/loaders/next-style-loader/runtime/injectStylesIntoLinkTag.js.map'
npm warn tar TAR_ENTRY_ERROR ENOENT: no such file or directory, open '/vercel/sandbox/backend/node_modules/@workflow/cli/node_modules/next/dist/esm/build/webpack/loaders/next-style-loader/runtime/injectStylesIntoLinkTag.js.map'
npm warn tar TAR_ENTRY_ERROR ENOENT: no such file or directory, open '/vercel/sandbox/backend/node_modules/@workflow/cli/node_modules/next/dist/build/webpack/loaders/next-style-loader/runtime/injectStylesIntoStyleTag.js.map'
npm warn tar TAR_ENTRY_ERROR ENOENT: no such file or directory, open '/vercel/sandbox/backend/node_modules/@workflow/cli/node_modules/next/dist/esm/build/webpack/loaders/next-style-loader/runtime/injectStylesIntoStyleTag.js.map'
npm warn tar TAR_ENTRY_ERROR ENOENT: no such file or directory, open '/vercel/sandbox/backend/node_modules/@workflow/cli/node_modules/next/dist/build/swc/install-bindings.js.map'
npm warn tar TAR_ENTRY_ERROR ENOENT: no such file or directory, open '/vercel/sandbox/backend/node_modules/@workflow/cli/node_modules/next/dist/esm/build/swc/install-bindings.js.map'
npm warn tar TAR_ENTRY_ERROR ENOENT: no such file or directory, open '/vercel/sandbox/backend/node_modules/@workflow/cli/node_modules/next/dist/esm/lib/helpers/install.js.map'
npm warn tar TAR_ENTRY_ERROR ENOENT: no such file or directory, open '/vercel/sandbox/backend/node_modules/@workflow/cli/node_modules/next/dist/lib/helpers/install.js.map'
npm warn tar TAR_ENTRY_ERROR ENOENT: no such file or directory, open '/vercel/sandbox/backend/node_modules/@workflow/cli/node_modules/next/dist/esm/server/lib/router-utils/instrumentation-globals.external.js.map'
npm warn tar TAR_ENTRY_ERROR ENOENT: no such file or directory, open '/vercel/sandbox/backend/node_modules/@workflow/cli/node_modules/next/dist/server/lib/router-utils/instrumentation-globals.external.js.map'
npm warn tar TAR_ENTRY_ERROR ENOENT: no such file or directory, open '/vercel/sandbox/backend/node_modules/@workflow/cli/node_modules/next/dist/esm/server/lib/router-utils/instrumentation-node-extensions.js.map'
npm warn tar TAR_ENTRY_ERROR ENOENT: no such file or directory, open '/vercel/sandbox/backend/node_modules/@workflow/cli/node_modules/next/dist/server/lib/router-utils/instrumentation-node-extensions.js.map'
npm warn tar TAR_ENTRY_ERROR ENOENT: no such file or directory, open '/vercel/sandbox/backend/node_modules/@workflow/cli/node_modules/next/dist/esm/next-devtools/userspace/app/errors/intercept-console-error.js.map'
npm warn tar TAR_ENTRY_ERROR ENOENT: no such file or directory, open '/vercel/sandbox/backend/node_modules/@workflow/cli/node_modules/next/dist/next-devtools/userspace/app/errors/intercept-console-error.js.map'
npm warn tar TAR_ENTRY_ERROR ENOENT: no such file or directory, open '/vercel/sandbox/backend/node_modules/@workflow/cli/node_modules/next/dist/esm/shared/lib/router/utils/interception-routes.js.map'
npm warn tar TAR_ENTRY_ERROR ENOENT: no such file or directory, open '/vercel/sandbox/backend/node_modules/@workflow/cli/node_modules/next/dist/shared/lib/router/utils/interception-routes.js.map'
npm warn tar TAR_ENTRY_ERROR ENOENT: no such file or directory, open '/vercel/sandbox/backend/node_modules/@workflow/cli/node_modules/next/dist/build/webpack/loaders/lightningcss-loader/src/interface.js.map'
npm warn tar TAR_ENTRY_ERROR ENOENT: no such file or directory, open '/vercel/sandbox/backend/node_modules/@workflow/cli/node_modules/next/dist/esm/build/webpack/loaders/lightningcss-loader/src/interface.js.map'
npm warn tar TAR_ENTRY_ERROR ENOENT: no such file or directory, open '/vercel/sandbox/backend/node_modules/@workflow/cli/node_modules/next/dist/esm/server/web/internal-edge-wait-until.js.map'
npm warn tar TAR_ENTRY_ERROR ENOENT: no such file or directory, open '/vercel/sandbox/backend/node_modules/@workflow/cli/node_modules/next/dist/esm/shared/lib/turbopack/internal-error.js.map'
npm warn tar TAR_ENTRY_ERROR ENOENT: no such file or directory, open '/vercel/sandbox/backend/node_modules/@workflow/cli/node_modules/next/dist/shared/lib/turbopack/internal-error.js.map'
npm warn tar TAR_ENTRY_ERROR ENOENT: no such file or directory, open '/vercel/sandbox/backend/node_modules/@workflow/cli/node_modules/next/dist/esm/server/app-render/interop-default.js.map'
npm warn tar TAR_ENTRY_ERROR ENOENT: no such file or directory, open '/vercel/sandbox/backend/node_modules/@workflow/cli/node_modules/next/dist/esm/shared/lib/router/utils/interpolate-as.js.map'
npm warn tar TAR_ENTRY_ERROR ENOENT: no such file or directory, open '/vercel/sandbox/backend/node_modules/@workflow/cli/node_modules/next/dist/shared/lib/router/utils/interpolate-as.js.map'
npm warn tar TAR_ENTRY_ERROR ENOENT: no such file or directory, open '/vercel/sandbox/backend/node_modules/@workflow/cli/node_modules/next/dist/esm/client/components/router-reducer/invalidate-cache-below-flight-segmentpath.js.map'
npm warn tar TAR_ENTRY_ERROR ENOENT: no such file or directory, open '/vercel/sandbox/backend/node_modules/@workflow/cli/node_modules/next/dist/esm/client/components/router-reducer/invalidate-cache-by-router-state.js.map'
npm warn tar TAR_ENTRY_ERROR ENOENT: no such file or directory, open '/vercel/sandbox/backend/node_modules/@workflow/cli/node_modules/next/dist/esm/shared/lib/router/utils/is-bot.js.map'
npm warn tar TAR_ENTRY_ERROR ENOENT: no such file or directory, open '/vercel/sandbox/backend/node_modules/@workflow/cli/node_modules/next/dist/shared/lib/router/utils/is-bot.js.map'
npm warn tar TAR_ENTRY_ERROR ENOENT: no such file or directory, open '/vercel/sandbox/backend/node_modules/@workflow/cli/node_modules/next/dist/esm/export/helpers/is-dynamic-usage-error.js.map'
npm warn tar TAR_ENTRY_ERROR ENOENT: no such file or directory, open '/vercel/sandbox/backend/node_modules/@workflow/cli/node_modules/next/dist/export/helpers/is-dynamic-usage-error.js.map'
npm warn tar TAR_ENTRY_ERROR ENOENT: no such file or directory, open '/vercel/sandbox/backend/node_modules/@workflow/cli/node_modules/next/dist/esm/shared/lib/router/utils/is-dynamic.js.map'
npm warn tar TAR_ENTRY_ERROR ENOENT: no such file or directory, open '/vercel/sandbox/backend/node_modules/@workflow/cli/node_modules/next/dist/shared/lib/router/utils/is-dynamic.js.map'
npm warn tar TAR_ENTRY_ERROR ENOENT: no such file or directory, open '/vercel/sandbox/backend/node_modules/@workflow/cli/node_modules/next/dist/server/lib/is-ipv6.js.map'
npm warn tar TAR_ENTRY_ERROR ENOENT: no such file or directory, open '/vercel/sandbox/backend/node_modules/@workflow/cli/node_modules/next/dist/esm/shared/lib/router/utils/is-local-url.js.map'
npm warn tar TAR_ENTRY_ERROR ENOENT: no such file or directory, open '/vercel/sandbox/backend/node_modules/@workflow/cli/node_modules/next/dist/shared/lib/router/utils/is-local-url.js.map'
npm warn tar TAR_ENTRY_ERROR ENOENT: no such file or directory, open '/vercel/sandbox/backend/node_modules/@workflow/cli/node_modules/next/dist/esm/lib/metadata/is-metadata-route.js.map'
npm warn tar TAR_ENTRY_ERROR ENOENT: no such file or directory, open '/vercel/sandbox/backend/node_modules/@workflow/cli/node_modules/next/dist/lib/metadata/is-metadata-route.js.map'
npm warn tar TAR_ENTRY_ERROR ENOENT: no such file or directory, open '/vercel/sandbox/backend/node_modules/@workflow/cli/node_modules/next/dist/esm/client/components/router-reducer/is-navigating-to-new-root-layout.js.map'
npm warn tar TAR_ENTRY_ERROR ENOENT: no such file or directory, open '/vercel/sandbox/backend/node_modules/@workflow/cli/node_modules/next/dist/esm/client/components/is-next-router-error.js.map'
npm warn tar TAR_ENTRY_ERROR ENOENT: no such file or directory, open '/vercel/sandbox/backend/node_modules/@workflow/cli/node_modules/next/dist/esm/server/lib/router-utils/is-postpone.js.map'
npm warn tar TAR_ENTRY_ERROR ENOENT: no such file or directory, open '/vercel/sandbox/backend/node_modules/@workflow/cli/node_modules/next/dist/server/lib/router-utils/is-postpone.js.map'
npm warn tar TAR_ENTRY_ERROR ENOENT: no such file or directory, open '/vercel/sandbox/backend/node_modules/@workflow/cli/node_modules/next/dist/esm/server/route-modules/app-route/helpers/is-static-gen-enabled.js.map'
npm warn tar TAR_ENTRY_ERROR ENOENT: no such file or directory, open '/vercel/sandbox/backend/node_modules/@workflow/cli/node_modules/next/dist/server/route-modules/app-route/helpers/is-static-gen-enabled.js.map'
npm warn tar TAR_ENTRY_ERROR ENOENT: no such file or directory, open '/vercel/sandbox/backend/node_modules/@workflow/cli/node_modules/next/dist/build/webpack/loaders/next-style-loader/runtime/isEqualLocals.js.map'
npm warn tar TAR_ENTRY_ERROR ENOENT: no such file or directory, open '/vercel/sandbox/backend/node_modules/@workflow/cli/node_modules/next/dist/esm/build/webpack/loaders/next-style-loader/runtime/isEqualLocals.js.map'
npm warn tar TAR_ENTRY_ERROR ENOENT: no such file or directory, open '/vercel/sandbox/backend/node_modules/@workflow/cli/node_modules/next/dist/build/swc/jest-transformer.js.map'
npm warn tar TAR_ENTRY_ERROR ENOENT: no such file or directory, open '/vercel/sandbox/backend/node_modules/@workflow/cli/node_modules/next/dist/esm/build/swc/jest-transformer.js.map'
npm warn tar TAR_ENTRY_ERROR ENOENT: no such file or directory, open '/vercel/sandbox/backend/node_modules/@workflow/cli/node_modules/next/dist/build/jest/jest.js.map'
npm warn tar TAR_ENTRY_ERROR ENOENT: no such file or directory, open '/vercel/sandbox/backend/node_modules/@workflow/cli/node_modules/next/dist/build/webpack/loaders/resolve-url-loader/lib/join-function.js.map'
npm warn tar TAR_ENTRY_ERROR ENOENT: no such file or directory, open '/vercel/sandbox/backend/node_modules/@workflow/cli/node_modules/next/dist/esm/build/webpack/loaders/resolve-url-loader/lib/join-function.js.map'
npm warn tar TAR_ENTRY_ERROR ENOENT: no such file or directory, open '/vercel/sandbox/backend/node_modules/@workflow/cli/node_modules/next/dist/build/babel/plugins/jsx-pragma.js.map'
npm warn tar TAR_ENTRY_ERROR ENOENT: no such file or directory, open '/vercel/sandbox/backend/node_modules/@workflow/cli/node_modules/next/dist/esm/build/babel/plugins/jsx-pragma.js.map'
npm warn tar TAR_ENTRY_ERROR ENOENT: no such file or directory, open '/vercel/sandbox/backend/node_modules/@workflow/cli/node_modules/next/dist/next-devtools/server/launch-editor.js.map'
npm warn tar TAR_ENTRY_ERROR ENOENT: no such file or directory, open '/vercel/sandbox/backend/node_modules/@workflow/cli/node_modules/next/dist/esm/client/components/layout-router.js.map'
npm warn tar TAR_ENTRY_ERROR ENOENT: no such file or directory, open '/vercel/sandbox/backend/node_modules/@workflow/cli/node_modules/next/dist/client/components/builtin/layout.js.map'
npm warn tar TAR_ENTRY_ERROR ENOENT: no such file or directory, open '/vercel/sandbox/backend/node_modules/@workflow/cli/node_modules/next/dist/esm/client/components/builtin/layout.js.map'
npm warn tar TAR_ENTRY_ERROR ENOENT: no such file or directory, open '/vercel/sandbox/backend/node_modules/@workflow/cli/node_modules/next/dist/server/lib/lazy-result.js.map'
npm warn tar TAR_ENTRY_ERROR ENOENT: no such file or directory, open '/vercel/sandbox/backend/node_modules/@workflow/cli/node_modules/next/dist/api/link.js.map'
npm warn tar TAR_ENTRY_ERROR ENOENT: no such file or directory, open '/vercel/sandbox/backend/node_modules/@workflow/cli/node_modules/next/dist/client/app-dir/link.js.map'
npm warn tar TAR_ENTRY_ERROR ENOENT: no such file or directory, open '/vercel/sandbox/backend/node_modules/@workflow/cli/node_modules/next/dist/esm/api/link.js.map'
npm warn tar TAR_ENTRY_ERROR ENOENT: no such file or directory, open '/vercel/sandbox/backend/node_modules/@workflow/cli/node_modules/next/dist/esm/client/app-dir/link.js.map'
npm warn tar TAR_ENTRY_ERROR ENOENT: no such file or directory, open '/vercel/sandbox/backend/node_modules/@workflow/cli/node_modules/next/dist/client/app-dir/link.react-server.js.map'
npm warn tar TAR_ENTRY_ERROR ENOENT: no such file or directory, open '/vercel/sandbox/backend/node_modules/@workflow/cli/node_modules/next/dist/esm/client/app-dir/link.react-server.js.map'
npm warn tar TAR_ENTRY_ERROR ENOENT: no such file or directory, open '/vercel/sandbox/backend/node_modules/@workflow/cli/node_modules/next/dist/esm/client/components/links.js.map'
npm warn tar TAR_ENTRY_ERROR ENOENT: no such file or directory, open '/vercel/sandbox/backend/node_modules/@workflow/cli/node_modules/next/dist/esm/server/route-modules/pages/vendored/contexts/loadable-context.js.map'
npm warn tar TAR_ENTRY_ERROR ENOENT: no such file or directory, open '/vercel/sandbox/backend/node_modules/@workflow/cli/node_modules/next/dist/server/route-modules/pages/vendored/contexts/loadable-context.js.map'
npm warn tar TAR_ENTRY_ERROR ENOENT: no such file or directory, open '/vercel/sandbox/backend/node_modules/@workflow/cli/node_modules/next/dist/esm/server/route-modules/pages/vendored/contexts/loadable.js.map'
npm warn tar TAR_ENTRY_ERROR ENOENT: no such file or directory, open '/vercel/sandbox/backend/node_modules/@workflow/cli/node_modules/next/dist/esm/shared/lib/lazy-dynamic/loadable.js.map'
npm warn tar TAR_ENTRY_ERROR ENOENT: no such file or directory, open '/vercel/sandbox/backend/node_modules/@workflow/cli/node_modules/next/dist/server/route-modules/pages/vendored/contexts/loadable.js.map'
npm warn tar TAR_ENTRY_ERROR ENOENT: no such file or directory, open '/vercel/sandbox/backend/node_modules/@workflow/cli/node_modules/next/dist/shared/lib/lazy-dynamic/loadable.js.map'
npm warn tar TAR_ENTRY_ERROR ENOENT: no such file or directory, open '/vercel/sandbox/backend/node_modules/@workflow/cli/node_modules/next/dist/build/webpack/loaders/lightningcss-loader/src/loader.js.map'
npm warn tar TAR_ENTRY_ERROR ENOENT: no such file or directory, open '/vercel/sandbox/backend/node_modules/@workflow/cli/node_modules/next/dist/esm/build/webpack/loaders/lightningcss-loader/src/loader.js.map'
npm warn tar TAR_ENTRY_ERROR ENOENT: no such file or directory, open '/vercel/sandbox/backend/node_modules/@workflow/cli/node_modules/next/dist/esm/server/route-definitions/locale-route-definition.js.map'
npm warn tar TAR_ENTRY_ERROR ENOENT: no such file or directory, open '/vercel/sandbox/backend/node_modules/@workflow/cli/node_modules/next/dist/server/route-definitions/locale-route-definition.js.map'
npm warn tar TAR_ENTRY_ERROR ENOENT: no such file or directory, open '/vercel/sandbox/backend/node_modules/@workflow/cli/node_modules/next/dist/esm/server/route-matches/locale-route-match.js.map'
npm warn tar TAR_ENTRY_ERROR ENOENT: no such file or directory, open '/vercel/sandbox/backend/node_modules/@workflow/cli/node_modules/next/dist/server/route-matches/locale-route-match.js.map'
npm warn tar TAR_ENTRY_ERROR ENOENT: no such file or directory, open '/vercel/sandbox/backend/node_modules/@workflow/cli/node_modules/next/dist/esm/server/route-matchers/locale-route-matcher.js.map'
npm warn tar TAR_ENTRY_ERROR ENOENT: no such file or directory, open '/vercel/sandbox/backend/node_modules/@workflow/cli/node_modules/next/dist/server/route-matchers/locale-route-matcher.js.map'
npm warn tar TAR_ENTRY_ERROR ENOENT: no such file or directory, open '/vercel/sandbox/backend/node_modules/@workflow/cli/node_modules/next/dist/esm/server/normalizers/locale-route-normalizer.js.map'
npm warn tar TAR_ENTRY_ERROR ENOENT: no such file or directory, open '/vercel/sandbox/backend/node_modules/@workflow/cli/node_modules/next/dist/server/normalizers/locale-route-normalizer.js.map'
npm warn tar TAR_ENTRY_ERROR ENOENT: no such file or directory, open '/vercel/sandbox/backend/node_modules/@workflow/cli/node_modules/next/dist/esm/server/dev/log-requests.js.map'
npm warn tar TAR_ENTRY_ERROR ENOENT: no such file or directory, open '/vercel/sandbox/backend/node_modules/@workflow/cli/node_modules/next/dist/server/dev/log-requests.js.map'
npm warn tar TAR_ENTRY_ERROR ENOENT: no such file or directory, open '/vercel/sandbox/backend/node_modules/@workflow/cli/node_modules/next/dist/build/output/log.js.map'
npm warn tar TAR_ENTRY_ERROR ENOENT: no such file or directory, open '/vercel/sandbox/backend/node_modules/@workflow/cli/node_modules/next/dist/esm/build/output/log.js.map'
npm warn tar TAR_ENTRY_ERROR ENOENT: no such file or directory, open '/vercel/sandbox/backend/node_modules/@workflow/cli/node_modules/next/dist/server/lib/lru-cache.js.map'
npm warn tar TAR_ENTRY_ERROR ENOENT: no such file or directory, open '/vercel/sandbox/backend/node_modules/@workflow/cli/node_modules/next/dist/client/components/segment-cache/lru.js.map'
npm warn tar TAR_ENTRY_ERROR ENOENT: no such file or directory, open '/vercel/sandbox/backend/node_modules/@workflow/cli/node_modules/next/dist/esm/client/components/segment-cache/lru.js.map'
npm warn tar TAR_ENTRY_ERROR ENOENT: no such file or directory, open '/vercel/sandbox/backend/node_modules/@workflow/cli/node_modules/next/dist/esm/server/app-render/make-get-server-inserted-html.js.map'
npm warn tar TAR_ENTRY_ERROR ENOENT: no such file or directory, open '/vercel/sandbox/backend/node_modules/@workflow/cli/node_modules/next/dist/esm/server/route-matcher-providers/helpers/manifest-loaders/manifest-loader.js.map'
npm warn tar TAR_ENTRY_ERROR ENOENT: no such file or directory, open '/vercel/sandbox/backend/node_modules/@workflow/cli/node_modules/next/dist/esm/shared/lib/turbopack/manifest-loader.js.map'
npm warn tar TAR_ENTRY_ERROR ENOENT: no such file or directory, open '/vercel/sandbox/backend/node_modules/@workflow/cli/node_modules/next/dist/server/route-matcher-providers/helpers/manifest-loaders/manifest-loader.js.map'
npm warn tar TAR_ENTRY_ERROR ENOENT: no such file or directory, open '/vercel/sandbox/backend/node_modules/@workflow/cli/node_modules/next/dist/shared/lib/turbopack/manifest-loader.js.map'
npm warn tar TAR_ENTRY_ERROR ENOENT: no such file or directory, open '/vercel/sandbox/backend/node_modules/@workflow/cli/node_modules/next/dist/esm/lib/metadata/types/manifest-types.js.map'
npm warn tar TAR_ENTRY_ERROR ENOENT: no such file or directory, open '/vercel/sandbox/backend/node_modules/@workflow/cli/node_modules/next/dist/lib/metadata/types/manifest-types.js.map'
npm warn tar TAR_ENTRY_ERROR ENOENT: no such file or directory, open '/vercel/sandbox/backend/node_modules/@workflow/cli/node_modules/next/dist/server/lib/match-next-data-pathname.js.map'
npm warn tar TAR_ENTRY_ERROR ENOENT: no such file or directory, open '/vercel/sandbox/backend/node_modules/@workflow/cli/node_modules/next/dist/esm/client/components/match-segments.js.map'
npm warn tar TAR_ENTRY_ERROR ENOENT: no such file or directory, open '/vercel/sandbox/backend/node_modules/@workflow/cli/node_modules/next/dist/esm/server/mcp/mcp-telemetry-tracker.js.map'
npm warn tar TAR_ENTRY_ERROR ENOENT: no such file or directory, open '/vercel/sandbox/backend/node_modules/@workflow/cli/node_modules/next/dist/server/mcp/mcp-telemetry-tracker.js.map'
npm warn tar TAR_ENTRY_ERROR ENOENT: no such file or directory, open '/vercel/sandbox/backend/node_modules/@workflow/cli/node_modules/next/dist/telemetry/events/mcp-telemetry.test.js.map'
npm warn tar TAR_ENTRY_ERROR ENOENT: no such file or directory, open '/vercel/sandbox/backend/node_modules/@workflow/cli/node_modules/next/dist/esm/server/lib/incremental-cache/memory-cache.external.js.map'
npm warn tar TAR_ENTRY_ERROR ENOENT: no such file or directory, open '/vercel/sandbox/backend/node_modules/@workflow/cli/node_modules/next/dist/server/lib/incremental-cache/memory-cache.external.js.map'
npm warn tar TAR_ENTRY_ERROR ENOENT: no such file or directory, open '/vercel/sandbox/backend/node_modules/@workflow/cli/node_modules/next/dist/build/webpack/config/blocks/css/messages.js.map'
npm warn tar TAR_ENTRY_ERROR ENOENT: no such file or directory, open '/vercel/sandbox/backend/node_modules/@workflow/cli/node_modules/next/dist/build/webpack/config/blocks/images/messages.js.map'
npm warn tar TAR_ENTRY_ERROR ENOENT: no such file or directory, open '/vercel/sandbox/backend/node_modules/@workflow/cli/node_modules/next/dist/esm/build/webpack/config/blocks/css/messages.js.map'
npm warn tar TAR_ENTRY_ERROR ENOENT: no such file or directory, open '/vercel/sandbox/backend/node_modules/@workflow/cli/node_modules/next/dist/esm/build/webpack/config/blocks/images/messages.js.map'
npm warn tar TAR_ENTRY_ERROR ENOENT: no such file or directory, open '/vercel/sandbox/backend/node_modules/@workflow/cli/node_modules/next/dist/esm/server/dev/messages.js.map'
npm warn tar TAR_ENTRY_ERROR ENOENT: no such file or directory, open '/vercel/sandbox/backend/node_modules/@workflow/cli/node_modules/next/dist/server/dev/messages.js.map'
npm warn tar TAR_ENTRY_ERROR ENOENT: no such file or directory, open '/vercel/sandbox/backend/node_modules/@workflow/cli/node_modules/next/dist/esm/lib/metadata/generate/meta.js.map'
npm warn tar TAR_ENTRY_ERROR ENOENT: no such file or directory, open '/vercel/sandbox/backend/node_modules/@workflow/cli/node_modules/next/dist/lib/metadata/generate/meta.js.map'
npm warn tar TAR_ENTRY_ERROR ENOENT: no such file or directory, open '/vercel/sandbox/backend/node_modules/@workflow/cli/node_modules/next/dist/esm/lib/metadata/metadata-context.js.map'
npm warn tar TAR_ENTRY_ERROR ENOENT: no such file or directory, open '/vercel/sandbox/backend/node_modules/@workflow/cli/node_modules/next/dist/lib/metadata/metadata-context.js.map'
npm warn tar TAR_ENTRY_ERROR ENOENT: no such file or directory, open '/vercel/sandbox/backend/node_modules/@workflow/cli/node_modules/next/dist/esm/lib/metadata/types/metadata-interface.js.map'
npm warn tar TAR_ENTRY_ERROR ENOENT: no such file or directory, open '/vercel/sandbox/backend/node_modules/@workflow/cli/node_modules/next/dist/lib/metadata/types/metadata-interface.js.map'
npm warn tar TAR_ENTRY_ERROR ENOENT: no such file or directory, open '/vercel/sandbox/backend/node_modules/@workflow/cli/node_modules/next/dist/esm/lib/metadata/types/metadata-types.js.map'
npm warn tar TAR_ENTRY_ERROR ENOENT: no such file or directory, open '/vercel/sandbox/backend/node_modules/@workflow/cli/node_modules/next/dist/lib/metadata/types/metadata-types.js.map'
npm warn tar TAR_ENTRY_ERROR ENOENT: no such file or directory, open '/vercel/sandbox/backend/node_modules/@workflow/cli/node_modules/next/dist/esm/lib/metadata/metadata.js.map'
npm warn tar TAR_ENTRY_ERROR ENOENT: no such file or directory, open '/vercel/sandbox/backend/node_modules/@workflow/cli/node_modules/next/dist/esm/server/typescript/rules/metadata.js.map'
npm warn tar TAR_ENTRY_ERROR ENOENT: no such file or directory, open '/vercel/sandbox/backend/node_modules/@workflow/cli/node_modules/next/dist/lib/metadata/metadata.js.map'
npm warn tar TAR_ENTRY_ERROR ENOENT: no such file or directory, open '/vercel/sandbox/backend/node_modules/@workflow/cli/node_modules/next/dist/server/typescript/rules/metadata.js.map'
npm warn tar TAR_ENTRY_ERROR ENOENT: no such file or directory, open '/vercel/sandbox/backend/node_modules/@workflow/cli/node_modules/next/dist/build/segment-config/middleware/middleware-config.js.map'
npm warn tar TAR_ENTRY_ERROR ENOENT: no such file or directory, open '/vercel/sandbox/backend/node_modules/@workflow/cli/node_modules/next/dist/esm/build/segment-config/middleware/middleware-config.js.map'
npm warn tar TAR_ENTRY_ERROR ENOENT: no such file or directory, open '/vercel/sandbox/backend/node_modules/@workflow/cli/node_modules/next/dist/next-devtools/server/middleware-response.js.map'
npm warn tar TAR_ENTRY_ERROR ENOENT: no such file or directory, open '/vercel/sandbox/backend/node_modules/@workflow/cli/node_modules/next/dist/esm/shared/lib/router/utils/middleware-route-matcher.js.map'
npm warn tar TAR_ENTRY_ERROR ENOENT: no such file or directory, open '/vercel/sandbox/backend/node_modules/@workflow/cli/node_modules/next/dist/shared/lib/router/utils/middleware-route-matcher.js.map'
npm warn tar TAR_ENTRY_ERROR ENOENT: no such file or directory, open '/vercel/sandbox/backend/node_modules/@workflow/cli/node_modules/next/dist/experimental/testing/server/middleware-testing-utils.js.map'
npm warn tar TAR_ENTRY_ERROR ENOENT: no such file or directory, open '/vercel/sandbox/backend/node_modules/@workflow/cli/node_modules/next/dist/esm/server/dev/middleware-turbopack.js.map'
npm warn tar TAR_ENTRY_ERROR ENOENT: no such file or directory, open '/vercel/sandbox/backend/node_modules/@workflow/cli/node_modules/next/dist/server/dev/middleware-turbopack.js.map'
npm warn tar TAR_ENTRY_ERROR ENOENT: no such file or directory, open '/vercel/sandbox/backend/node_modules/@workflow/cli/node_modules/next/dist/esm/server/dev/middleware-webpack.js.map'
npm warn tar TAR_ENTRY_ERROR ENOENT: no such file or directory, open '/vercel/sandbox/backend/node_modules/@workflow/cli/node_modules/next/dist/server/dev/middleware-webpack.js.map'
npm warn tar TAR_ENTRY_ERROR ENOENT: no such file or directory, open '/vercel/sandbox/backend/node_modules/@workflow/cli/node_modules/next/dist/build/templates/middleware.js.map'
npm warn tar TAR_ENTRY_ERROR ENOENT: no such file or directory, open '/vercel/sandbox/backend/node_modules/@workflow/cli/node_modules/next/dist/esm/build/templates/middleware.js.map'
npm warn tar TAR_ENTRY_ERROR ENOENT: no such file or directory, open '/vercel/sandbox/backend/node_modules/@workflow/cli/node_modules/next/dist/build/webpack/loaders/lightningcss-loader/src/minify.js.map'
npm warn tar TAR_ENTRY_ERROR ENOENT: no such file or directory, open '/vercel/sandbox/backend/node_modules/@workflow/cli/node_modules/next/dist/esm/build/webpack/loaders/lightningcss-loader/src/minify.js.map'
npm warn tar TAR_ENTRY_ERROR ENOENT: no such file or directory, open '/vercel/sandbox/backend/node_modules/@workflow/cli/node_modules/next/dist/esm/shared/lib/errors/missing-default-parallel-route-error.js.map'
npm warn tar TAR_ENTRY_ERROR ENOENT: no such file or directory, open '/vercel/sandbox/backend/node_modules/@workflow/cli/node_modules/next/dist/shared/lib/errors/missing-default-parallel-route-error.js.map'
npm warn tar TAR_ENTRY_ERROR ENOENT: no such file or directory, open '/vercel/sandbox/backend/node_modules/@workflow/cli/node_modules/next/dist/esm/lib/typescript/missingDependencyError.js.map'
npm warn tar TAR_ENTRY_ERROR ENOENT: no such file or directory, open '/vercel/sandbox/backend/node_modules/@workflow/cli/node_modules/next/dist/lib/typescript/missingDependencyError.js.map'
npm warn tar TAR_ENTRY_ERROR ENOENT: no such file or directory, open '/vercel/sandbox/backend/node_modules/@workflow/cli/node_modules/next/dist/server/lib/mock-request.js.map'
npm warn tar TAR_ENTRY_ERROR ENOENT: no such file or directory, open '/vercel/sandbox/backend/node_modules/@workflow/cli/node_modules/next/dist/build/webpack/loaders/modularize-import-loader.js.map'
npm warn tar TAR_ENTRY_ERROR ENOENT: no such file or directory, open '/vercel/sandbox/backend/node_modules/@workflow/cli/node_modules/next/dist/esm/build/webpack/loaders/modularize-import-loader.js.map'
npm warn tar TAR_ENTRY_ERROR ENOENT: no such file or directory, open '/vercel/sandbox/backend/node_modules/@workflow/cli/node_modules/next/dist/esm/server/lib/module-loader/module-loader.js.map'
npm warn tar TAR_ENTRY_ERROR ENOENT: no such file or directory, open '/vercel/sandbox/backend/node_modules/@workflow/cli/node_modules/next/dist/server/lib/module-loader/module-loader.js.map'
npm warn tar TAR_ENTRY_ERROR ENOENT: no such file or directory, open '/vercel/sandbox/backend/node_modules/@workflow/cli/node_modules/next/dist/build/webpack/loaders/next-flight-loader/module-proxy.js.map'
npm warn tar TAR_ENTRY_ERROR ENOENT: no such file or directory, open '/vercel/sandbox/backend/node_modules/@workflow/cli/node_modules/next/dist/esm/build/webpack/loaders/next-flight-loader/module-proxy.js.map'
npm warn tar TAR_ENTRY_ERROR ENOENT: no such file or directory, open '/vercel/sandbox/backend/node_modules/@workflow/cli/node_modules/next/dist/esm/server/route-modules/app-page/module.compiled.js.map'
npm warn tar TAR_ENTRY_ERROR ENOENT: no such file or directory, open '/vercel/sandbox/backend/node_modules/@workflow/cli/node_modules/next/dist/esm/server/route-modules/app-route/module.compiled.js.map'
npm warn tar TAR_ENTRY_ERROR ENOENT: no such file or directory, open '/vercel/sandbox/backend/node_modules/@workflow/cli/node_modules/next/dist/esm/server/route-modules/pages-api/module.compiled.js.map'
npm warn tar TAR_ENTRY_ERROR ENOENT: no such file or directory, open '/vercel/sandbox/backend/node_modules/@workflow/cli/node_modules/next/dist/esm/server/route-modules/pages/module.compiled.js.map'
npm warn tar TAR_ENTRY_ERROR ENOENT: no such file or directory, open '/vercel/sandbox/backend/node_modules/@workflow/cli/node_modules/next/dist/server/route-modules/app-page/module.compiled.js.map'
npm warn tar TAR_ENTRY_ERROR ENOENT: no such file or directory, open '/vercel/sandbox/backend/node_modules/@workflow/cli/node_modules/next/dist/server/route-modules/app-route/module.compiled.js.map'
npm warn tar TAR_ENTRY_ERROR ENOENT: no such file or directory, open '/vercel/sandbox/backend/node_modules/@workflow/cli/node_modules/next/dist/server/route-modules/pages-api/module.compiled.js.map'
npm warn tar TAR_ENTRY_ERROR ENOENT: no such file or directory, open '/vercel/sandbox/backend/node_modules/@workflow/cli/node_modules/next/dist/server/route-modules/pages/module.compiled.js.map'
npm warn tar TAR_ENTRY_ERROR ENOENT: no such file or directory, open '/vercel/sandbox/backend/node_modules/@workflow/cli/node_modules/next/dist/esm/server/route-modules/app-page/module.js.map'
npm warn tar TAR_ENTRY_ERROR ENOENT: no such file or directory, open '/vercel/sandbox/backend/node_modules/@workflow/cli/node_modules/next/dist/esm/server/route-modules/app-route/module.js.map'
npm warn tar TAR_ENTRY_ERROR ENOENT: no such file or directory, open '/vercel/sandbox/backend/node_modules/@workflow/cli/node_modules/next/dist/esm/server/route-modules/pages-api/module.js.map'
npm warn tar TAR_ENTRY_ERROR ENOENT: no such file or directory, open '/vercel/sandbox/backend/node_modules/@workflow/cli/node_modules/next/dist/esm/server/route-modules/pages/module.js.map'
npm warn tar TAR_ENTRY_ERROR ENOENT: no such file or directory, open '/vercel/sandbox/backend/node_modules/@workflow/cli/node_modules/next/dist/server/route-modules/app-page/module.js.map'
npm warn tar TAR_ENTRY_ERROR ENOENT: no such file or directory, open '/vercel/sandbox/backend/node_modules/@workflow/cli/node_modules/next/dist/server/route-modules/app-route/module.js.map'
npm warn tar TAR_ENTRY_ERROR ENOENT: no such file or directory, open '/vercel/sandbox/backend/node_modules/@workflow/cli/node_modules/next/dist/server/route-modules/pages-api/module.js.map'
npm warn tar TAR_ENTRY_ERROR ENOENT: no such file or directory, open '/vercel/sandbox/backend/node_modules/@workflow/cli/node_modules/next/dist/server/route-modules/pages/module.js.map'
npm warn tar TAR_ENTRY_ERROR ENOENT: no such file or directory, open '/vercel/sandbox/backend/node_modules/@workflow/cli/node_modules/next/dist/esm/server/route-modules/app-page/module.render.js.map'
npm warn tar TAR_ENTRY_ERROR ENOENT: no such file or directory, open '/vercel/sandbox/backend/node_modules/@workflow/cli/node_modules/next/dist/esm/server/route-modules/pages/module.render.js.map'
npm warn tar TAR_ENTRY_ERROR ENOENT: no such file or directory, open '/vercel/sandbox/backend/node_modules/@workflow/cli/node_modules/next/dist/server/route-modules/app-page/module.render.js.map'
npm warn tar TAR_ENTRY_ERROR ENOENT: no such file or directory, open '/vercel/sandbox/backend/node_modules/@workflow/cli/node_modules/next/dist/server/route-modules/pages/module.render.js.map'
npm warn tar TAR_ENTRY_ERROR ENOENT: no such file or directory, open '/vercel/sandbox/backend/node_modules/@workflow/cli/node_modules/next/dist/build/webpack/config/blocks/css/loaders/modules.js.map'
npm warn tar TAR_ENTRY_ERROR ENOENT: no such file or directory, open '/vercel/sandbox/backend/node_modules/@workflow/cli/node_modules/next/dist/esm/build/webpack/config/blocks/css/loaders/modules.js.map'
npm warn tar TAR_ENTRY_ERROR ENOENT: no such file or directory, open '/vercel/sandbox/backend/node_modules/@workflow/cli/node_modules/next/dist/experimental/testmode/playwright/msw.js.map'
npm warn tar TAR_ENTRY_ERROR ENOENT: no such file or directory, open '/vercel/sandbox/backend/node_modules/@workflow/cli/node_modules/next/dist/esm/client/components/nav-failure-handler.js.map'
npm warn tar TAR_ENTRY_ERROR ENOENT: no such file or directory, open '/vercel/sandbox/backend/node_modules/@workflow/cli/node_modules/next/dist/client/components/router-reducer/reducers/navigate-reducer.js.map'
npm warn tar TAR_ENTRY_ERROR ENOENT: no such file or directory, open '/vercel/sandbox/backend/node_modules/@workflow/cli/node_modules/next/dist/esm/client/components/router-reducer/reducers/navigate-reducer.js.map'
npm warn tar TAR_ENTRY_ERROR ENOENT: no such file or directory, open '/vercel/sandbox/backend/node_modules/@workflow/cli/node_modules/next/dist/esm/client/components/navigation-devtools.js.map'
npm warn tar TAR_ENTRY_ERROR ENOENT: no such file or directory, open '/vercel/sandbox/backend/node_modules/@workflow/cli/node_modules/next/dist/esm/client/components/navigation-untracked.js.map'
npm warn tar TAR_ENTRY_ERROR ENOENT: no such file or directory, open '/vercel/sandbox/backend/node_modules/@workflow/cli/node_modules/next/dist/api/navigation.js.map'
npm warn tar TAR_ENTRY_ERROR ENOENT: no such file or directory, open '/vercel/sandbox/backend/node_modules/@workflow/cli/node_modules/next/dist/client/components/segment-cache/navigation.js.map'
npm warn tar TAR_ENTRY_ERROR ENOENT: no such file or directory, open '/vercel/sandbox/backend/node_modules/@workflow/cli/node_modules/next/dist/esm/api/navigation.js.map'
npm warn tar TAR_ENTRY_ERROR ENOENT: no such file or directory, open '/vercel/sandbox/backend/node_modules/@workflow/cli/node_modules/next/dist/esm/client/components/navigation.js.map'
npm warn tar TAR_ENTRY_ERROR ENOENT: no such file or directory, open '/vercel/sandbox/backend/node_modules/@workflow/cli/node_modules/next/dist/esm/client/components/segment-cache/navigation.js.map'
npm warn tar TAR_ENTRY_ERROR ENOENT: no such file or directory, open '/vercel/sandbox/backend/node_modules/@workflow/cli/node_modules/next/dist/api/navigation.react-server.js.map'
npm warn tar TAR_ENTRY_ERROR ENOENT: no such file or directory, open '/vercel/sandbox/backend/node_modules/@workflow/cli/node_modules/next/dist/esm/api/navigation.react-server.js.map'
npm warn tar TAR_ENTRY_ERROR ENOENT: no such file or directory, open '/vercel/sandbox/backend/node_modules/@workflow/cli/node_modules/next/dist/esm/client/components/navigation.react-server.js.map'
npm warn tar TAR_ENTRY_ERROR ENOENT: no such file or directory, open '/vercel/sandbox/backend/node_modules/@workflow/cli/node_modules/next/dist/build/webpack/loaders/next-barrel-loader.js.map'
npm warn tar TAR_ENTRY_ERROR ENOENT: no such file or directory, open '/vercel/sandbox/backend/node_modules/@workflow/cli/node_modules/next/dist/esm/build/webpack/loaders/next-barrel-loader.js.map'
npm warn tar TAR_ENTRY_ERROR ENOENT: no such file or directory, open '/vercel/sandbox/backend/node_modules/@workflow/cli/node_modules/next/dist/cli/next-build.js.map'
npm warn tar TAR_ENTRY_ERROR ENOENT: no such file or directory, open '/vercel/sandbox/backend/node_modules/@workflow/cli/node_modules/next/dist/build/webpack/loaders/next-client-pages-loader.js.map'
npm warn tar TAR_ENTRY_ERROR ENOENT: no such file or directory, open '/vercel/sandbox/backend/node_modules/@workflow/cli/node_modules/next/dist/esm/build/webpack/loaders/next-client-pages-loader.js.map'
npm warn tar TAR_ENTRY_ERROR ENOENT: no such file or directory, open '/vercel/sandbox/backend/node_modules/@workflow/cli/node_modules/next/dist/esm/server/normalizers/request/next-data.js.map'
npm warn tar TAR_ENTRY_ERROR ENOENT: no such file or directory, open '/vercel/sandbox/backend/node_modules/@workflow/cli/node_modules/next/dist/server/normalizers/request/next-data.js.map'
npm warn tar TAR_ENTRY_ERROR ENOENT: no such file or directory, open '/vercel/sandbox/backend/node_modules/@workflow/cli/node_modules/next/dist/esm/server/dev/next-dev-server.js.map'
npm warn tar TAR_ENTRY_ERROR ENOENT: no such file or directory, open '/vercel/sandbox/backend/node_modules/@workflow/cli/node_modules/next/dist/server/dev/next-dev-server.js.map'
npm warn tar TAR_ENTRY_ERROR ENOENT: no such file or directory, open '/vercel/sandbox/backend/node_modules/@workflow/cli/node_modules/next/dist/cli/next-dev.js.map'
npm warn tar TAR_ENTRY_ERROR ENOENT: no such file or directory, open '/vercel/sandbox/backend/node_modules/@workflow/cli/node_modules/next/dist/build/webpack/loaders/next-edge-function-loader.js.map'
npm warn tar TAR_ENTRY_ERROR ENOENT: no such file or directory, open '/vercel/sandbox/backend/node_modules/@workflow/cli/node_modules/next/dist/esm/build/webpack/loaders/next-edge-function-loader.js.map'
npm warn tar TAR_ENTRY_ERROR ENOENT: no such file or directory, open '/vercel/sandbox/backend/node_modules/@workflow/cli/node_modules/next/dist/build/webpack/loaders/next-error-browser-binary-loader.js.map'
npm warn tar TAR_ENTRY_ERROR ENOENT: no such file or directory, open '/vercel/sandbox/backend/node_modules/@workflow/cli/node_modules/next/dist/esm/build/webpack/loaders/next-error-browser-binary-loader.js.map'
npm warn tar TAR_ENTRY_ERROR ENOENT: no such file or directory, open '/vercel/sandbox/backend/node_modules/@workflow/cli/node_modules/next/dist/cli/next-export.js.map'
npm warn tar TAR_ENTRY_ERROR ENOENT: no such file or directory, open '/vercel/sandbox/backend/node_modules/@workflow/cli/node_modules/next/dist/experimental/testmode/playwright/next-fixture.js.map'
npm warn tar TAR_ENTRY_ERROR ENOENT: no such file or directory, open '/vercel/sandbox/backend/node_modules/@workflow/cli/node_modules/next/dist/build/webpack/loaders/next-flight-action-entry-loader.js.map'
npm warn tar TAR_ENTRY_ERROR ENOENT: no such file or directory, open '/vercel/sandbox/backend/node_modules/@workflow/cli/node_modules/next/dist/esm/build/webpack/loaders/next-flight-action-entry-loader.js.map'
npm warn tar TAR_ENTRY_ERROR ENOENT: no such file or directory, open '/vercel/sandbox/backend/node_modules/@workflow/cli/node_modules/next/dist/build/webpack/loaders/next-flight-client-entry-loader.js.map'
npm warn tar TAR_ENTRY_ERROR ENOENT: no such file or directory, open '/vercel/sandbox/backend/node_modules/@workflow/cli/node_modules/next/dist/esm/build/webpack/loaders/next-flight-client-entry-loader.js.map'
npm warn tar TAR_ENTRY_ERROR ENOENT: no such file or directory, open '/vercel/sandbox/backend/node_modules/@workflow/cli/node_modules/next/dist/build/webpack/loaders/next-flight-client-module-loader.js.map'
npm warn tar TAR_ENTRY_ERROR ENOENT: no such file or directory, open '/vercel/sandbox/backend/node_modules/@workflow/cli/node_modules/next/dist/esm/build/webpack/loaders/next-flight-client-module-loader.js.map'
npm warn tar TAR_ENTRY_ERROR ENOENT: no such file or directory, open '/vercel/sandbox/backend/node_modules/@workflow/cli/node_modules/next/dist/build/webpack/loaders/next-flight-css-loader.js.map'
npm warn tar TAR_ENTRY_ERROR ENOENT: no such file or directory, open '/vercel/sandbox/backend/node_modules/@workflow/cli/node_modules/next/dist/esm/build/webpack/loaders/next-flight-css-loader.js.map'
npm warn tar TAR_ENTRY_ERROR ENOENT: no such file or directory, open '/vercel/sandbox/backend/node_modules/@workflow/cli/node_modules/next/dist/build/webpack/loaders/next-flight-server-reference-proxy-loader.js.map'
npm warn tar TAR_ENTRY_ERROR ENOENT: no such file or directory, open '/vercel/sandbox/backend/node_modules/@workflow/cli/node_modules/next/dist/esm/build/webpack/loaders/next-flight-server-reference-proxy-loader.js.map'
npm warn tar TAR_ENTRY_ERROR ENOENT: no such file or directory, open '/vercel/sandbox/backend/node_modules/@workflow/cli/node_modules/next/dist/build/babel/plugins/next-font-unsupported.js.map'
npm warn tar TAR_ENTRY_ERROR ENOENT: no such file or directory, open '/vercel/sandbox/backend/node_modules/@workflow/cli/node_modules/next/dist/esm/build/babel/plugins/next-font-unsupported.js.map'
npm warn tar TAR_ENTRY_ERROR ENOENT: no such file or directory, open '/vercel/sandbox/backend/node_modules/@workflow/cli/node_modules/next/dist/build/webpack/config/blocks/css/loaders/next-font.js.map'
npm warn tar TAR_ENTRY_ERROR ENOENT: no such file or directory, open '/vercel/sandbox/backend/node_modules/@workflow/cli/node_modules/next/dist/esm/build/webpack/config/blocks/css/loaders/next-font.js.map'
npm warn tar TAR_ENTRY_ERROR ENOENT: no such file or directory, open '/vercel/sandbox/backend/node_modules/@workflow/cli/node_modules/next/dist/cli/next-info.js.map'
npm warn tar TAR_ENTRY_ERROR ENOENT: no such file or directory, open '/vercel/sandbox/backend/node_modules/@workflow/cli/node_modules/next/dist/esm/server/mcp/tools/next-instance-error-state.js.map'
npm warn tar TAR_ENTRY_ERROR ENOENT: no such file or directory, open '/vercel/sandbox/backend/node_modules/@workflow/cli/node_modules/next/dist/server/mcp/tools/next-instance-error-state.js.map'
npm warn tar TAR_ENTRY_ERROR ENOENT: no such file or directory, open '/vercel/sandbox/backend/node_modules/@workflow/cli/node_modules/next/dist/build/webpack/loaders/next-invalid-import-error-loader.js.map'
npm warn tar TAR_ENTRY_ERROR ENOENT: no such file or directory, open '/vercel/sandbox/backend/node_modules/@workflow/cli/node_modules/next/dist/esm/build/webpack/loaders/next-invalid-import-error-loader.js.map'
npm warn tar TAR_ENTRY_ERROR ENOENT: no such file or directory, open '/vercel/sandbox/backend/node_modules/@workflow/cli/node_modules/next/dist/build/webpack/loaders/next-metadata-image-loader.js.map'
npm warn tar TAR_ENTRY_ERROR ENOENT: no such file or directory, open '/vercel/sandbox/backend/node_modules/@workflow/cli/node_modules/next/dist/esm/build/webpack/loaders/next-metadata-image-loader.js.map'
npm warn tar TAR_ENTRY_ERROR ENOENT: no such file or directory, open '/vercel/sandbox/backend/node_modules/@workflow/cli/node_modules/next/dist/build/webpack/loaders/next-metadata-route-loader.js.map'
npm warn tar TAR_ENTRY_ERROR ENOENT: no such file or directory, open '/vercel/sandbox/backend/node_modules/@workflow/cli/node_modules/next/dist/esm/build/webpack/loaders/next-metadata-route-loader.js.map'
npm warn tar TAR_ENTRY_ERROR ENOENT: no such file or directory, open '/vercel/sandbox/backend/node_modules/@workflow/cli/node_modules/next/dist/build/webpack/loaders/next-middleware-asset-loader.js.map'
npm warn tar TAR_ENTRY_ERROR ENOENT: no such file or directory, open '/vercel/sandbox/backend/node_modules/@workflow/cli/node_modules/next/dist/esm/build/webpack/loaders/next-middleware-asset-loader.js.map'
npm warn tar TAR_ENTRY_ERROR ENOENT: no such file or directory, open '/vercel/sandbox/backend/node_modules/@workflow/cli/node_modules/next/dist/build/webpack/loaders/next-middleware-loader.js.map'
npm warn tar TAR_ENTRY_ERROR ENOENT: no such file or directory, open '/vercel/sandbox/backend/node_modules/@workflow/cli/node_modules/next/dist/esm/build/webpack/loaders/next-middleware-loader.js.map'
npm warn tar TAR_ENTRY_ERROR ENOENT: no such file or directory, open '/vercel/sandbox/backend/node_modules/@workflow/cli/node_modules/next/dist/build/webpack/loaders/next-middleware-wasm-loader.js.map'
npm warn tar TAR_ENTRY_ERROR ENOENT: no such file or directory, open '/vercel/sandbox/backend/node_modules/@workflow/cli/node_modules/next/dist/esm/build/webpack/loaders/next-middleware-wasm-loader.js.map'
npm warn tar TAR_ENTRY_ERROR ENOENT: no such file or directory, open '/vercel/sandbox/backend/node_modules/@workflow/cli/node_modules/next/dist/experimental/testmode/playwright/next-options.js.map'
npm warn tar TAR_ENTRY_ERROR ENOENT: no such file or directory, open '/vercel/sandbox/backend/node_modules/@workflow/cli/node_modules/next/dist/build/babel/plugins/next-page-config.js.map'
npm warn tar TAR_ENTRY_ERROR ENOENT: no such file or directory, open '/vercel/sandbox/backend/node_modules/@workflow/cli/node_modules/next/dist/esm/build/babel/plugins/next-page-config.js.map'
npm warn tar TAR_ENTRY_ERROR ENOENT: no such file or directory, open '/vercel/sandbox/backend/node_modules/@workflow/cli/node_modules/next/dist/build/babel/plugins/next-page-disallow-re-export-all-exports.js.map'
npm warn tar TAR_ENTRY_ERROR ENOENT: no such file or directory, open '/vercel/sandbox/backend/node_modules/@workflow/cli/node_modules/next/dist/esm/build/babel/plugins/next-page-disallow-re-export-all-exports.js.map'
npm warn tar TAR_ENTRY_ERROR ENOENT: no such file or directory, open '/vercel/sandbox/backend/node_modules/@workflow/cli/node_modules/next/dist/esm/server/web/spec-extension/adapters/next-request.js.map'
npm warn tar TAR_ENTRY_ERROR ENOENT: no such file or directory, open '/vercel/sandbox/backend/node_modules/@workflow/cli/node_modules/next/dist/server/web/spec-extension/adapters/next-request.js.map'
npm warn tar TAR_ENTRY_ERROR ENOENT: no such file or directory, open '/vercel/sandbox/backend/node_modules/@workflow/cli/node_modules/next/dist/build/webpack/loaders/next-root-params-loader.js.map'
npm warn tar TAR_ENTRY_ERROR ENOENT: no such file or directory, open '/vercel/sandbox/backend/node_modules/@workflow/cli/node_modules/next/dist/esm/build/webpack/loaders/next-root-params-loader.js.map'
npm warn tar TAR_ENTRY_ERROR ENOENT: no such file or directory, open '/vercel/sandbox/backend/node_modules/@workflow/cli/node_modules/next/dist/build/babel/plugins/next-ssg-transform.js.map'
npm warn tar TAR_ENTRY_ERROR ENOENT: no such file or directory, open '/vercel/sandbox/backend/node_modules/@workflow/cli/node_modules/next/dist/esm/build/babel/plugins/next-ssg-transform.js.map'
npm warn tar TAR_ENTRY_ERROR ENOENT: no such file or directory, open '/vercel/sandbox/backend/node_modules/@workflow/cli/node_modules/next/dist/cli/next-start.js.map'
npm warn tar TAR_ENTRY_ERROR ENOENT: no such file or directory, open '/vercel/sandbox/backend/node_modules/@workflow/cli/node_modules/next/dist/build/webpack/loaders/next-swc-loader.js.map'
npm warn tar TAR_ENTRY_ERROR ENOENT: no such file or directory, open '/vercel/sandbox/backend/node_modules/@workflow/cli/node_modules/next/dist/esm/build/webpack/loaders/next-swc-loader.js.map'
npm warn tar TAR_ENTRY_ERROR ENOENT: no such file or directory, open '/vercel/sandbox/backend/node_modules/@workflow/cli/node_modules/next/dist/cli/next-telemetry.js.map'
npm warn tar TAR_ENTRY_ERROR ENOENT: no such file or directory, open '/vercel/sandbox/backend/node_modules/@workflow/cli/node_modules/next/dist/cli/next-test.js.map'
npm warn tar TAR_ENTRY_ERROR ENOENT: no such file or directory, open '/vercel/sandbox/backend/node_modules/@workflow/cli/node_modules/next/dist/cli/next-typegen.js.map'
npm warn tar TAR_ENTRY_ERROR ENOENT: no such file or directory, open '/vercel/sandbox/backend/node_modules/@workflow/cli/node_modules/next/dist/esm/server/web/next-url.js.map'
npm warn tar TAR_ENTRY_ERROR ENOENT: no such file or directory, open '/vercel/sandbox/backend/node_modules/@workflow/cli/node_modules/next/dist/experimental/testmode/playwright/next-worker-fixture.js.map'
npm warn tar TAR_ENTRY_ERROR ENOENT: no such file or directory, open '/vercel/sandbox/backend/node_modules/@workflow/cli/node_modules/next/dist/bin/next.map'
npm warn tar TAR_ENTRY_ERROR ENOENT: no such file or directory, open '/vercel/sandbox/backend/node_modules/@workflow/cli/node_modules/next/dist/build/jest/__mocks__/nextFontMock.js.map'
npm warn tar TAR_ENTRY_ERROR ENOENT: no such file or directory, open '/vercel/sandbox/backend/node_modules/@workflow/cli/node_modules/next/dist/esm/server/node-environment-extensions/node-crypto.js.map'
npm warn tar TAR_ENTRY_ERROR ENOENT: no such file or directory, open '/vercel/sandbox/backend/node_modules/@workflow/cli/node_modules/next/dist/server/node-environment-extensions/node-crypto.js.map'
npm warn tar TAR_ENTRY_ERROR ENOENT: no such file or directory, open '/vercel/sandbox/backend/node_modules/@workflow/cli/node_modules/next/dist/server/lib/node-fs-methods.js.map'
npm warn tar TAR_ENTRY_ERROR ENOENT: no such file or directory, open '/vercel/sandbox/backend/node_modules/@workflow/cli/node_modules/next/dist/esm/server/route-matcher-providers/helpers/manifest-loaders/node-manifest-loader.js.map'
npm warn tar TAR_ENTRY_ERROR ENOENT: no such file or directory, open '/vercel/sandbox/backend/node_modules/@workflow/cli/node_modules/next/dist/server/route-matcher-providers/helpers/manifest-loaders/node-manifest-loader.js.map'
npm warn tar TAR_ENTRY_ERROR ENOENT: no such file or directory, open '/vercel/sandbox/backend/node_modules/@workflow/cli/node_modules/next/dist/esm/server/lib/module-loader/node-module-loader.js.map'
npm warn tar TAR_ENTRY_ERROR ENOENT: no such file or directory, open '/vercel/sandbox/backend/node_modules/@workflow/cli/node_modules/next/dist/server/lib/module-loader/node-module-loader.js.map'
npm warn tar TAR_ENTRY_ERROR ENOENT: no such file or directory, open '/vercel/sandbox/backend/node_modules/@workflow/cli/node_modules/next/dist/esm/server/dev/node-stack-frames.js.map'
npm warn tar TAR_ENTRY_ERROR ENOENT: no such file or directory, open '/vercel/sandbox/backend/node_modules/@workflow/cli/node_modules/next/dist/server/dev/node-stack-frames.js.map'
npm warn tar TAR_ENTRY_ERROR ENOENT: no such file or directory, open '/vercel/sandbox/backend/node_modules/@workflow/cli/node_modules/next/dist/esm/server/stream-utils/node-web-streams-helper.js.map'
npm warn tar TAR_ENTRY_ERROR ENOENT: no such file or directory, open '/vercel/sandbox/backend/node_modules/@workflow/cli/node_modules/next/dist/server/stream-utils/node-web-streams-helper.js.map'
npm warn tar TAR_ENTRY_ERROR ENOENT: no such file or directory, open '/vercel/sandbox/backend/node_modules/@workflow/cli/node_modules/next/dist/esm/server/base-http/node.js.map'
npm warn tar TAR_ENTRY_ERROR ENOENT: no such file or directory, open '/vercel/sandbox/backend/node_modules/@workflow/cli/node_modules/next/dist/server/base-http/node.js.map'
npm warn tar TAR_ENTRY_ERROR ENOENT: no such file or directory, open '/vercel/sandbox/backend/node_modules/@workflow/cli/node_modules/next/dist/esm/client/components/noop-head.js.map'
npm warn tar TAR_ENTRY_ERROR ENOENT: no such file or directory, open '/vercel/sandbox/backend/node_modules/@workflow/cli/node_modules/next/dist/esm/shared/lib/page-path/normalize-data-path.js.map'
npm warn tar TAR_ENTRY_ERROR ENOENT: no such file or directory, open '/vercel/sandbox/backend/node_modules/@workflow/cli/node_modules/next/dist/shared/lib/page-path/normalize-data-path.js.map'
npm warn tar TAR_ENTRY_ERROR ENOENT: no such file or directory, open '/vercel/sandbox/backend/node_modules/@workflow/cli/node_modules/next/dist/esm/shared/lib/i18n/normalize-locale-path.js.map'
npm warn tar TAR_ENTRY_ERROR ENOENT: no such file or directory, open '/vercel/sandbox/backend/node_modules/@workflow/cli/node_modules/next/dist/shared/lib/i18n/normalize-locale-path.js.map'
npm warn tar TAR_ENTRY_ERROR ENOENT: no such file or directory, open '/vercel/sandbox/backend/node_modules/@workflow/cli/node_modules/next/dist/esm/shared/lib/page-path/normalize-page-path.js.map'
npm warn tar TAR_ENTRY_ERROR ENOENT: no such file or directory, open '/vercel/sandbox/backend/node_modules/@workflow/cli/node_modules/next/dist/shared/lib/page-path/normalize-page-path.js.map'
npm warn tar TAR_ENTRY_ERROR ENOENT: no such file or directory, open '/vercel/sandbox/backend/node_modules/@workflow/cli/node_modules/next/dist/esm/shared/lib/page-path/normalize-path-sep.js.map'
npm warn tar TAR_ENTRY_ERROR ENOENT: no such file or directory, open '/vercel/sandbox/backend/node_modules/@workflow/cli/node_modules/next/dist/shared/lib/page-path/normalize-path-sep.js.map'
npm warn tar TAR_ENTRY_ERROR ENOENT: no such file or directory, open '/vercel/sandbox/backend/node_modules/@workflow/cli/node_modules/next/dist/esm/server/normalizers/normalizer.js.map'
npm warn tar TAR_ENTRY_ERROR ENOENT: no such file or directory, open '/vercel/sandbox/backend/node_modules/@workflow/cli/node_modules/next/dist/server/normalizers/normalizer.js.map'
npm warn tar TAR_ENTRY_ERROR ENOENT: no such file or directory, open '/vercel/sandbox/backend/node_modules/@workflow/cli/node_modules/next/dist/esm/server/normalizers/normalizers.js.map'
npm warn tar TAR_ENTRY_ERROR ENOENT: no such file or directory, open '/vercel/sandbox/backend/node_modules/@workflow/cli/node_modules/next/dist/server/normalizers/normalizers.js.map'
npm warn tar TAR_ENTRY_ERROR ENOENT: no such file or directory, open '/vercel/sandbox/backend/node_modules/@workflow/cli/node_modules/next/dist/client/components/builtin/not-found.js.map'
npm warn tar TAR_ENTRY_ERROR ENOENT: no such file or directory, open '/vercel/sandbox/backend/node_modules/@workflow/cli/node_modules/next/dist/esm/client/components/builtin/not-found.js.map'
npm warn tar TAR_ENTRY_ERROR ENOENT: no such file or directory, open '/vercel/sandbox/backend/node_modules/@workflow/cli/node_modules/next/dist/esm/client/components/not-found.js.map'
npm warn tar TAR_ENTRY_ERROR ENOENT: no such file or directory, open '/vercel/sandbox/backend/node_modules/@workflow/cli/node_modules/next/dist/build/polyfills/object-assign.js.map'
npm warn tar TAR_ENTRY_ERROR ENOENT: no such file or directory, open '/vercel/sandbox/backend/node_modules/@workflow/cli/node_modules/next/dist/esm/build/polyfills/object-assign.js.map'
npm warn tar TAR_ENTRY_ERROR ENOENT: no such file or directory, open '/vercel/sandbox/backend/node_modules/@workflow/cli/node_modules/next/dist/build/jest/object-proxy.js.map'
npm warn tar TAR_ENTRY_ERROR ENOENT: no such file or directory, open '/vercel/sandbox/backend/node_modules/@workflow/cli/node_modules/next/dist/api/og.js.map'
npm warn tar TAR_ENTRY_ERROR ENOENT: no such file or directory, open '/vercel/sandbox/backend/node_modules/@workflow/cli/node_modules/next/dist/esm/api/og.js.map'
npm warn tar TAR_ENTRY_ERROR ENOENT: no such file or directory, open '/vercel/sandbox/backend/node_modules/@workflow/cli/node_modules/next/dist/esm/shared/lib/router/utils/omit.js.map'
npm warn tar TAR_ENTRY_ERROR ENOENT: no such file or directory, open '/vercel/sandbox/backend/node_modules/@workflow/cli/node_modules/next/dist/shared/lib/router/utils/omit.js.map'
npm warn tar TAR_ENTRY_ERROR ENOENT: no such file or directory, open '/vercel/sandbox/backend/node_modules/@workflow/cli/node_modules/next/dist/esm/server/dev/on-demand-entry-handler.js.map'
npm warn tar TAR_ENTRY_ERROR ENOENT: no such file or directory, open '/vercel/sandbox/backend/node_modules/@workflow/cli/node_modules/next/dist/server/dev/on-demand-entry-handler.js.map'
npm warn tar TAR_ENTRY_ERROR ENOENT: no such file or directory, open '/vercel/sandbox/backend/node_modules/@workflow/cli/node_modules/next/dist/client/react-client-callbacks/on-recoverable-error.js.map'
npm warn tar TAR_ENTRY_ERROR ENOENT: no such file or directory, open '/vercel/sandbox/backend/node_modules/@workflow/cli/node_modules/next/dist/esm/client/react-client-callbacks/on-recoverable-error.js.map'
npm warn tar TAR_ENTRY_ERROR ENOENT: no such file or directory, open '/vercel/sandbox/backend/node_modules/@workflow/cli/node_modules/next/dist/esm/lib/metadata/types/opengraph-types.js.map'
npm warn tar TAR_ENTRY_ERROR ENOENT: no such file or directory, open '/vercel/sandbox/backend/node_modules/@workflow/cli/node_modules/next/dist/lib/metadata/types/opengraph-types.js.map'
npm warn tar TAR_ENTRY_ERROR ENOENT: no such file or directory, open '/vercel/sandbox/backend/node_modules/@workflow/cli/node_modules/next/dist/esm/lib/metadata/generate/opengraph.js.map'
npm warn tar TAR_ENTRY_ERROR ENOENT: no such file or directory, open '/vercel/sandbox/backend/node_modules/@workflow/cli/node_modules/next/dist/lib/metadata/generate/opengraph.js.map'
npm warn tar TAR_ENTRY_ERROR ENOENT: no such file or directory, open '/vercel/sandbox/backend/node_modules/@workflow/cli/node_modules/next/dist/build/babel/plugins/optimize-hook-destructuring.js.map'
npm warn tar TAR_ENTRY_ERROR ENOENT: no such file or directory, open '/vercel/sandbox/backend/node_modules/@workflow/cli/node_modules/next/dist/esm/build/babel/plugins/optimize-hook-destructuring.js.map'
npm warn tar TAR_ENTRY_ERROR ENOENT: no such file or directory, open '/vercel/sandbox/backend/node_modules/@workflow/cli/node_modules/next/dist/build/swc/options.js.map'
npm warn tar TAR_ENTRY_ERROR ENOENT: no such file or directory, open '/vercel/sandbox/backend/node_modules/@workflow/cli/node_modules/next/dist/esm/build/swc/options.js.map'
npm warn tar TAR_ENTRY_ERROR ENOENT: no such file or directory, open '/vercel/sandbox/backend/node_modules/@workflow/cli/node_modules/next/dist/esm/shared/lib/segment-cache/output-export-prefetch-encoding.js.map'
npm warn tar TAR_ENTRY_ERROR ENOENT: no such file or directory, open '/vercel/sandbox/backend/node_modules/@workflow/cli/node_modules/next/dist/shared/lib/segment-cache/output-export-prefetch-encoding.js.map'
npm warn tar TAR_ENTRY_ERROR ENOENT: no such file or directory, open '/vercel/sandbox/backend/node_modules/@workflow/cli/node_modules/next/dist/experimental/testmode/playwright/page-route.js.map'
npm warn tar TAR_ENTRY_ERROR ENOENT: no such file or directory, open '/vercel/sandbox/backend/node_modules/@workflow/cli/node_modules/next/dist/esm/server/route-definitions/pages-api-route-definition.js.map'
npm warn tar TAR_ENTRY_ERROR ENOENT: no such file or directory, open '/vercel/sandbox/backend/node_modules/@workflow/cli/node_modules/next/dist/server/route-definitions/pages-api-route-definition.js.map'
npm warn tar TAR_ENTRY_ERROR ENOENT: no such file or directory, open '/vercel/sandbox/backend/node_modules/@workflow/cli/node_modules/next/dist/esm/server/route-matches/pages-api-route-match.js.map'
npm warn tar TAR_ENTRY_ERROR ENOENT: no such file or directory, open '/vercel/sandbox/backend/node_modules/@workflow/cli/node_modules/next/dist/server/route-matches/pages-api-route-match.js.map'
npm warn tar TAR_ENTRY_ERROR ENOENT: no such file or directory, open '/vercel/sandbox/backend/node_modules/@workflow/cli/node_modules/next/dist/esm/server/route-matchers/pages-api-route-matcher.js.map'
npm warn tar TAR_ENTRY_ERROR ENOENT: no such file or directory, open '/vercel/sandbox/backend/node_modules/@workflow/cli/node_modules/next/dist/server/route-matchers/pages-api-route-matcher.js.map'
npm warn tar TAR_ENTRY_ERROR ENOENT: no such file or directory, open '/vercel/sandbox/backend/node_modules/@workflow/cli/node_modules/next/dist/compiled/next-server/pages-api-turbo.runtime.dev.js.map'
npm warn tar TAR_ENTRY_ERROR ENOENT: no such file or directory, open '/vercel/sandbox/backend/node_modules/@workflow/cli/node_modules/next/dist/compiled/next-server/pages-api-turbo.runtime.prod.js.map'
npm warn tar TAR_ENTRY_ERROR ENOENT: no such file or directory, open '/vercel/sandbox/backend/node_modules/@workflow/cli/node_modules/next/dist/build/templates/pages-api.js.map'
npm warn tar TAR_ENTRY_ERROR ENOENT: no such file or directory, open '/vercel/sandbox/backend/node_modules/@workflow/cli/node_modules/next/dist/esm/build/templates/pages-api.js.map'
npm warn tar TAR_ENTRY_ERROR ENOENT: no such file or directory, open '/vercel/sandbox/backend/node_modules/@workflow/cli/node_modules/next/dist/compiled/next-server/pages-api.runtime.dev.js.map'
npm warn tar TAR_ENTRY_ERROR ENOENT: no such file or directory, open '/vercel/sandbox/backend/node_modules/@workflow/cli/node_modules/next/dist/compiled/next-server/pages-api.runtime.prod.js.map'
npm warn tar TAR_ENTRY_ERROR ENOENT: no such file or directory, open '/vercel/sandbox/backend/node_modules/@workflow/cli/node_modules/next/dist/esm/server/normalizers/built/pages/pages-bundle-path-normalizer.js.map'
npm warn tar TAR_ENTRY_ERROR ENOENT: no such file or directory, open '/vercel/sandbox/backend/node_modules/@workflow/cli/node_modules/next/dist/server/normalizers/built/pages/pages-bundle-path-normalizer.js.map'
npm warn tar TAR_ENTRY_ERROR ENOENT: no such file or directory, open '/vercel/sandbox/backend/node_modules/@workflow/cli/node_modules/next/dist/esm/next-devtools/userspace/pages/pages-dev-overlay-error-boundary.js.map'
npm warn tar TAR_ENTRY_ERROR ENOENT: no such file or directory, open '/vercel/sandbox/backend/node_modules/@workflow/cli/node_modules/next/dist/next-devtools/userspace/pages/pages-dev-overlay-error-boundary.js.map'
npm warn tar TAR_ENTRY_ERROR ENOENT: no such file or directory, open '/vercel/sandbox/backend/node_modules/@workflow/cli/node_modules/next/dist/esm/next-devtools/userspace/pages/pages-dev-overlay-setup.js.map'
npm warn tar TAR_ENTRY_ERROR ENOENT: no such file or directory, open '/vercel/sandbox/backend/node_modules/@workflow/cli/node_modules/next/dist/next-devtools/userspace/pages/pages-dev-overlay-setup.js.map'
npm warn tar TAR_ENTRY_ERROR ENOENT: no such file or directory, open '/vercel/sandbox/backend/node_modules/@workflow/cli/node_modules/next/dist/build/templates/pages-edge-api.js.map'
npm warn tar TAR_ENTRY_ERROR ENOENT: no such file or directory, open '/vercel/sandbox/backend/node_modules/@workflow/cli/node_modules/next/dist/esm/build/templates/pages-edge-api.js.map'
npm warn tar TAR_ENTRY_ERROR ENOENT: no such file or directory, open '/vercel/sandbox/backend/node_modules/@workflow/cli/node_modules/next/dist/esm/server/normalizers/built/pages/pages-filename-normalizer.js.map'
npm warn tar TAR_ENTRY_ERROR ENOENT: no such file or directory, open '/vercel/sandbox/backend/node_modules/@workflow/cli/node_modules/next/dist/server/normalizers/built/pages/pages-filename-normalizer.js.map'
npm warn tar TAR_ENTRY_ERROR ENOENT: no such file or directory, open '/vercel/sandbox/backend/node_modules/@workflow/cli/node_modules/next/dist/esm/server/route-modules/pages/pages-handler.js.map'
npm warn tar TAR_ENTRY_ERROR ENOENT: no such file or directory, open '/vercel/sandbox/backend/node_modules/@workflow/cli/node_modules/next/dist/server/route-modules/pages/pages-handler.js.map'
npm warn tar TAR_ENTRY_ERROR ENOENT: no such file or directory, open '/vercel/sandbox/backend/node_modules/@workflow/cli/node_modules/next/dist/esm/server/normalizers/built/pages/pages-page-normalizer.js.map'
npm warn tar TAR_ENTRY_ERROR ENOENT: no such file or directory, open '/vercel/sandbox/backend/node_modules/@workflow/cli/node_modules/next/dist/server/normalizers/built/pages/pages-page-normalizer.js.map'
npm warn tar TAR_ENTRY_ERROR ENOENT: no such file or directory, open '/vercel/sandbox/backend/node_modules/@workflow/cli/node_modules/next/dist/esm/server/normalizers/built/pages/pages-pathname-normalizer.js.map'
npm warn tar TAR_ENTRY_ERROR ENOENT: no such file or directory, open '/vercel/sandbox/backend/node_modules/@workflow/cli/node_modules/next/dist/server/normalizers/built/pages/pages-pathname-normalizer.js.map'
npm warn tar TAR_ENTRY_ERROR ENOENT: no such file or directory, open '/vercel/sandbox/backend/node_modules/@workflow/cli/node_modules/next/dist/esm/server/route-definitions/pages-route-definition.js.map'
npm warn tar TAR_ENTRY_ERROR ENOENT: no such file or directory, open '/vercel/sandbox/backend/node_modules/@workflow/cli/node_modules/next/dist/server/route-definitions/pages-route-definition.js.map'
npm warn tar TAR_ENTRY_ERROR ENOENT: no such file or directory, open '/vercel/sandbox/backend/node_modules/@workflow/cli/node_modules/next/dist/esm/server/route-matches/pages-route-match.js.map'
npm warn tar TAR_ENTRY_ERROR ENOENT: no such file or directory, open '/vercel/sandbox/backend/node_modules/@workflow/cli/node_modules/next/dist/server/route-matches/pages-route-match.js.map'
npm warn tar TAR_ENTRY_ERROR ENOENT: no such file or directory, open '/vercel/sandbox/backend/node_modules/@workflow/cli/node_modules/next/dist/esm/server/route-matchers/pages-route-matcher.js.map'
npm warn tar TAR_ENTRY_ERROR ENOENT: no such file or directory, open '/vercel/sandbox/backend/node_modules/@workflow/cli/node_modules/next/dist/server/route-matchers/pages-route-matcher.js.map'
npm warn tar TAR_ENTRY_ERROR ENOENT: no such file or directory, open '/vercel/sandbox/backend/node_modules/@workflow/cli/node_modules/next/dist/build/segment-config/pages/pages-segment-config.js.map'
npm warn tar TAR_ENTRY_ERROR ENOENT: no such file or directory, open '/vercel/sandbox/backend/node_modules/@workflow/cli/node_modules/next/dist/esm/build/segment-config/pages/pages-segment-config.js.map'
npm warn tar TAR_ENTRY_ERROR ENOENT: no such file or directory, open '/vercel/sandbox/backend/node_modules/@workflow/cli/node_modules/next/dist/compiled/next-server/pages-turbo.runtime.dev.js.map'
npm warn tar TAR_ENTRY_ERROR ENOENT: no such file or directory, open '/vercel/sandbox/backend/node_modules/@workflow/cli/node_modules/next/dist/compiled/next-server/pages-turbo.runtime.prod.js.map'
npm warn tar TAR_ENTRY_ERROR ENOENT: no such file or directory, open '/vercel/sandbox/backend/node_modules/@workflow/cli/node_modules/next/dist/build/static-paths/pages.js.map'
npm warn tar TAR_ENTRY_ERROR ENOENT: no such file or directory, open '/vercel/sandbox/backend/node_modules/@workflow/cli/node_modules/next/dist/build/templates/pages.js.map'
npm warn tar TAR_ENTRY_ERROR ENOENT: no such file or directory, open '/vercel/sandbox/backend/node_modules/@workflow/cli/node_modules/next/dist/esm/build/static-paths/pages.js.map'
npm warn tar TAR_ENTRY_ERROR ENOENT: no such file or directory, open '/vercel/sandbox/backend/node_modules/@workflow/cli/node_modules/next/dist/esm/build/templates/pages.js.map'
npm warn tar TAR_ENTRY_ERROR ENOENT: no such file or directory, open '/vercel/sandbox/backend/node_modules/@workflow/cli/node_modules/next/dist/esm/export/routes/pages.js.map'
npm warn tar TAR_ENTRY_ERROR ENOENT: no such file or directory, open '/vercel/sandbox/backend/node_modules/@workflow/cli/node_modules/next/dist/export/routes/pages.js.map'
npm warn tar TAR_ENTRY_ERROR ENOENT: no such file or directory, open '/vercel/sandbox/backend/node_modules/@workflow/cli/node_modules/next/dist/compiled/next-server/pages.runtime.dev.js.map'
npm warn tar TAR_ENTRY_ERROR ENOENT: no such file or directory, open '/vercel/sandbox/backend/node_modules/@workflow/cli/node_modules/next/dist/compiled/next-server/pages.runtime.prod.js.map'
npm warn tar TAR_ENTRY_ERROR ENOENT: no such file or directory, open '/vercel/sandbox/backend/node_modules/@workflow/cli/node_modules/next/dist/client/request/params.browser.dev.js.map'
npm warn tar TAR_ENTRY_ERROR ENOENT: no such file or directory, open '/vercel/sandbox/backend/node_modules/@workflow/cli/node_modules/next/dist/esm/client/request/params.browser.dev.js.map'
npm warn tar TAR_ENTRY_ERROR ENOENT: no such file or directory, open '/vercel/sandbox/backend/node_modules/@workflow/cli/node_modules/next/dist/client/request/params.browser.js.map'
npm warn tar TAR_ENTRY_ERROR ENOENT: no such file or directory, open '/vercel/sandbox/backend/node_modules/@workflow/cli/node_modules/next/dist/esm/client/request/params.browser.js.map'
npm warn tar TAR_ENTRY_ERROR ENOENT: no such file or directory, open '/vercel/sandbox/backend/node_modules/@workflow/cli/node_modules/next/dist/client/request/params.browser.prod.js.map'
npm warn tar TAR_ENTRY_ERROR ENOENT: no such file or directory, open '/vercel/sandbox/backend/node_modules/@workflow/cli/node_modules/next/dist/esm/client/request/params.browser.prod.js.map'
npm warn tar TAR_ENTRY_ERROR ENOENT: no such file or directory, open '/vercel/sandbox/backend/node_modules/@workflow/cli/node_modules/next/dist/esm/server/request/params.js.map'
npm warn tar TAR_ENTRY_ERROR ENOENT: no such file or directory, open '/vercel/sandbox/backend/node_modules/@workflow/cli/node_modules/next/dist/server/request/params.js.map'
npm warn tar TAR_ENTRY_ERROR ENOENT: no such file or directory, open '/vercel/sandbox/backend/node_modules/@workflow/cli/node_modules/next/dist/esm/server/app-render/parse-and-validate-flight-router-state.js.map'
npm warn tar TAR_ENTRY_ERROR ENOENT: no such file or directory, open '/vercel/sandbox/backend/node_modules/@workflow/cli/node_modules/next/dist/esm/server/api-utils/node/parse-body.js.map'
npm warn tar TAR_ENTRY_ERROR ENOENT: no such file or directory, open '/vercel/sandbox/backend/node_modules/@workflow/cli/node_modules/next/dist/server/api-utils/node/parse-body.js.map'
npm warn tar TAR_ENTRY_ERROR ENOENT: no such file or directory, open '/vercel/sandbox/backend/node_modules/@workflow/cli/node_modules/next/dist/build/webpack/plugins/wellknown-errors-plugin/parse-dynamic-code-evaluation-error.js.map'
npm warn tar TAR_ENTRY_ERROR ENOENT: no such file or directory, open '/vercel/sandbox/backend/node_modules/@workflow/cli/node_modules/next/dist/esm/build/webpack/plugins/wellknown-errors-plugin/parse-dynamic-code-evaluation-error.js.map'
npm warn tar TAR_ENTRY_ERROR ENOENT: no such file or directory, open '/vercel/sandbox/backend/node_modules/@workflow/cli/node_modules/next/dist/esm/shared/lib/router/utils/parse-loader-tree.js.map'
npm warn tar TAR_ENTRY_ERROR ENOENT: no such file or directory, open '/vercel/sandbox/backend/node_modules/@workflow/cli/node_modules/next/dist/shared/lib/router/utils/parse-loader-tree.js.map'
npm warn tar TAR_ENTRY_ERROR ENOENT: no such file or directory, open '/vercel/sandbox/backend/node_modules/@workflow/cli/node_modules/next/dist/build/analysis/parse-module.js.map'
npm warn tar TAR_ENTRY_ERROR ENOENT: no such file or directory, open '/vercel/sandbox/backend/node_modules/@workflow/cli/node_modules/next/dist/esm/build/analysis/parse-module.js.map'
npm warn tar TAR_ENTRY_ERROR ENOENT: no such file or directory, open '/vercel/sandbox/backend/node_modules/@workflow/cli/node_modules/next/dist/esm/shared/lib/router/utils/parse-path.js.map'
npm warn tar TAR_ENTRY_ERROR ENOENT: no such file or directory, open '/vercel/sandbox/backend/node_modules/@workflow/cli/node_modules/next/dist/shared/lib/router/utils/parse-path.js.map'
npm warn tar TAR_ENTRY_ERROR ENOENT: no such file or directory, open '/vercel/sandbox/backend/node_modules/@workflow/cli/node_modules/next/dist/esm/shared/lib/router/utils/parse-relative-url.js.map'
npm warn tar TAR_ENTRY_ERROR ENOENT: no such file or directory, open '/vercel/sandbox/backend/node_modules/@workflow/cli/node_modules/next/dist/shared/lib/router/utils/parse-relative-url.js.map'
npm warn tar TAR_ENTRY_ERROR ENOENT: no such file or directory, open '/vercel/sandbox/backend/node_modules/@workflow/cli/node_modules/next/dist/server/lib/parse-stack.js.map'
npm warn tar TAR_ENTRY_ERROR ENOENT: no such file or directory, open '/vercel/sandbox/backend/node_modules/@workflow/cli/node_modules/next/dist/esm/shared/lib/router/utils/parse-url.js.map'
npm warn tar TAR_ENTRY_ERROR ENOENT: no such file or directory, open '/vercel/sandbox/backend/node_modules/@workflow/cli/node_modules/next/dist/shared/lib/router/utils/parse-url.js.map'
npm warn tar TAR_ENTRY_ERROR ENOENT: no such file or directory, open '/vercel/sandbox/backend/node_modules/@workflow/cli/node_modules/next/dist/esm/server/dev/parse-version-info.js.map'
npm warn tar TAR_ENTRY_ERROR ENOENT: no such file or directory, open '/vercel/sandbox/backend/node_modules/@workflow/cli/node_modules/next/dist/server/dev/parse-version-info.js.map'
npm warn tar TAR_ENTRY_ERROR ENOENT: no such file or directory, open '/vercel/sandbox/backend/node_modules/@workflow/cli/node_modules/next/dist/build/webpack/plugins/wellknown-errors-plugin/parseBabel.js.map'
npm warn tar TAR_ENTRY_ERROR ENOENT: no such file or directory, open '/vercel/sandbox/backend/node_modules/@workflow/cli/node_modules/next/dist/esm/build/webpack/plugins/wellknown-errors-plugin/parseBabel.js.map'
npm warn tar TAR_ENTRY_ERROR ENOENT: no such file or directory, open '/vercel/sandbox/backend/node_modules/@workflow/cli/node_modules/next/dist/build/webpack/plugins/wellknown-errors-plugin/parseCss.js.map'
npm warn tar TAR_ENTRY_ERROR ENOENT: no such file or directory, open '/vercel/sandbox/backend/node_modules/@workflow/cli/node_modules/next/dist/esm/build/webpack/plugins/wellknown-errors-plugin/parseCss.js.map'
npm warn tar TAR_ENTRY_ERROR ENOENT: no such file or directory, open '/vercel/sandbox/backend/node_modules/@workflow/cli/node_modules/next/dist/esm/server/route-modules/app-route/helpers/parsed-url-query-to-params.js.map'
npm warn tar TAR_ENTRY_ERROR ENOENT: no such file or directory, open '/vercel/sandbox/backend/node_modules/@workflow/cli/node_modules/next/dist/server/route-modules/app-route/helpers/parsed-url-query-to-params.js.map'
npm warn tar TAR_ENTRY_ERROR ENOENT: no such file or directory, open '/vercel/sandbox/backend/node_modules/@workflow/cli/node_modules/next/dist/build/webpack/plugins/wellknown-errors-plugin/parseNextAppLoaderError.js.map'
npm warn tar TAR_ENTRY_ERROR ENOENT: no such file or directory, open '/vercel/sandbox/backend/node_modules/@workflow/cli/node_modules/next/dist/esm/build/webpack/plugins/wellknown-errors-plugin/parseNextAppLoaderError.js.map'
npm warn tar TAR_ENTRY_ERROR ENOENT: no such file or directory, open '/vercel/sandbox/backend/node_modules/@workflow/cli/node_modules/next/dist/build/webpack/plugins/wellknown-errors-plugin/parseNextFontError.js.map'
npm warn tar TAR_ENTRY_ERROR ENOENT: no such file or directory, open '/vercel/sandbox/backend/node_modules/@workflow/cli/node_modules/next/dist/esm/build/webpack/plugins/wellknown-errors-plugin/parseNextFontError.js.map'
npm warn tar TAR_ENTRY_ERROR ENOENT: no such file or directory, open '/vercel/sandbox/backend/node_modules/@workflow/cli/node_modules/next/dist/build/webpack/plugins/wellknown-errors-plugin/parseNextInvalidImportError.js.map'
npm warn tar TAR_ENTRY_ERROR ENOENT: no such file or directory, open '/vercel/sandbox/backend/node_modules/@workflow/cli/node_modules/next/dist/esm/build/webpack/plugins/wellknown-errors-plugin/parseNextInvalidImportError.js.map'
npm warn tar TAR_ENTRY_ERROR ENOENT: no such file or directory, open '/vercel/sandbox/backend/node_modules/@workflow/cli/node_modules/next/dist/build/webpack/plugins/wellknown-errors-plugin/parseNotFoundError.js.map'
npm warn tar TAR_ENTRY_ERROR ENOENT: no such file or directory, open '/vercel/sandbox/backend/node_modules/@workflow/cli/node_modules/next/dist/esm/build/webpack/plugins/wellknown-errors-plugin/parseNotFoundError.js.map'
npm warn tar TAR_ENTRY_ERROR ENOENT: no such file or directory, open '/vercel/sandbox/backend/node_modules/@workflow/cli/node_modules/next/dist/build/webpack/plugins/wellknown-errors-plugin/parseScss.js.map'
npm warn tar TAR_ENTRY_ERROR ENOENT: no such file or directory, open '/vercel/sandbox/backend/node_modules/@workflow/cli/node_modules/next/dist/esm/build/webpack/plugins/wellknown-errors-plugin/parseScss.js.map'
npm warn tar TAR_ENTRY_ERROR ENOENT: no such file or directory, open '/vercel/sandbox/backend/node_modules/@workflow/cli/node_modules/next/dist/server/lib/patch-fetch.js.map'
npm warn tar TAR_ENTRY_ERROR ENOENT: no such file or directory, open '/vercel/sandbox/backend/node_modules/@workflow/cli/node_modules/next/dist/server/lib/patch-set-header.js.map'
npm warn tar TAR_ENTRY_ERROR ENOENT: no such file or directory, open '/vercel/sandbox/backend/node_modules/@workflow/cli/node_modules/next/dist/esm/shared/lib/router/utils/path-has-prefix.js.map'
npm warn tar TAR_ENTRY_ERROR ENOENT: no such file or directory, open '/vercel/sandbox/backend/node_modules/@workflow/cli/node_modules/next/dist/shared/lib/router/utils/path-has-prefix.js.map'
npm warn tar TAR_ENTRY_ERROR ENOENT: no such file or directory, open '/vercel/sandbox/backend/node_modules/@workflow/cli/node_modules/next/dist/esm/shared/lib/router/utils/path-match.js.map'
npm warn tar TAR_ENTRY_ERROR ENOENT: no such file or directory, open '/vercel/sandbox/backend/node_modules/@workflow/cli/node_modules/next/dist/shared/lib/router/utils/path-match.js.map'
npm warn tar TAR_ENTRY_ERROR ENOENT: no such file or directory, open '/vercel/sandbox/backend/node_modules/@workflow/cli/node_modules/next/dist/esm/shared/lib/isomorphic/path.js.map'
npm warn tar TAR_ENTRY_ERROR ENOENT: no such file or directory, open '/vercel/sandbox/backend/node_modules/@workflow/cli/node_modules/next/dist/shared/lib/isomorphic/path.js.map'
npm warn tar TAR_ENTRY_ERROR ENOENT: no such file or directory, open '/vercel/sandbox/backend/node_modules/@workflow/cli/node_modules/next/dist/esm/server/normalizers/request/pathname-normalizer.js.map'
npm warn tar TAR_ENTRY_ERROR ENOENT: no such file or directory, open '/vercel/sandbox/backend/node_modules/@workflow/cli/node_modules/next/dist/server/normalizers/request/pathname-normalizer.js.map'
npm warn tar TAR_ENTRY_ERROR ENOENT: no such file or directory, open '/vercel/sandbox/backend/node_modules/@workflow/cli/node_modules/next/dist/esm/server/request/pathname.js.map'
npm warn tar TAR_ENTRY_ERROR ENOENT: no such file or directory, open '/vercel/sandbox/backend/node_modules/@workflow/cli/node_modules/next/dist/server/request/pathname.js.map'
npm warn tar TAR_ENTRY_ERROR ENOENT: no such file or directory, open '/vercel/sandbox/backend/node_modules/@workflow/cli/node_modules/next/dist/build/webpack/config/blocks/css/plugins.js.map'
npm warn tar TAR_ENTRY_ERROR ENOENT: no such file or directory, open '/vercel/sandbox/backend/node_modules/@workflow/cli/node_modules/next/dist/esm/build/webpack/config/blocks/css/plugins.js.map'
npm warn tar TAR_ENTRY_ERROR ENOENT: no such file or directory, open '/vercel/sandbox/backend/node_modules/@workflow/cli/node_modules/next/dist/telemetry/events/plugins.js.map'
npm warn tar TAR_ENTRY_ERROR ENOENT: no such file or directory, open '/vercel/sandbox/backend/node_modules/@workflow/cli/node_modules/next/dist/build/polyfills/object.assign/polyfill.js.map'
npm warn tar TAR_ENTRY_ERROR ENOENT: no such file or directory, open '/vercel/sandbox/backend/node_modules/@workflow/cli/node_modules/next/dist/esm/build/polyfills/object.assign/polyfill.js.map'
npm warn tar TAR_ENTRY_ERROR ENOENT: no such file or directory, open '/vercel/sandbox/backend/node_modules/@workflow/cli/node_modules/next/dist/telemetry/post-telemetry-payload.js.map'
npm warn tar TAR_ENTRY_ERROR ENOENT: no such file or directory, open '/vercel/sandbox/backend/node_modules/@workflow/cli/node_modules/next/dist/telemetry/post-telemetry-payload.test.js.map'
npm warn tar TAR_ENTRY_ERROR ENOENT: no such file or directory, open '/vercel/sandbox/backend/node_modules/@workflow/cli/node_modules/next/dist/build/webpack/loaders/css-loader/src/plugins/postcss-icss-parser.js.map'
npm warn tar TAR_ENTRY_ERROR ENOENT: no such file or directory, open '/vercel/sandbox/backend/node_modules/@workflow/cli/node_modules/next/dist/esm/build/webpack/loaders/css-loader/src/plugins/postcss-icss-parser.js.map'
npm warn tar TAR_ENTRY_ERROR ENOENT: no such file or directory, open '/vercel/sandbox/backend/node_modules/@workflow/cli/node_modules/next/dist/build/webpack/loaders/css-loader/src/plugins/postcss-import-parser.js.map'
npm warn tar TAR_ENTRY_ERROR ENOENT: no such file or directory, open '/vercel/sandbox/backend/node_modules/@workflow/cli/node_modules/next/dist/esm/build/webpack/loaders/css-loader/src/plugins/postcss-import-parser.js.map'
npm warn tar TAR_ENTRY_ERROR ENOENT: no such file or directory, open '/vercel/sandbox/backend/node_modules/@workflow/cli/node_modules/next/dist/build/webpack/loaders/next-font-loader/postcss-next-font.js.map'
npm warn tar TAR_ENTRY_ERROR ENOENT: no such file or directory, open '/vercel/sandbox/backend/node_modules/@workflow/cli/node_modules/next/dist/esm/build/webpack/loaders/next-font-loader/postcss-next-font.js.map'
npm warn tar TAR_ENTRY_ERROR ENOENT: no such file or directory, open '/vercel/sandbox/backend/node_modules/@workflow/cli/node_modules/next/dist/build/webpack/loaders/css-loader/src/plugins/postcss-url-parser.js.map'
npm warn tar TAR_ENTRY_ERROR ENOENT: no such file or directory, open '/vercel/sandbox/backend/node_modules/@workflow/cli/node_modules/next/dist/esm/build/webpack/loaders/css-loader/src/plugins/postcss-url-parser.js.map'
npm warn tar TAR_ENTRY_ERROR ENOENT: no such file or directory, open '/vercel/sandbox/backend/node_modules/@workflow/cli/node_modules/next/dist/build/webpack/loaders/resolve-url-loader/lib/postcss.js.map'
npm warn tar TAR_ENTRY_ERROR ENOENT: no such file or directory, open '/vercel/sandbox/backend/node_modules/@workflow/cli/node_modules/next/dist/esm/build/webpack/loaders/resolve-url-loader/lib/postcss.js.map'
npm warn tar TAR_ENTRY_ERROR ENOENT: no such file or directory, open '/vercel/sandbox/backend/node_modules/@workflow/cli/node_modules/next/dist/esm/server/app-render/rsc/postpone.js.map'
npm warn tar TAR_ENTRY_ERROR ENOENT: no such file or directory, open '/vercel/sandbox/backend/node_modules/@workflow/cli/node_modules/next/dist/server/app-render/rsc/postpone.js.map'
npm warn tar TAR_ENTRY_ERROR ENOENT: no such file or directory, open '/vercel/sandbox/backend/node_modules/@workflow/cli/node_modules/next/dist/esm/server/app-render/postponed-state.js.map'
npm warn tar TAR_ENTRY_ERROR ENOENT: no such file or directory, open '/vercel/sandbox/backend/node_modules/@workflow/cli/node_modules/next/dist/esm/client/components/router-reducer/ppr-navigations.js.map'
npm warn tar TAR_ENTRY_ERROR ENOENT: no such file or directory, open '/vercel/sandbox/backend/node_modules/@workflow/cli/node_modules/next/dist/esm/server/lib/experimental/ppr.js.map'
npm warn tar TAR_ENTRY_ERROR ENOENT: no such file or directory, open '/vercel/sandbox/backend/node_modules/@workflow/cli/node_modules/next/dist/server/lib/experimental/ppr.js.map'
npm warn tar TAR_ENTRY_ERROR ENOENT: no such file or directory, open '/vercel/sandbox/backend/node_modules/@workflow/cli/node_modules/next/dist/esm/server/normalizers/request/prefetch-rsc.js.map'
npm warn tar TAR_ENTRY_ERROR ENOENT: no such file or directory, open '/vercel/sandbox/backend/node_modules/@workflow/cli/node_modules/next/dist/server/normalizers/request/prefetch-rsc.js.map'
npm warn tar TAR_ENTRY_ERROR ENOENT: no such file or directory, open '/vercel/sandbox/backend/node_modules/@workflow/cli/node_modules/next/dist/client/components/segment-cache/prefetch.js.map'
npm warn tar TAR_ENTRY_ERROR ENOENT: no such file or directory, open '/vercel/sandbox/backend/node_modules/@workflow/cli/node_modules/next/dist/esm/client/components/segment-cache/prefetch.js.map'
npm warn tar TAR_ENTRY_ERROR ENOENT: no such file or directory, open '/vercel/sandbox/backend/node_modules/@workflow/cli/node_modules/next/dist/esm/server/normalizers/request/prefix.js.map'
npm warn tar TAR_ENTRY_ERROR ENOENT: no such file or directory, open '/vercel/sandbox/backend/node_modules/@workflow/cli/node_modules/next/dist/server/normalizers/request/prefix.js.map'
npm warn tar TAR_ENTRY_ERROR ENOENT: no such file or directory, open '/vercel/sandbox/backend/node_modules/@workflow/cli/node_modules/next/dist/esm/server/normalizers/prefixing-normalizer.js.map'
npm warn tar TAR_ENTRY_ERROR ENOENT: no such file or directory, open '/vercel/sandbox/backend/node_modules/@workflow/cli/node_modules/next/dist/server/normalizers/prefixing-normalizer.js.map'
npm warn tar TAR_ENTRY_ERROR ENOENT: no such file or directory, open '/vercel/sandbox/backend/node_modules/@workflow/cli/node_modules/next/dist/esm/shared/lib/lazy-dynamic/preload-chunks.js.map'
npm warn tar TAR_ENTRY_ERROR ENOENT: no such file or directory, open '/vercel/sandbox/backend/node_modules/@workflow/cli/node_modules/next/dist/shared/lib/lazy-dynamic/preload-chunks.js.map'
npm warn tar TAR_ENTRY_ERROR ENOENT: no such file or directory, open '/vercel/sandbox/backend/node_modules/@workflow/cli/node_modules/next/dist/esm/server/app-render/rsc/preloads.js.map'
npm warn tar TAR_ENTRY_ERROR ENOENT: no such file or directory, open '/vercel/sandbox/backend/node_modules/@workflow/cli/node_modules/next/dist/server/app-render/rsc/preloads.js.map'
npm warn tar TAR_ENTRY_ERROR ENOENT: no such file or directory, open '/vercel/sandbox/backend/node_modules/@workflow/cli/node_modules/next/dist/esm/shared/lib/router/utils/prepare-destination.js.map'
npm warn tar TAR_ENTRY_ERROR ENOENT: no such file or directory, open '/vercel/sandbox/backend/node_modules/@workflow/cli/node_modules/next/dist/shared/lib/router/utils/prepare-destination.js.map'
npm warn tar TAR_ENTRY_ERROR ENOENT: no such file or directory, open '/vercel/sandbox/backend/node_modules/@workflow/cli/node_modules/next/dist/esm/server/route-modules/app-page/helpers/prerender-manifest-matcher.js.map'
npm warn tar TAR_ENTRY_ERROR ENOENT: no such file or directory, open '/vercel/sandbox/backend/node_modules/@workflow/cli/node_modules/next/dist/server/route-modules/app-page/helpers/prerender-manifest-matcher.js.map'
npm warn tar TAR_ENTRY_ERROR ENOENT: no such file or directory, open '/vercel/sandbox/backend/node_modules/@workflow/cli/node_modules/next/dist/build/babel/preset.js.map'
npm warn tar TAR_ENTRY_ERROR ENOENT: no such file or directory, open '/vercel/sandbox/backend/node_modules/@workflow/cli/node_modules/next/dist/esm/build/babel/preset.js.map'
npm warn tar TAR_ENTRY_ERROR ENOENT: no such file or directory, open '/vercel/sandbox/backend/node_modules/@workflow/cli/node_modules/next/dist/build/polyfills/process.js.map'
npm warn tar TAR_ENTRY_ERROR ENOENT: no such file or directory, open '/vercel/sandbox/backend/node_modules/@workflow/cli/node_modules/next/dist/esm/build/polyfills/process.js.map'
npm warn tar TAR_ENTRY_ERROR ENOENT: no such file or directory, open '/vercel/sandbox/backend/node_modules/@workflow/cli/node_modules/next/dist/telemetry/project-id.js.map'
npm warn tar TAR_ENTRY_ERROR ENOENT: no such file or directory, open '/vercel/sandbox/backend/node_modules/@workflow/cli/node_modules/next/dist/esm/client/components/promise-queue.js.map'
npm warn tar TAR_ENTRY_ERROR ENOENT: no such file or directory, open '/vercel/sandbox/backend/node_modules/@workflow/cli/node_modules/next/dist/esm/server/app-render/prospective-render-utils.js.map'
npm warn tar TAR_ENTRY_ERROR ENOENT: no such file or directory, open '/vercel/sandbox/backend/node_modules/@workflow/cli/node_modules/next/dist/esm/server/lib/router-utils/proxy-request.js.map'
npm warn tar TAR_ENTRY_ERROR ENOENT: no such file or directory, open '/vercel/sandbox/backend/node_modules/@workflow/cli/node_modules/next/dist/server/lib/router-utils/proxy-request.js.map'
npm warn tar TAR_ENTRY_ERROR ENOENT: no such file or directory, open '/vercel/sandbox/backend/node_modules/@workflow/cli/node_modules/next/dist/esm/shared/lib/router/utils/querystring.js.map'
npm warn tar TAR_ENTRY_ERROR ENOENT: no such file or directory, open '/vercel/sandbox/backend/node_modules/@workflow/cli/node_modules/next/dist/shared/lib/router/utils/querystring.js.map'
npm warn tar TAR_ENTRY_ERROR ENOENT: no such file or directory, open '/vercel/sandbox/backend/node_modules/@workflow/cli/node_modules/next/dist/esm/server/node-environment-extensions/random.js.map'
npm warn tar TAR_ENTRY_ERROR ENOENT: no such file or directory, open '/vercel/sandbox/backend/node_modules/@workflow/cli/node_modules/next/dist/server/node-environment-extensions/random.js.map'
npm warn tar TAR_ENTRY_ERROR ENOENT: no such file or directory, open '/vercel/sandbox/backend/node_modules/@workflow/cli/node_modules/next/dist/esm/next-devtools/shared/react-18-hydration-error.js.map'
npm warn tar TAR_ENTRY_ERROR ENOENT: no such file or directory, open '/vercel/sandbox/backend/node_modules/@workflow/cli/node_modules/next/dist/next-devtools/shared/react-18-hydration-error.js.map'
npm warn tar TAR_ENTRY_ERROR ENOENT: no such file or directory, open '/vercel/sandbox/backend/node_modules/@workflow/cli/node_modules/next/dist/esm/next-devtools/shared/react-19-hydration-error.js.map'
npm warn tar TAR_ENTRY_ERROR ENOENT: no such file or directory, open '/vercel/sandbox/backend/node_modules/@workflow/cli/node_modules/next/dist/next-devtools/shared/react-19-hydration-error.js.map'
npm warn tar TAR_ENTRY_ERROR ENOENT: no such file or directory, open '/vercel/sandbox/backend/node_modules/@workflow/cli/node_modules/next/dist/esm/server/route-modules/app-page/vendored/rsc/react-compiler-runtime.js.map'
npm warn tar TAR_ENTRY_ERROR ENOENT: no such file or directory, open '/vercel/sandbox/backend/node_modules/@workflow/cli/node_modules/next/dist/esm/server/route-modules/app-page/vendored/ssr/react-compiler-runtime.js.map'
npm warn tar TAR_ENTRY_ERROR ENOENT: no such file or directory, open '/vercel/sandbox/backend/node_modules/@workflow/cli/node_modules/next/dist/server/route-modules/app-page/vendored/rsc/react-compiler-runtime.js.map'
npm warn tar TAR_ENTRY_ERROR ENOENT: no such file or directory, open '/vercel/sandbox/backend/node_modules/@workflow/cli/node_modules/next/dist/server/route-modules/app-page/vendored/ssr/react-compiler-runtime.js.map'
npm warn tar TAR_ENTRY_ERROR ENOENT: no such file or directory, open '/vercel/sandbox/backend/node_modules/@workflow/cli/node_modules/next/dist/build/webpack/alias/react-dom-server-experimental.js.map'
npm warn tar TAR_ENTRY_ERROR ENOENT: no such file or directory, open '/vercel/sandbox/backend/node_modules/@workflow/cli/node_modules/next/dist/esm/build/webpack/alias/react-dom-server-experimental.js.map'
npm warn tar TAR_ENTRY_ERROR ENOENT: no such file or directory, open '/vercel/sandbox/backend/node_modules/@workflow/cli/node_modules/next/dist/build/webpack/alias/react-dom-server.js.map'
npm warn tar TAR_ENTRY_ERROR ENOENT: no such file or directory, open '/vercel/sandbox/backend/node_modules/@workflow/cli/node_modules/next/dist/esm/build/webpack/alias/react-dom-server.js.map'
npm warn tar TAR_ENTRY_ERROR ENOENT: no such file or directory, open '/vercel/sandbox/backend/node_modules/@workflow/cli/node_modules/next/dist/esm/server/route-modules/app-page/vendored/ssr/react-dom-server.js.map'
npm warn tar TAR_ENTRY_ERROR ENOENT: no such file or directory, open '/vercel/sandbox/backend/node_modules/@workflow/cli/node_modules/next/dist/server/route-modules/app-page/vendored/ssr/react-dom-server.js.map'
npm warn tar TAR_ENTRY_ERROR ENOENT: no such file or directory, open '/vercel/sandbox/backend/node_modules/@workflow/cli/node_modules/next/dist/esm/server/route-modules/app-page/vendored/rsc/react-dom.js.map'
npm warn tar TAR_ENTRY_ERROR ENOENT: no such file or directory, open '/vercel/sandbox/backend/node_modules/@workflow/cli/node_modules/next/dist/esm/server/route-modules/app-page/vendored/ssr/react-dom.js.map'
npm warn tar TAR_ENTRY_ERROR ENOENT: no such file or directory, open '/vercel/sandbox/backend/node_modules/@workflow/cli/node_modules/next/dist/server/route-modules/app-page/vendored/rsc/react-dom.js.map'
npm warn tar TAR_ENTRY_ERROR ENOENT: no such file or directory, open '/vercel/sandbox/backend/node_modules/@workflow/cli/node_modules/next/dist/server/route-modules/app-page/vendored/ssr/react-dom.js.map'
npm warn tar TAR_ENTRY_ERROR ENOENT: no such file or directory, open '/vercel/sandbox/backend/node_modules/@workflow/cli/node_modules/next/dist/esm/server/route-modules/app-page/vendored/rsc/react-jsx-dev-runtime.js.map'
npm warn tar TAR_ENTRY_ERROR ENOENT: no such file or directory, open '/vercel/sandbox/backend/node_modules/@workflow/cli/node_modules/next/dist/esm/server/route-modules/app-page/vendored/ssr/react-jsx-dev-runtime.js.map'
npm warn tar TAR_ENTRY_ERROR ENOENT: no such file or directory, open '/vercel/sandbox/backend/node_modules/@workflow/cli/node_modules/next/dist/server/route-modules/app-page/vendored/rsc/react-jsx-dev-runtime.js.map'
npm warn tar TAR_ENTRY_ERROR ENOENT: no such file or directory, open '/vercel/sandbox/backend/node_modules/@workflow/cli/node_modules/next/dist/server/route-modules/app-page/vendored/ssr/react-jsx-dev-runtime.js.map'
npm warn tar TAR_ENTRY_ERROR ENOENT: no such file or directory, open '/vercel/sandbox/backend/node_modules/@workflow/cli/node_modules/next/dist/esm/server/route-modules/app-page/vendored/rsc/react-jsx-runtime.js.map'
npm warn tar TAR_ENTRY_ERROR ENOENT: no such file or directory, open '/vercel/sandbox/backend/node_modules/@workflow/cli/node_modules/next/dist/esm/server/route-modules/app-page/vendored/ssr/react-jsx-runtime.js.map'
npm warn tar TAR_ENTRY_ERROR ENOENT: no such file or directory, open '/vercel/sandbox/backend/node_modules/@workflow/cli/node_modules/next/dist/server/route-modules/app-page/vendored/rsc/react-jsx-runtime.js.map'
npm warn tar TAR_ENTRY_ERROR ENOENT: no such file or directory, open '/vercel/sandbox/backend/node_modules/@workflow/cli/node_modules/next/dist/server/route-modules/app-page/vendored/ssr/react-jsx-runtime.js.map'
npm warn tar TAR_ENTRY_ERROR ENOENT: no such file or directory, open '/vercel/sandbox/backend/node_modules/@workflow/cli/node_modules/next/dist/esm/server/app-render/react-large-shell-error.js.map'
npm warn tar TAR_ENTRY_ERROR ENOENT: no such file or directory, open '/vercel/sandbox/backend/node_modules/@workflow/cli/node_modules/next/dist/build/babel/plugins/react-loadable-plugin.js.map'
npm warn tar TAR_ENTRY_ERROR ENOENT: no such file or directory, open '/vercel/sandbox/backend/node_modules/@workflow/cli/node_modules/next/dist/esm/build/babel/plugins/react-loadable-plugin.js.map'
npm warn tar TAR_ENTRY_ERROR ENOENT: no such file or directory, open '/vercel/sandbox/backend/node_modules/@workflow/cli/node_modules/next/dist/esm/server/route-modules/app-page/vendored/ssr/react-server-dom-turbopack-client.js.map'
npm warn tar TAR_ENTRY_ERROR ENOENT: no such file or directory, open '/vercel/sandbox/backend/node_modules/@workflow/cli/node_modules/next/dist/server/route-modules/app-page/vendored/ssr/react-server-dom-turbopack-client.js.map'
npm warn tar TAR_ENTRY_ERROR ENOENT: no such file or directory, open '/vercel/sandbox/backend/node_modules/@workflow/cli/node_modules/next/dist/esm/server/route-modules/app-page/vendored/rsc/react-server-dom-turbopack-server.js.map'
npm warn tar TAR_ENTRY_ERROR ENOENT: no such file or directory, open '/vercel/sandbox/backend/node_modules/@workflow/cli/node_modules/next/dist/server/route-modules/app-page/vendored/rsc/react-server-dom-turbopack-server.js.map'
npm warn tar TAR_ENTRY_ERROR ENOENT: no such file or directory, open '/vercel/sandbox/backend/node_modules/@workflow/cli/node_modules/next/dist/esm/server/route-modules/app-page/vendored/rsc/react-server-dom-turbopack-static.js.map'
npm warn tar TAR_ENTRY_ERROR ENOENT: no such file or directory, open '/vercel/sandbox/backend/node_modules/@workflow/cli/node_modules/next/dist/server/route-modules/app-page/vendored/rsc/react-server-dom-turbopack-static.js.map'
npm warn tar TAR_ENTRY_ERROR ENOENT: no such file or directory, open '/vercel/sandbox/backend/node_modules/@workflow/cli/node_modules/next/dist/esm/server/route-modules/app-page/vendored/ssr/react-server-dom-webpack-client.js.map'
npm warn tar TAR_ENTRY_ERROR ENOENT: no such file or directory, open '/vercel/sandbox/backend/node_modules/@workflow/cli/node_modules/next/dist/server/route-modules/app-page/vendored/ssr/react-server-dom-webpack-client.js.map'
npm warn tar TAR_ENTRY_ERROR ENOENT: no such file or directory, open '/vercel/sandbox/backend/node_modules/@workflow/cli/node_modules/next/dist/esm/server/route-modules/app-page/vendored/rsc/react-server-dom-webpack-server.js.map'
npm warn tar TAR_ENTRY_ERROR ENOENT: no such file or directory, open '/vercel/sandbox/backend/node_modules/@workflow/cli/node_modules/next/dist/server/route-modules/app-page/vendored/rsc/react-server-dom-webpack-server.js.map'
npm warn tar TAR_ENTRY_ERROR ENOENT: no such file or directory, open '/vercel/sandbox/backend/node_modules/@workflow/cli/node_modules/next/dist/esm/server/route-modules/app-page/vendored/rsc/react-server-dom-webpack-static.js.map'
npm warn tar TAR_ENTRY_ERROR ENOENT: no such file or directory, open '/vercel/sandbox/backend/node_modules/@workflow/cli/node_modules/next/dist/server/route-modules/app-page/vendored/rsc/react-server-dom-webpack-static.js.map'
npm warn tar TAR_ENTRY_ERROR ENOENT: no such file or directory, open '/vercel/sandbox/backend/node_modules/@workflow/cli/node_modules/next/dist/esm/server/app-render/react-server.node.js.map'
npm warn tar TAR_ENTRY_ERROR ENOENT: no such file or directory, open '/vercel/sandbox/backend/node_modules/@workflow/cli/node_modules/next/dist/esm/server/route-modules/app-page/vendored/rsc/react.js.map'
npm warn tar TAR_ENTRY_ERROR ENOENT: no such file or directory, open '/vercel/sandbox/backend/node_modules/@workflow/cli/node_modules/next/dist/esm/server/route-modules/app-page/vendored/ssr/react.js.map'
npm warn tar TAR_ENTRY_ERROR ENOENT: no such file or directory, open '/vercel/sandbox/backend/node_modules/@workflow/cli/node_modules/next/dist/server/route-modules/app-page/vendored/rsc/react.js.map'
npm warn tar TAR_ENTRY_ERROR ENOENT: no such file or directory, open '/vercel/sandbox/backend/node_modules/@workflow/cli/node_modules/next/dist/server/route-modules/app-page/vendored/ssr/react.js.map'
npm warn tar TAR_ENTRY_ERROR ENOENT: no such file or directory, open '/vercel/sandbox/backend/node_modules/@workflow/cli/node_modules/next/dist/compiled/@next/react-refresh-utils/dist/internal/ReactRefreshModule.runtime.js.map'
npm warn tar TAR_ENTRY_ERROR ENOENT: no such file or directory, open '/vercel/sandbox/backend/node_modules/@workflow/cli/node_modules/next/dist/esm/client/components/readonly-url-search-params.js.map'
npm warn tar TAR_ENTRY_ERROR ENOENT: no such file or directory, open '/vercel/sandbox/backend/node_modules/@workflow/cli/node_modules/next/dist/esm/server/dev/browser-logs/receive-logs.js.map'
npm warn tar TAR_ENTRY_ERROR ENOENT: no such file or directory, open '/vercel/sandbox/backend/node_modules/@workflow/cli/node_modules/next/dist/server/dev/browser-logs/receive-logs.js.map'
npm warn tar TAR_ENTRY_ERROR ENOENT: no such file or directory, open '/vercel/sandbox/backend/node_modules/@workflow/cli/node_modules/next/dist/esm/client/components/redirect-boundary.js.map'
npm warn tar TAR_ENTRY_ERROR ENOENT: no such file or directory, open '/vercel/sandbox/backend/node_modules/@workflow/cli/node_modules/next/dist/esm/client/components/redirect-error.js.map'
npm warn tar TAR_ENTRY_ERROR ENOENT: no such file or directory, open '/vercel/sandbox/backend/node_modules/@workflow/cli/node_modules/next/dist/esm/client/components/redirect-status-code.js.map'
npm warn tar TAR_ENTRY_ERROR ENOENT: no such file or directory, open '/vercel/sandbox/backend/node_modules/@workflow/cli/node_modules/next/dist/esm/client/components/redirect.js.map'
npm warn tar TAR_ENTRY_ERROR ENOENT: no such file or directory, open '/vercel/sandbox/backend/node_modules/@workflow/cli/node_modules/next/dist/esm/client/components/router-reducer/refetch-inactive-parallel-segments.js.map'
npm warn tar TAR_ENTRY_ERROR ENOENT: no such file or directory, open '/vercel/sandbox/backend/node_modules/@workflow/cli/node_modules/next/dist/esm/shared/lib/utils/reflect-utils.js.map'
npm warn tar TAR_ENTRY_ERROR ENOENT: no such file or directory, open '/vercel/sandbox/backend/node_modules/@workflow/cli/node_modules/next/dist/shared/lib/utils/reflect-utils.js.map'
npm warn tar TAR_ENTRY_ERROR ENOENT: no such file or directory, open '/vercel/sandbox/backend/node_modules/@workflow/cli/node_modules/next/dist/esm/server/web/spec-extension/adapters/reflect.js.map'
npm warn tar TAR_ENTRY_ERROR ENOENT: no such file or directory, open '/vercel/sandbox/backend/node_modules/@workflow/cli/node_modules/next/dist/server/web/spec-extension/adapters/reflect.js.map'
npm warn tar TAR_ENTRY_ERROR ENOENT: no such file or directory, open '/vercel/sandbox/backend/node_modules/@workflow/cli/node_modules/next/dist/client/components/router-reducer/reducers/refresh-reducer.js.map'
npm warn tar TAR_ENTRY_ERROR ENOENT: no such file or directory, open '/vercel/sandbox/backend/node_modules/@workflow/cli/node_modules/next/dist/esm/client/components/router-reducer/reducers/refresh-reducer.js.map'
npm warn tar TAR_ENTRY_ERROR ENOENT: no such file or directory, open '/vercel/sandbox/backend/node_modules/@workflow/cli/node_modules/next/dist/esm/shared/lib/router/utils/relativize-url.js.map'
npm warn tar TAR_ENTRY_ERROR ENOENT: no such file or directory, open '/vercel/sandbox/backend/node_modules/@workflow/cli/node_modules/next/dist/shared/lib/router/utils/relativize-url.js.map'
npm warn tar TAR_ENTRY_ERROR ENOENT: no such file or directory, open '/vercel/sandbox/backend/node_modules/@workflow/cli/node_modules/next/dist/esm/shared/lib/page-path/remove-page-path-tail.js.map'
npm warn tar TAR_ENTRY_ERROR ENOENT: no such file or directory, open '/vercel/sandbox/backend/node_modules/@workflow/cli/node_modules/next/dist/shared/lib/page-path/remove-page-path-tail.js.map'
npm warn tar TAR_ENTRY_ERROR ENOENT: no such file or directory, open '/vercel/sandbox/backend/node_modules/@workflow/cli/node_modules/next/dist/esm/shared/lib/router/utils/remove-path-prefix.js.map'
npm warn tar TAR_ENTRY_ERROR ENOENT: no such file or directory, open '/vercel/sandbox/backend/node_modules/@workflow/cli/node_modules/next/dist/shared/lib/router/utils/remove-path-prefix.js.map'
npm warn tar TAR_ENTRY_ERROR ENOENT: no such file or directory, open '/vercel/sandbox/backend/node_modules/@workflow/cli/node_modules/next/dist/esm/shared/lib/router/utils/remove-trailing-slash.js.map'
npm warn tar TAR_ENTRY_ERROR ENOENT: no such file or directory, open '/vercel/sandbox/backend/node_modules/@workflow/cli/node_modules/next/dist/shared/lib/router/utils/remove-trailing-slash.js.map'
npm warn tar TAR_ENTRY_ERROR ENOENT: no such file or directory, open '/vercel/sandbox/backend/node_modules/@workflow/cli/node_modules/next/dist/esm/server/app-render/render-css-resource.js.map'
npm warn tar TAR_ENTRY_ERROR ENOENT: no such file or directory, open '/vercel/sandbox/backend/node_modules/@workflow/cli/node_modules/next/dist/esm/client/components/render-from-template-context.js.map'
npm warn tar TAR_ENTRY_ERROR ENOENT: no such file or directory, open '/vercel/sandbox/backend/node_modules/@workflow/cli/node_modules/next/dist/server/lib/render-server.js.map'
npm warn tar TAR_ENTRY_ERROR ENOENT: no such file or directory, open '/vercel/sandbox/backend/node_modules/@workflow/cli/node_modules/next/dist/esm/next-devtools/userspace/app/errors/replay-ssr-only-errors.js.map'
npm warn tar TAR_ENTRY_ERROR ENOENT: no such file or directory, open '/vercel/sandbox/backend/node_modules/@workflow/cli/node_modules/next/dist/next-devtools/userspace/app/errors/replay-ssr-only-errors.js.map'
npm warn tar TAR_ENTRY_ERROR ENOENT: no such file or directory, open '/vercel/sandbox/backend/node_modules/@workflow/cli/node_modules/next/dist/client/react-client-callbacks/report-global-error.js.map'
npm warn tar TAR_ENTRY_ERROR ENOENT: no such file or directory, open '/vercel/sandbox/backend/node_modules/@workflow/cli/node_modules/next/dist/esm/client/react-client-callbacks/report-global-error.js.map'
npm warn tar TAR_ENTRY_ERROR ENOENT: no such file or directory, open '/vercel/sandbox/backend/node_modules/@workflow/cli/node_modules/next/dist/experimental/testmode/playwright/report.js.map'
npm warn tar TAR_ENTRY_ERROR ENOENT: no such file or directory, open '/vercel/sandbox/backend/node_modules/@workflow/cli/node_modules/next/dist/esm/server/web/spec-extension/adapters/request-cookies.js.map'
npm warn tar TAR_ENTRY_ERROR ENOENT: no such file or directory, open '/vercel/sandbox/backend/node_modules/@workflow/cli/node_modules/next/dist/server/web/spec-extension/adapters/request-cookies.js.map'
npm warn tar TAR_ENTRY_ERROR ENOENT: no such file or directory, open '/vercel/sandbox/backend/node_modules/@workflow/cli/node_modules/next/dist/esm/server/async-storage/request-store.js.map'
npm warn tar TAR_ENTRY_ERROR ENOENT: no such file or directory, open '/vercel/sandbox/backend/node_modules/@workflow/cli/node_modules/next/dist/server/async-storage/request-store.js.map'
npm warn tar TAR_ENTRY_ERROR ENOENT: no such file or directory, open '/vercel/sandbox/backend/node_modules/@workflow/cli/node_modules/next/dist/esm/server/web/spec-extension/request.js.map'
npm warn tar TAR_ENTRY_ERROR ENOENT: no such file or directory, open '/vercel/sandbox/backend/node_modules/@workflow/cli/node_modules/next/dist/esm/server/dev/require-cache.js.map'
npm warn tar TAR_ENTRY_ERROR ENOENT: no such file or directory, open '/vercel/sandbox/backend/node_modules/@workflow/cli/node_modules/next/dist/server/dev/require-cache.js.map'
npm warn tar TAR_ENTRY_ERROR ENOENT: no such file or directory, open '/vercel/sandbox/backend/node_modules/@workflow/cli/node_modules/next/dist/esm/server/app-render/required-scripts.js.map'
npm warn tar TAR_ENTRY_ERROR ENOENT: no such file or directory, open '/vercel/sandbox/backend/node_modules/@workflow/cli/node_modules/next/dist/esm/lib/metadata/resolvers/resolve-basics.js.map'
npm warn tar TAR_ENTRY_ERROR ENOENT: no such file or directory, lstat '/vercel/sandbox/backend/node_modules/@workflow/cli/node_modules/next/dist/lib/metadata/resolvers'
npm warn tar TAR_ENTRY_ERROR ENOENT: no such file or directory, open '/vercel/sandbox/backend/node_modules/@workflow/cli/node_modules/next/dist/esm/lib/metadata/resolvers/resolve-icons.js.map'
npm warn tar TAR_ENTRY_ERROR ENOENT: no such file or directory, lstat '/vercel/sandbox/backend/node_modules/@workflow/cli/node_modules/next/dist/lib/metadata/resolvers'
npm warn tar TAR_ENTRY_ERROR ENOENT: no such file or directory, open '/vercel/sandbox/backend/node_modules/@workflow/cli/node_modules/next/dist/esm/lib/metadata/resolve-metadata.js.map'
npm warn tar TAR_ENTRY_ERROR ENOENT: no such file or directory, open '/vercel/sandbox/backend/node_modules/@workflow/cli/node_modules/next/dist/lib/metadata/resolve-metadata.js.map'
npm warn tar TAR_ENTRY_ERROR ENOENT: no such file or directory, open '/vercel/sandbox/backend/node_modules/@workflow/cli/node_modules/next/dist/esm/lib/metadata/resolvers/resolve-opengraph.js.map'
npm warn tar TAR_ENTRY_ERROR ENOENT: no such file or directory, lstat '/vercel/sandbox/backend/node_modules/@workflow/cli/node_modules/next/dist/lib/metadata/resolvers'
npm warn tar TAR_ENTRY_ERROR ENOENT: no such file or directory, open '/vercel/sandbox/backend/node_modules/@workflow/cli/node_modules/next/dist/esm/shared/lib/router/utils/resolve-rewrites.js.map'
npm warn tar TAR_ENTRY_ERROR ENOENT: no such file or directory, open '/vercel/sandbox/backend/node_modules/@workflow/cli/node_modules/next/dist/shared/lib/router/utils/resolve-rewrites.js.map'
npm warn tar TAR_ENTRY_ERROR ENOENT: no such file or directory, open '/vercel/sandbox/backend/node_modules/@workflow/cli/node_modules/next/dist/build/webpack/loaders/metadata/resolve-route-data.js.map'
npm warn tar TAR_ENTRY_ERROR ENOENT: no such file or directory, open '/vercel/sandbox/backend/node_modules/@workflow/cli/node_modules/next/dist/esm/build/webpack/loaders/metadata/resolve-route-data.js.map'
npm warn tar TAR_ENTRY_ERROR ENOENT: no such file or directory, open '/vercel/sandbox/backend/node_modules/@workflow/cli/node_modules/next/dist/esm/server/lib/router-utils/resolve-routes.js.map'
npm warn tar TAR_ENTRY_ERROR ENOENT: no such file or directory, open '/vercel/sandbox/backend/node_modules/@workflow/cli/node_modules/next/dist/server/lib/router-utils/resolve-routes.js.map'
npm warn tar TAR_ENTRY_ERROR ENOENT: no such file or directory, open '/vercel/sandbox/backend/node_modules/@workflow/cli/node_modules/next/dist/esm/lib/metadata/resolvers/resolve-title.js.map'
npm warn tar TAR_ENTRY_ERROR ENOENT: no such file or directory, lstat '/vercel/sandbox/backend/node_modules/@workflow/cli/node_modules/next/dist/lib/metadata/resolvers'
npm warn tar TAR_ENTRY_ERROR ENOENT: no such file or directory, open '/vercel/sandbox/backend/node_modules/@workflow/cli/node_modules/next/dist/esm/lib/metadata/resolvers/resolve-url.js.map'
npm warn tar TAR_ENTRY_ERROR ENOENT: no such file or directory, lstat '/vercel/sandbox/backend/node_modules/@workflow/cli/node_modules/next/dist/lib/metadata/resolvers'
npm warn tar TAR_ENTRY_ERROR ENOENT: no such file or directory, open '/vercel/sandbox/backend/node_modules/@workflow/cli/node_modules/next/dist/esm/lib/metadata/types/resolvers.js.map'
npm warn tar TAR_ENTRY_ERROR ENOENT: no such file or directory, open '/vercel/sandbox/backend/node_modules/@workflow/cli/node_modules/next/dist/lib/metadata/types/resolvers.js.map'
npm warn tar TAR_ENTRY_ERROR ENOENT: no such file or directory, open '/vercel/sandbox/backend/node_modules/@workflow/cli/node_modules/next/dist/esm/server/web/sandbox/resource-managers.js.map'
npm warn tar TAR_ENTRY_ERROR ENOENT: no such file or directory, open '/vercel/sandbox/backend/node_modules/@workflow/cli/node_modules/next/dist/server/web/sandbox/resource-managers.js.map'
npm warn tar TAR_ENTRY_ERROR ENOENT: no such file or directory, open '/vercel/sandbox/backend/node_modules/@workflow/cli/node_modules/next/dist/esm/server/web/spec-extension/response.js.map'
npm warn tar TAR_ENTRY_ERROR ENOENT: no such file or directory, open '/vercel/sandbox/backend/node_modules/@workflow/cli/node_modules/next/dist/next-devtools/server/restart-dev-server-middleware.js.map'
npm warn tar TAR_ENTRY_ERROR ENOENT: no such file or directory, open '/vercel/sandbox/backend/node_modules/@workflow/cli/node_modules/next/dist/client/components/router-reducer/reducers/restore-reducer.js.map'
npm warn tar TAR_ENTRY_ERROR ENOENT: no such file or directory, open '/vercel/sandbox/backend/node_modules/@workflow/cli/node_modules/next/dist/esm/client/components/router-reducer/reducers/restore-reducer.js.map'
npm warn tar TAR_ENTRY_ERROR ENOENT: no such file or directory, open '/vercel/sandbox/backend/node_modules/@workflow/cli/node_modules/next/dist/build/turborepo-access-trace/result.js.map'
npm warn tar TAR_ENTRY_ERROR ENOENT: no such file or directory, open '/vercel/sandbox/backend/node_modules/@workflow/cli/node_modules/next/dist/esm/build/turborepo-access-trace/result.js.map'
npm warn tar TAR_ENTRY_ERROR ENOENT: no such file or directory, open '/vercel/sandbox/backend/node_modules/@workflow/cli/node_modules/next/dist/esm/server/resume-data-cache/resume-data-cache.js.map'
npm warn tar TAR_ENTRY_ERROR ENOENT: no such file or directory, open '/vercel/sandbox/backend/node_modules/@workflow/cli/node_modules/next/dist/server/resume-data-cache/resume-data-cache.js.map'
npm warn tar TAR_ENTRY_ERROR ENOENT: no such file or directory, open '/vercel/sandbox/backend/node_modules/@workflow/cli/node_modules/next/dist/esm/server/web/spec-extension/revalidate.js.map'
npm warn tar TAR_ENTRY_ERROR ENOENT: no such file or directory, open '/vercel/sandbox/backend/node_modules/@workflow/cli/node_modules/next/dist/client/components/errors/root-error-boundary.js.map'
npm warn tar TAR_ENTRY_ERROR ENOENT: no such file or directory, open '/vercel/sandbox/backend/node_modules/@workflow/cli/node_modules/next/dist/esm/client/components/errors/root-error-boundary.js.map'
npm warn tar TAR_ENTRY_ERROR ENOENT: no such file or directory, open '/vercel/sandbox/backend/node_modules/@workflow/cli/node_modules/next/dist/esm/server/request/root-params.js.map'
npm warn tar TAR_ENTRY_ERROR ENOENT: no such file or directory, open '/vercel/sandbox/backend/node_modules/@workflow/cli/node_modules/next/dist/server/request/root-params.js.map'
npm warn tar TAR_ENTRY_ERROR ENOENT: no such file or directory, open '/vercel/sandbox/backend/node_modules/@workflow/cli/node_modules/next/dist/esm/server/route-definitions/route-definition.js.map'
npm warn tar TAR_ENTRY_ERROR ENOENT: no such file or directory, open '/vercel/sandbox/backend/node_modules/@workflow/cli/node_modules/next/dist/server/route-definitions/route-definition.js.map'
npm warn tar TAR_ENTRY_ERROR ENOENT: no such file or directory, open '/vercel/sandbox/backend/node_modules/@workflow/cli/node_modules/next/dist/esm/shared/lib/router/utils/route-match-utils.js.map'
npm warn tar TAR_ENTRY_ERROR ENOENT: no such file or directory, open '/vercel/sandbox/backend/node_modules/@workflow/cli/node_modules/next/dist/shared/lib/router/utils/route-match-utils.js.map'
npm warn tar TAR_ENTRY_ERROR ENOENT: no such file or directory, open '/vercel/sandbox/backend/node_modules/@workflow/cli/node_modules/next/dist/esm/server/route-matches/route-match.js.map'
npm warn tar TAR_ENTRY_ERROR ENOENT: no such file or directory, open '/vercel/sandbox/backend/node_modules/@workflow/cli/node_modules/next/dist/server/route-matches/route-match.js.map'
npm warn tar TAR_ENTRY_ERROR ENOENT: no such file or directory, open '/vercel/sandbox/backend/node_modules/@workflow/cli/node_modules/next/dist/esm/server/route-matcher-managers/route-matcher-manager.js.map'
npm warn tar TAR_ENTRY_ERROR ENOENT: no such file or directory, open '/vercel/sandbox/backend/node_modules/@workflow/cli/node_modules/next/dist/server/route-matcher-managers/route-matcher-manager.js.map'
npm warn tar TAR_ENTRY_ERROR ENOENT: no such file or directory, open '/vercel/sandbox/backend/node_modules/@workflow/cli/node_modules/next/dist/esm/server/route-matchers/route-matcher.js.map'
npm warn tar TAR_ENTRY_ERROR ENOENT: no such file or directory, open '/vercel/sandbox/backend/node_modules/@workflow/cli/node_modules/next/dist/esm/shared/lib/router/utils/route-matcher.js.map'
npm warn tar TAR_ENTRY_ERROR ENOENT: no such file or directory, open '/vercel/sandbox/backend/node_modules/@workflow/cli/node_modules/next/dist/server/route-matchers/route-matcher.js.map'
npm warn tar TAR_ENTRY_ERROR ENOENT: no such file or directory, open '/vercel/sandbox/backend/node_modules/@workflow/cli/node_modules/next/dist/shared/lib/router/utils/route-matcher.js.map'
npm warn tar TAR_ENTRY_ERROR ENOENT: no such file or directory, open '/vercel/sandbox/backend/node_modules/@workflow/cli/node_modules/next/dist/esm/server/lib/module-loader/route-module-loader.js.map'
npm warn tar TAR_ENTRY_ERROR ENOENT: no such file or directory, open '/vercel/sandbox/backend/node_modules/@workflow/cli/node_modules/next/dist/server/lib/module-loader/route-module-loader.js.map'
npm warn tar TAR_ENTRY_ERROR ENOENT: no such file or directory, open '/vercel/sandbox/backend/node_modules/@workflow/cli/node_modules/next/dist/esm/shared/lib/router/utils/route-regex.js.map'
npm warn tar TAR_ENTRY_ERROR ENOENT: no such file or directory, open '/vercel/sandbox/backend/node_modules/@workflow/cli/node_modules/next/dist/shared/lib/router/utils/route-regex.js.map'
npm warn tar TAR_ENTRY_ERROR ENOENT: no such file or directory, open '/vercel/sandbox/backend/node_modules/@workflow/cli/node_modules/next/dist/esm/server/lib/router-utils/route-types-utils.js.map'
npm warn tar TAR_ENTRY_ERROR ENOENT: no such file or directory, open '/vercel/sandbox/backend/node_modules/@workflow/cli/node_modules/next/dist/server/lib/router-utils/route-types-utils.js.map'
npm warn tar TAR_ENTRY_ERROR ENOENT: no such file or directory, open '/vercel/sandbox/backend/node_modules/@workflow/cli/node_modules/next/dist/esm/server/route-modules/app-page/vendored/contexts/router-context.js.map'
npm warn tar TAR_ENTRY_ERROR ENOENT: no such file or directory, open '/vercel/sandbox/backend/node_modules/@workflow/cli/node_modules/next/dist/esm/server/route-modules/pages/vendored/contexts/router-context.js.map'
npm warn tar TAR_ENTRY_ERROR ENOENT: no such file or directory, open '/vercel/sandbox/backend/node_modules/@workflow/cli/node_modules/next/dist/server/route-modules/app-page/vendored/contexts/router-context.js.map'
npm warn tar TAR_ENTRY_ERROR ENOENT: no such file or directory, open '/vercel/sandbox/backend/node_modules/@workflow/cli/node_modules/next/dist/server/route-modules/pages/vendored/contexts/router-context.js.map'
npm warn tar TAR_ENTRY_ERROR ENOENT: no such file or directory, open '/vercel/sandbox/backend/node_modules/@workflow/cli/node_modules/next/dist/esm/client/components/router-reducer/router-reducer-types.js.map'
npm warn tar TAR_ENTRY_ERROR ENOENT: no such file or directory, open '/vercel/sandbox/backend/node_modules/@workflow/cli/node_modules/next/dist/esm/client/components/router-reducer/router-reducer.js.map'
npm warn tar TAR_ENTRY_ERROR ENOENT: no such file or directory, open '/vercel/sandbox/backend/node_modules/@workflow/cli/node_modules/next/dist/esm/server/lib/router-utils/router-server-context.js.map'
npm warn tar TAR_ENTRY_ERROR ENOENT: no such file or directory, open '/vercel/sandbox/backend/node_modules/@workflow/cli/node_modules/next/dist/server/lib/router-utils/router-server-context.js.map'
npm warn tar TAR_ENTRY_ERROR ENOENT: no such file or directory, open '/vercel/sandbox/backend/node_modules/@workflow/cli/node_modules/next/dist/server/lib/router-server.js.map'
npm warn tar TAR_ENTRY_ERROR ENOENT: no such file or directory, open '/vercel/sandbox/backend/node_modules/@workflow/cli/node_modules/next/dist/api/router.js.map'
npm warn tar TAR_ENTRY_ERROR ENOENT: no such file or directory, open '/vercel/sandbox/backend/node_modules/@workflow/cli/node_modules/next/dist/esm/api/router.js.map'
npm warn tar TAR_ENTRY_ERROR ENOENT: no such file or directory, open '/vercel/sandbox/backend/node_modules/@workflow/cli/node_modules/next/dist/esm/server/normalizers/request/rsc.js.map'
npm warn tar TAR_ENTRY_ERROR ENOENT: no such file or directory, open '/vercel/sandbox/backend/node_modules/@workflow/cli/node_modules/next/dist/server/normalizers/request/rsc.js.map'
npm warn tar TAR_ENTRY_ERROR ENOENT: no such file or directory, open '/vercel/sandbox/backend/node_modules/@workflow/cli/node_modules/next/dist/compiled/@next/react-refresh-utils/dist/internal/RspackReactRefresh.js.map'
npm warn tar TAR_ENTRY_ERROR ENOENT: no such file or directory, open '/vercel/sandbox/backend/node_modules/@workflow/cli/node_modules/next/dist/esm/server/after/run-with-after.js.map'
npm warn tar TAR_ENTRY_ERROR ENOENT: no such file or directory, open '/vercel/sandbox/backend/node_modules/@workflow/cli/node_modules/next/dist/server/after/run-with-after.js.map'
npm warn tar TAR_ENTRY_ERROR ENOENT: no such file or directory, open '/vercel/sandbox/backend/node_modules/@workflow/cli/node_modules/next/dist/esm/lib/typescript/runTypeCheck.js.map'
npm warn tar TAR_ENTRY_ERROR ENOENT: no such file or directory, open '/vercel/sandbox/backend/node_modules/@workflow/cli/node_modules/next/dist/lib/typescript/runTypeCheck.js.map'
npm warn tar TAR_ENTRY_ERROR ENOENT: no such file or directory, open '/vercel/sandbox/backend/node_modules/@workflow/cli/node_modules/next/dist/esm/server/web/sandbox/sandbox.js.map'
npm warn tar TAR_ENTRY_ERROR ENOENT: no such file or directory, open '/vercel/sandbox/backend/node_modules/@workflow/cli/node_modules/next/dist/server/web/sandbox/sandbox.js.map'
npm warn tar TAR_ENTRY_ERROR ENOENT: no such file or directory, open '/vercel/sandbox/backend/node_modules/@workflow/cli/node_modules/next/dist/client/components/segment-cache/scheduler.js.map'
npm warn tar TAR_ENTRY_ERROR ENOENT: no such file or directory, open '/vercel/sandbox/backend/node_modules/@workflow/cli/node_modules/next/dist/esm/client/components/segment-cache/scheduler.js.map'
npm warn tar TAR_ENTRY_ERROR ENOENT: no such file or directory, open '/vercel/sandbox/backend/node_modules/@workflow/cli/node_modules/next/dist/api/script.js.map'
npm warn tar TAR_ENTRY_ERROR ENOENT: no such file or directory, open '/vercel/sandbox/backend/node_modules/@workflow/cli/node_modules/next/dist/esm/api/script.js.map'
npm warn tar TAR_ENTRY_ERROR ENOENT: no such file or directory, open '/vercel/sandbox/backend/node_modules/@workflow/cli/node_modules/next/dist/client/request/search-params.browser.dev.js.map'
npm warn tar TAR_ENTRY_ERROR ENOENT: no such file or directory, open '/vercel/sandbox/backend/node_modules/@workflow/cli/node_modules/next/dist/esm/client/request/search-params.browser.dev.js.map'
npm warn tar TAR_ENTRY_ERROR ENOENT: no such file or directory, open '/vercel/sandbox/backend/node_modules/@workflow/cli/node_modules/next/dist/client/request/search-params.browser.js.map'
npm warn tar TAR_ENTRY_ERROR ENOENT: no such file or directory, open '/vercel/sandbox/backend/node_modules/@workflow/cli/node_modules/next/dist/esm/client/request/search-params.browser.js.map'
npm warn tar TAR_ENTRY_ERROR ENOENT: no such file or directory, open '/vercel/sandbox/backend/node_modules/@workflow/cli/node_modules/next/dist/client/request/search-params.browser.prod.js.map'
npm warn tar TAR_ENTRY_ERROR ENOENT: no such file or directory, open '/vercel/sandbox/backend/node_modules/@workflow/cli/node_modules/next/dist/esm/client/request/search-params.browser.prod.js.map'
npm warn tar TAR_ENTRY_ERROR ENOENT: no such file or directory, open '/vercel/sandbox/backend/node_modules/@workflow/cli/node_modules/next/dist/esm/server/request/search-params.js.map'
npm warn tar TAR_ENTRY_ERROR ENOENT: no such file or directory, open '/vercel/sandbox/backend/node_modules/@workflow/cli/node_modules/next/dist/server/request/search-params.js.map'
npm warn tar TAR_ENTRY_ERROR ENOENT: no such file or directory, open '/vercel/sandbox/backend/node_modules/@workflow/cli/node_modules/next/dist/esm/next-devtools/userspace/app/segment-explorer-node.js.map'
npm warn tar TAR_ENTRY_ERROR ENOENT: no such file or directory, open '/vercel/sandbox/backend/node_modules/@workflow/cli/node_modules/next/dist/next-devtools/userspace/app/segment-explorer-node.js.map'
npm warn tar TAR_ENTRY_ERROR ENOENT: no such file or directory, open '/vercel/sandbox/backend/node_modules/@workflow/cli/node_modules/next/dist/esm/server/app-render/segment-explorer-path.js.map'
npm warn tar TAR_ENTRY_ERROR ENOENT: no such file or directory, open '/vercel/sandbox/backend/node_modules/@workflow/cli/node_modules/next/dist/esm/server/normalizers/request/segment-prefix-rsc.js.map'
npm warn tar TAR_ENTRY_ERROR ENOENT: no such file or directory, open '/vercel/sandbox/backend/node_modules/@workflow/cli/node_modules/next/dist/server/normalizers/request/segment-prefix-rsc.js.map'
npm warn tar TAR_ENTRY_ERROR ENOENT: no such file or directory, open '/vercel/sandbox/backend/node_modules/@workflow/cli/node_modules/next/dist/esm/shared/lib/segment-cache/segment-value-encoding.js.map'
npm warn tar TAR_ENTRY_ERROR ENOENT: no such file or directory, open '/vercel/sandbox/backend/node_modules/@workflow/cli/node_modules/next/dist/shared/lib/segment-cache/segment-value-encoding.js.map'
npm warn tar TAR_ENTRY_ERROR ENOENT: no such file or directory, open '/vercel/sandbox/backend/node_modules/@workflow/cli/node_modules/next/dist/client/components/router-reducer/reducers/server-action-reducer.js.map'
npm warn tar TAR_ENTRY_ERROR ENOENT: no such file or directory, open '/vercel/sandbox/backend/node_modules/@workflow/cli/node_modules/next/dist/esm/client/components/router-reducer/reducers/server-action-reducer.js.map'
npm warn tar TAR_ENTRY_ERROR ENOENT: no such file or directory, open '/vercel/sandbox/backend/node_modules/@workflow/cli/node_modules/next/dist/server/lib/server-action-request-meta.js.map'
npm warn tar TAR_ENTRY_ERROR ENOENT: no such file or directory, open '/vercel/sandbox/backend/node_modules/@workflow/cli/node_modules/next/dist/esm/server/typescript/rules/server-boundary.js.map'
npm warn tar TAR_ENTRY_ERROR ENOENT: no such file or directory, open '/vercel/sandbox/backend/node_modules/@workflow/cli/node_modules/next/dist/server/typescript/rules/server-boundary.js.map'
npm warn tar TAR_ENTRY_ERROR ENOENT: no such file or directory, open '/vercel/sandbox/backend/node_modules/@workflow/cli/node_modules/next/dist/experimental/testmode/server-edge.js.map'
npm warn tar TAR_ENTRY_ERROR ENOENT: no such file or directory, open '/vercel/sandbox/backend/node_modules/@workflow/cli/node_modules/next/dist/esm/server/app-render/server-inserted-html.js.map'
npm warn tar TAR_ENTRY_ERROR ENOENT: no such file or directory, open '/vercel/sandbox/backend/node_modules/@workflow/cli/node_modules/next/dist/esm/server/route-modules/app-page/vendored/contexts/server-inserted-html.js.map'
npm warn tar TAR_ENTRY_ERROR ENOENT: no such file or directory, open '/vercel/sandbox/backend/node_modules/@workflow/cli/node_modules/next/dist/esm/server/route-modules/pages/vendored/contexts/server-inserted-html.js.map'
npm warn tar TAR_ENTRY_ERROR ENOENT: no such file or directory, open '/vercel/sandbox/backend/node_modules/@workflow/cli/node_modules/next/dist/server/route-modules/app-page/vendored/contexts/server-inserted-html.js.map'
npm warn tar TAR_ENTRY_ERROR ENOENT: no such file or directory, open '/vercel/sandbox/backend/node_modules/@workflow/cli/node_modules/next/dist/server/route-modules/pages/vendored/contexts/server-inserted-html.js.map'
npm warn tar TAR_ENTRY_ERROR ENOENT: no such file or directory, open '/vercel/sandbox/backend/node_modules/@workflow/cli/node_modules/next/dist/esm/server/route-matcher-providers/helpers/manifest-loaders/server-manifest-loader.js.map'
npm warn tar TAR_ENTRY_ERROR ENOENT: no such file or directory, open '/vercel/sandbox/backend/node_modules/@workflow/cli/node_modules/next/dist/server/route-matcher-providers/helpers/manifest-loaders/server-manifest-loader.js.map'
npm warn tar TAR_ENTRY_ERROR ENOENT: no such file or directory, open '/vercel/sandbox/backend/node_modules/@workflow/cli/node_modules/next/dist/client/components/router-reducer/reducers/server-patch-reducer.js.map'
npm warn tar TAR_ENTRY_ERROR ENOENT: no such file or directory, open '/vercel/sandbox/backend/node_modules/@workflow/cli/node_modules/next/dist/esm/client/components/router-reducer/reducers/server-patch-reducer.js.map'
npm warn tar TAR_ENTRY_ERROR ENOENT: no such file or directory, open '/vercel/sandbox/backend/node_modules/@workflow/cli/node_modules/next/dist/build/webpack/loaders/next-flight-loader/server-reference.js.map'
npm warn tar TAR_ENTRY_ERROR ENOENT: no such file or directory, open '/vercel/sandbox/backend/node_modules/@workflow/cli/node_modules/next/dist/esm/build/webpack/loaders/next-flight-loader/server-reference.js.map'
npm warn tar TAR_ENTRY_ERROR ENOENT: no such file or directory, open '/vercel/sandbox/backend/node_modules/@workflow/cli/node_modules/next/dist/api/server.js.map'
npm warn tar TAR_ENTRY_ERROR ENOENT: no such file or directory, open '/vercel/sandbox/backend/node_modules/@workflow/cli/node_modules/next/dist/esm/api/server.js.map'
npm warn tar TAR_ENTRY_ERROR ENOENT: no such file or directory, open '/vercel/sandbox/backend/node_modules/@workflow/cli/node_modules/next/dist/esm/server/typescript/rules/server.js.map'
npm warn tar TAR_ENTRY_ERROR ENOENT: no such file or directory, open '/vercel/sandbox/backend/node_modules/@workflow/cli/node_modules/next/dist/experimental/testmode/proxy/server.js.map'
npm warn tar TAR_ENTRY_ERROR ENOENT: no such file or directory, open '/vercel/sandbox/backend/node_modules/@workflow/cli/node_modules/next/dist/experimental/testmode/server.js.map'
npm warn tar TAR_ENTRY_ERROR ENOENT: no such file or directory, open '/vercel/sandbox/backend/node_modules/@workflow/cli/node_modules/next/dist/server/typescript/rules/server.js.map'
npm warn tar TAR_ENTRY_ERROR ENOENT: no such file or directory, open '/vercel/sandbox/backend/node_modules/@workflow/cli/node_modules/next/dist/compiled/next-server/server.runtime.prod.js.map'
npm warn tar TAR_ENTRY_ERROR ENOENT: no such file or directory, open '/vercel/sandbox/backend/node_modules/@workflow/cli/node_modules/next/dist/telemetry/events/session-stopped.js.map'
npm warn tar TAR_ENTRY_ERROR ENOENT: no such file or directory, open '/vercel/sandbox/backend/node_modules/@workflow/cli/node_modules/next/dist/esm/client/components/router-reducer/set-cache-busting-search-param.js.map'
npm warn tar TAR_ENTRY_ERROR ENOENT: no such file or directory, open '/vercel/sandbox/backend/node_modules/@workflow/cli/node_modules/next/dist/esm/server/lib/router-utils/setup-dev-bundler.js.map'
npm warn tar TAR_ENTRY_ERROR ENOENT: no such file or directory, open '/vercel/sandbox/backend/node_modules/@workflow/cli/node_modules/next/dist/server/lib/router-utils/setup-dev-bundler.js.map'
npm warn tar TAR_ENTRY_ERROR ENOENT: no such file or directory, open '/vercel/sandbox/backend/node_modules/@workflow/cli/node_modules/next/dist/esm/server/lib/incremental-cache/shared-cache-controls.external.js.map'
npm warn tar TAR_ENTRY_ERROR ENOENT: no such file or directory, open '/vercel/sandbox/backend/node_modules/@workflow/cli/node_modules/next/dist/server/lib/incremental-cache/shared-cache-controls.external.js.map'
npm warn tar TAR_ENTRY_ERROR ENOENT: no such file or directory, open '/vercel/sandbox/backend/node_modules/@workflow/cli/node_modules/next/dist/esm/server/route-modules/app-route/shared-modules.js.map'
npm warn tar TAR_ENTRY_ERROR ENOENT: no such file or directory, open '/vercel/sandbox/backend/node_modules/@workflow/cli/node_modules/next/dist/server/route-modules/app-route/shared-modules.js.map'
npm warn tar TAR_ENTRY_ERROR ENOENT: no such file or directory, open '/vercel/sandbox/backend/node_modules/@workflow/cli/node_modules/next/dist/build/webpack/plugins/next-types-plugin/shared.js.map'
npm warn tar TAR_ENTRY_ERROR ENOENT: no such file or directory, open '/vercel/sandbox/backend/node_modules/@workflow/cli/node_modules/next/dist/client/dev/hot-reloader/shared.js.map'
npm warn tar TAR_ENTRY_ERROR ENOENT: no such file or directory, open '/vercel/sandbox/backend/node_modules/@workflow/cli/node_modules/next/dist/esm/build/webpack/plugins/next-types-plugin/shared.js.map'
npm warn tar TAR_ENTRY_ERROR ENOENT: no such file or directory, open '/vercel/sandbox/backend/node_modules/@workflow/cli/node_modules/next/dist/esm/client/dev/hot-reloader/shared.js.map'
npm warn tar TAR_ENTRY_ERROR ENOENT: no such file or directory, open '/vercel/sandbox/backend/node_modules/@workflow/cli/node_modules/next/dist/next-devtools/server/shared.js.map'
npm warn tar TAR_ENTRY_ERROR ENOENT: no such file or directory, open '/vercel/sandbox/backend/node_modules/@workflow/cli/node_modules/next/dist/trace/shared.js.map'
npm warn tar TAR_ENTRY_ERROR ENOENT: no such file or directory, open '/vercel/sandbox/backend/node_modules/@workflow/cli/node_modules/next/dist/build/polyfills/object.assign/shim.js.map'
npm warn tar TAR_ENTRY_ERROR ENOENT: no such file or directory, open '/vercel/sandbox/backend/node_modules/@workflow/cli/node_modules/next/dist/esm/build/polyfills/object.assign/shim.js.map'
npm warn tar TAR_ENTRY_ERROR ENOENT: no such file or directory, open '/vercel/sandbox/backend/node_modules/@workflow/cli/node_modules/next/dist/esm/client/components/router-reducer/should-hard-navigate.js.map'
npm warn tar TAR_ENTRY_ERROR ENOENT: no such file or directory, open '/vercel/sandbox/backend/node_modules/@workflow/cli/node_modules/next/dist/esm/lib/memory/shutdown.js.map'
npm warn tar TAR_ENTRY_ERROR ENOENT: no such file or directory, open '/vercel/sandbox/backend/node_modules/@workflow/cli/node_modules/next/dist/lib/memory/shutdown.js.map'
npm warn tar TAR_ENTRY_ERROR ENOENT: no such file or directory, open '/vercel/sandbox/backend/node_modules/@workflow/cli/node_modules/next/dist/build/webpack/plugins/wellknown-errors-plugin/simpleWebpackError.js.map'
npm warn tar TAR_ENTRY_ERROR ENOENT: no such file or directory, open '/vercel/sandbox/backend/node_modules/@workflow/cli/node_modules/next/dist/esm/build/webpack/plugins/wellknown-errors-plugin/simpleWebpackError.js.map'
npm warn tar TAR_ENTRY_ERROR ENOENT: no such file or directory, open '/vercel/sandbox/backend/node_modules/@workflow/cli/node_modules/next/dist/esm/shared/lib/router/utils/sortable-routes.js.map'
npm warn tar TAR_ENTRY_ERROR ENOENT: no such file or directory, open '/vercel/sandbox/backend/node_modules/@workflow/cli/node_modules/next/dist/shared/lib/router/utils/sortable-routes.js.map'
npm warn tar TAR_ENTRY_ERROR ENOENT: no such file or directory, open '/vercel/sandbox/backend/node_modules/@workflow/cli/node_modules/next/dist/esm/shared/lib/router/utils/sorted-routes.js.map'
npm warn tar TAR_ENTRY_ERROR ENOENT: no such file or directory, open '/vercel/sandbox/backend/node_modules/@workflow/cli/node_modules/next/dist/shared/lib/router/utils/sorted-routes.js.map'
npm warn tar TAR_ENTRY_ERROR ENOENT: no such file or directory, open '/vercel/sandbox/backend/node_modules/@workflow/cli/node_modules/next/dist/esm/server/dev/browser-logs/source-map.js.map'
npm warn tar TAR_ENTRY_ERROR ENOENT: no such file or directory, open '/vercel/sandbox/backend/node_modules/@workflow/cli/node_modules/next/dist/server/dev/browser-logs/source-map.js.map'
npm warn tar TAR_ENTRY_ERROR ENOENT: no such file or directory, open '/vercel/sandbox/backend/node_modules/@workflow/cli/node_modules/next/dist/server/lib/source-maps.js.map'
npm warn tar TAR_ENTRY_ERROR ENOENT: no such file or directory, open '/vercel/sandbox/backend/node_modules/@workflow/cli/node_modules/next/dist/esm/next-devtools/shared/stack-frame.js.map'
npm warn tar TAR_ENTRY_ERROR ENOENT: no such file or directory, open '/vercel/sandbox/backend/node_modules/@workflow/cli/node_modules/next/dist/next-devtools/shared/stack-frame.js.map'
npm warn tar TAR_ENTRY_ERROR ENOENT: no such file or directory, open '/vercel/sandbox/backend/node_modules/@workflow/cli/node_modules/next/dist/esm/server/app-render/staged-rendering.js.map'
npm warn tar TAR_ENTRY_ERROR ENOENT: no such file or directory, open '/vercel/sandbox/backend/node_modules/@workflow/cli/node_modules/next/dist/esm/server/app-render/staged-validation.js.map'
npm warn tar TAR_ENTRY_ERROR ENOENT: no such file or directory, open '/vercel/sandbox/backend/node_modules/@workflow/cli/node_modules/next/dist/server/lib/start-server.js.map'
npm warn tar TAR_ENTRY_ERROR ENOENT: no such file or directory, open '/vercel/sandbox/backend/node_modules/@workflow/cli/node_modules/next/dist/esm/lib/memory/startup.js.map'
npm warn tar TAR_ENTRY_ERROR ENOENT: no such file or directory, open '/vercel/sandbox/backend/node_modules/@workflow/cli/node_modules/next/dist/lib/memory/startup.js.map'
npm warn tar TAR_ENTRY_ERROR ENOENT: no such file or directory, open '/vercel/sandbox/backend/node_modules/@workflow/cli/node_modules/next/dist/esm/client/components/static-generation-bailout.js.map'
npm warn tar TAR_ENTRY_ERROR ENOENT: no such file or directory, open '/vercel/sandbox/backend/node_modules/@workflow/cli/node_modules/next/dist/esm/server/dev/static-paths-worker.js.map'
npm warn tar TAR_ENTRY_ERROR ENOENT: no such file or directory, open '/vercel/sandbox/backend/node_modules/@workflow/cli/node_modules/next/dist/server/dev/static-paths-worker.js.map'
npm warn tar TAR_ENTRY_ERROR ENOENT: no such file or directory, open '/vercel/sandbox/backend/node_modules/@workflow/cli/node_modules/next/dist/experimental/testmode/playwright/step.js.map'
npm warn tar TAR_ENTRY_ERROR ENOENT: no such file or directory, open '/vercel/sandbox/backend/node_modules/@workflow/cli/node_modules/next/dist/esm/next-devtools/userspace/app/errors/stitched-error.js.map'
npm warn tar TAR_ENTRY_ERROR ENOENT: no such file or directory, open '/vercel/sandbox/backend/node_modules/@workflow/cli/node_modules/next/dist/next-devtools/userspace/app/errors/stitched-error.js.map'
npm warn tar TAR_ENTRY_ERROR ENOENT: no such file or directory, open '/vercel/sandbox/backend/node_modules/@workflow/cli/node_modules/next/dist/telemetry/storage.js.map'
npm warn tar TAR_ENTRY_ERROR ENOENT: no such file or directory, open '/vercel/sandbox/backend/node_modules/@workflow/cli/node_modules/next/dist/build/output/store.js.map'
npm warn tar TAR_ENTRY_ERROR ENOENT: no such file or directory, open '/vercel/sandbox/backend/node_modules/@workflow/cli/node_modules/next/dist/esm/build/output/store.js.map'
npm warn tar TAR_ENTRY_ERROR ENOENT: no such file or directory, open '/vercel/sandbox/backend/node_modules/@workflow/cli/node_modules/next/dist/server/lib/streaming-metadata.js.map'
npm warn tar TAR_ENTRY_ERROR ENOENT: no such file or directory, open '/vercel/sandbox/backend/node_modules/@workflow/cli/node_modules/next/dist/esm/server/app-render/strip-flight-headers.js.map'
npm warn tar TAR_ENTRY_ERROR ENOENT: no such file or directory, open '/vercel/sandbox/backend/node_modules/@workflow/cli/node_modules/next/dist/build/jest/__mocks__/styleMock.js.map'
npm warn tar TAR_ENTRY_ERROR ENOENT: no such file or directory, open '/vercel/sandbox/backend/node_modules/@workflow/cli/node_modules/next/dist/esm/server/normalizers/request/suffix.js.map'
npm warn tar TAR_ENTRY_ERROR ENOENT: no such file or directory, open '/vercel/sandbox/backend/node_modules/@workflow/cli/node_modules/next/dist/server/normalizers/request/suffix.js.map'
npm warn tar TAR_ENTRY_ERROR ENOENT: no such file or directory, open '/vercel/sandbox/backend/node_modules/@workflow/cli/node_modules/next/dist/telemetry/events/swc-load-failure.js.map'
npm warn tar TAR_ENTRY_ERROR ENOENT: no such file or directory, open '/vercel/sandbox/backend/node_modules/@workflow/cli/node_modules/next/dist/telemetry/events/swc-plugins.js.map'
npm warn tar TAR_ENTRY_ERROR ENOENT: no such file or directory, open '/vercel/sandbox/backend/node_modules/@workflow/cli/node_modules/next/dist/esm/server/lib/incremental-cache/tags-manifest.external.js.map'
npm warn tar TAR_ENTRY_ERROR ENOENT: no such file or directory, open '/vercel/sandbox/backend/node_modules/@workflow/cli/node_modules/next/dist/server/lib/incremental-cache/tags-manifest.external.js.map'
npm warn tar TAR_ENTRY_ERROR ENOENT: no such file or directory, open '/vercel/sandbox/backend/node_modules/@workflow/cli/node_modules/next/dist/esm/server/app-render/rsc/taint.js.map'
npm warn tar TAR_ENTRY_ERROR ENOENT: no such file or directory, open '/vercel/sandbox/backend/node_modules/@workflow/cli/node_modules/next/dist/server/app-render/rsc/taint.js.map'
npm warn tar TAR_ENTRY_ERROR ENOENT: no such file or directory, open '/vercel/sandbox/backend/node_modules/@workflow/cli/node_modules/next/dist/build/turborepo-access-trace/tcp.js.map'
npm warn tar TAR_ENTRY_ERROR ENOENT: no such file or directory, open '/vercel/sandbox/backend/node_modules/@workflow/cli/node_modules/next/dist/esm/build/turborepo-access-trace/tcp.js.map'
npm warn tar TAR_ENTRY_ERROR ENOENT: no such file or directory, open '/vercel/sandbox/backend/node_modules/@workflow/cli/node_modules/next/dist/esm/next-devtools/userspace/app/terminal-logging-config.js.map'
npm warn tar TAR_ENTRY_ERROR ENOENT: no such file or directory, open '/vercel/sandbox/backend/node_modules/@workflow/cli/node_modules/next/dist/next-devtools/userspace/app/terminal-logging-config.js.map'
npm warn tar TAR_ENTRY_ERROR ENOENT: no such file or directory, open '/vercel/sandbox/backend/node_modules/@workflow/cli/node_modules/next/dist/trace/report/to-json-build.js.map'
npm warn tar TAR_ENTRY_ERROR ENOENT: no such file or directory, open '/vercel/sandbox/backend/node_modules/@workflow/cli/node_modules/next/dist/trace/report/to-json.js.map'
npm warn tar TAR_ENTRY_ERROR ENOENT: no such file or directory, open '/vercel/sandbox/backend/node_modules/@workflow/cli/node_modules/next/dist/server/lib/to-route.js.map'
npm warn tar TAR_ENTRY_ERROR ENOENT: no such file or directory, open '/vercel/sandbox/backend/node_modules/@workflow/cli/node_modules/next/dist/trace/report/to-telemetry.js.map'
npm warn tar TAR_ENTRY_ERROR ENOENT: no such file or directory, open '/vercel/sandbox/backend/node_modules/@workflow/cli/node_modules/next/dist/trace/trace-uploader.js.map'
npm warn tar TAR_ENTRY_ERROR ENOENT: no such file or directory, open '/vercel/sandbox/backend/node_modules/@workflow/cli/node_modules/next/dist/esm/lib/memory/trace.js.map'
npm warn tar TAR_ENTRY_ERROR ENOENT: no such file or directory, open '/vercel/sandbox/backend/node_modules/@workflow/cli/node_modules/next/dist/lib/memory/trace.js.map'
npm warn tar TAR_ENTRY_ERROR ENOENT: no such file or directory, open '/vercel/sandbox/backend/node_modules/@workflow/cli/node_modules/next/dist/trace/trace.js.map'
npm warn tar TAR_ENTRY_ERROR ENOENT: no such file or directory, open '/vercel/sandbox/backend/node_modules/@workflow/cli/node_modules/next/dist/trace/trace.test.js.map'
npm warn tar TAR_ENTRY_ERROR ENOENT: no such file or directory, open '/vercel/sandbox/backend/node_modules/@workflow/cli/node_modules/next/dist/esm/server/lib/trace/tracer.js.map'
npm warn tar TAR_ENTRY_ERROR ENOENT: no such file or directory, open '/vercel/sandbox/backend/node_modules/@workflow/cli/node_modules/next/dist/server/lib/trace/tracer.js.map'
npm warn tar TAR_ENTRY_ERROR ENOENT: no such file or directory, open '/vercel/sandbox/backend/node_modules/@workflow/cli/node_modules/next/dist/build/webpack/loaders/next-flight-loader/track-dynamic-import.js.map'
npm warn tar TAR_ENTRY_ERROR ENOENT: no such file or directory, open '/vercel/sandbox/backend/node_modules/@workflow/cli/node_modules/next/dist/esm/build/webpack/loaders/next-flight-loader/track-dynamic-import.js.map'
npm warn tar TAR_ENTRY_ERROR ENOENT: no such file or directory, lstat '/vercel/sandbox/backend/node_modules/@workflow/cli/node_modules/next/dist/esm/server/app-render/module-loading'
npm warn tar TAR_ENTRY_ERROR ENOENT: no such file or directory, lstat '/vercel/sandbox/backend/node_modules/@workflow/cli/node_modules/next/dist/esm/server/app-render/module-loading'
npm warn tar TAR_ENTRY_ERROR ENOENT: no such file or directory, lstat '/vercel/sandbox/backend/node_modules/@workflow/cli/node_modules/next/dist/esm/server/app-render/module-loading'
npm warn tar TAR_ENTRY_ERROR ENOENT: no such file or directory, open '/vercel/sandbox/backend/node_modules/@workflow/cli/node_modules/next/dist/build/babel/loader/transform.js.map'
npm warn tar TAR_ENTRY_ERROR ENOENT: no such file or directory, open '/vercel/sandbox/backend/node_modules/@workflow/cli/node_modules/next/dist/esm/build/babel/loader/transform.js.map'
npm warn tar TAR_ENTRY_ERROR ENOENT: no such file or directory, open '/vercel/sandbox/backend/node_modules/@workflow/cli/node_modules/next/dist/esm/server/api-utils/node/try-get-preview-data.js.map'
npm warn tar TAR_ENTRY_ERROR ENOENT: no such file or directory, open '/vercel/sandbox/backend/node_modules/@workflow/cli/node_modules/next/dist/server/api-utils/node/try-get-preview-data.js.map'
npm warn tar TAR_ENTRY_ERROR ENOENT: no such file or directory, lstat '/vercel/sandbox/backend/node_modules/@workflow/cli/node_modules/next/dist/cli/internal'
npm warn tar TAR_ENTRY_ERROR ENOENT: no such file or directory, open '/vercel/sandbox/backend/node_modules/@workflow/cli/node_modules/next/dist/client/dev/hot-reloader/turbopack-hot-reloader-common.js.map'
npm warn tar TAR_ENTRY_ERROR ENOENT: no such file or directory, open '/vercel/sandbox/backend/node_modules/@workflow/cli/node_modules/next/dist/esm/client/dev/hot-reloader/turbopack-hot-reloader-common.js.map'
npm warn tar TAR_ENTRY_ERROR ENOENT: no such file or directory, open '/vercel/sandbox/backend/node_modules/@workflow/cli/node_modules/next/dist/esm/server/dev/turbopack-utils.js.map'
npm warn tar TAR_ENTRY_ERROR ENOENT: no such file or directory, open '/vercel/sandbox/backend/node_modules/@workflow/cli/node_modules/next/dist/server/dev/turbopack-utils.js.map'
npm warn tar TAR_ENTRY_ERROR ENOENT: no such file or directory, open '/vercel/sandbox/backend/node_modules/@workflow/cli/node_modules/next/dist/esm/lib/metadata/types/twitter-types.js.map'
npm warn tar TAR_ENTRY_ERROR ENOENT: no such file or directory, open '/vercel/sandbox/backend/node_modules/@workflow/cli/node_modules/next/dist/lib/metadata/types/twitter-types.js.map'
npm warn tar TAR_ENTRY_ERROR ENOENT: no such file or directory, open '/vercel/sandbox/backend/node_modules/@workflow/cli/node_modules/next/dist/esm/server/lib/router-utils/typegen.js.map'
npm warn tar TAR_ENTRY_ERROR ENOENT: no such file or directory, open '/vercel/sandbox/backend/node_modules/@workflow/cli/node_modules/next/dist/server/lib/router-utils/typegen.js.map'
npm warn tar TAR_ENTRY_ERROR ENOENT: no such file or directory, open '/vercel/sandbox/backend/node_modules/@workflow/cli/node_modules/next/dist/build/static-paths/types.js.map'
npm warn tar TAR_ENTRY_ERROR ENOENT: no such file or directory, open '/vercel/sandbox/backend/node_modules/@workflow/cli/node_modules/next/dist/build/swc/types.js.map'
npm warn tar TAR_ENTRY_ERROR ENOENT: no such file or directory, open '/vercel/sandbox/backend/node_modules/@workflow/cli/node_modules/next/dist/build/turborepo-access-trace/types.js.map'
npm warn tar TAR_ENTRY_ERROR ENOENT: no such file or directory, open '/vercel/sandbox/backend/node_modules/@workflow/cli/node_modules/next/dist/build/webpack/loaders/metadata/types.js.map'
npm warn tar TAR_ENTRY_ERROR ENOENT: no such file or directory, open '/vercel/sandbox/backend/node_modules/@workflow/cli/node_modules/next/dist/client/components/segment-cache/types.js.map'
npm warn tar TAR_ENTRY_ERROR ENOENT: no such file or directory, open '/vercel/sandbox/backend/node_modules/@workflow/cli/node_modules/next/dist/esm/build/static-paths/types.js.map'
npm warn tar TAR_ENTRY_ERROR ENOENT: no such file or directory, open '/vercel/sandbox/backend/node_modules/@workflow/cli/node_modules/next/dist/esm/build/swc/types.js.map'
npm warn tar TAR_ENTRY_ERROR ENOENT: no such file or directory, open '/vercel/sandbox/backend/node_modules/@workflow/cli/node_modules/next/dist/esm/build/turborepo-access-trace/types.js.map'
npm warn tar TAR_ENTRY_ERROR ENOENT: no such file or directory, open '/vercel/sandbox/backend/node_modules/@workflow/cli/node_modules/next/dist/esm/build/webpack/loaders/metadata/types.js.map'
npm warn tar TAR_ENTRY_ERROR ENOENT: no such file or directory, open '/vercel/sandbox/backend/node_modules/@workflow/cli/node_modules/next/dist/esm/client/components/segment-cache/types.js.map'
npm warn tar TAR_ENTRY_ERROR ENOENT: no such file or directory, open '/vercel/sandbox/backend/node_modules/@workflow/cli/node_modules/next/dist/esm/export/routes/types.js.map'
npm warn tar TAR_ENTRY_ERROR ENOENT: no such file or directory, open '/vercel/sandbox/backend/node_modules/@workflow/cli/node_modules/next/dist/esm/export/types.js.map'
npm warn tar TAR_ENTRY_ERROR ENOENT: no such file or directory, open '/vercel/sandbox/backend/node_modules/@workflow/cli/node_modules/next/dist/esm/next-devtools/shared/types.js.map'
npm warn tar TAR_ENTRY_ERROR ENOENT: no such file or directory, open '/vercel/sandbox/backend/node_modules/@workflow/cli/node_modules/next/dist/esm/server/app-render/types.js.map'
npm warn tar TAR_ENTRY_ERROR ENOENT: no such file or directory, open '/vercel/sandbox/backend/node_modules/@workflow/cli/node_modules/next/dist/esm/server/lib/cache-handlers/types.js.map'
npm warn tar TAR_ENTRY_ERROR ENOENT: no such file or directory, open '/vercel/sandbox/backend/node_modules/@workflow/cli/node_modules/next/dist/esm/server/lib/router-utils/types.js.map'
npm warn tar TAR_ENTRY_ERROR ENOENT: no such file or directory, open '/vercel/sandbox/backend/node_modules/@workflow/cli/node_modules/next/dist/esm/server/response-cache/types.js.map'
npm warn tar TAR_ENTRY_ERROR ENOENT: no such file or directory, open '/vercel/sandbox/backend/node_modules/@workflow/cli/node_modules/next/dist/esm/server/web/types.js.map'
npm warn tar TAR_ENTRY_ERROR ENOENT: no such file or directory, open '/vercel/sandbox/backend/node_modules/@workflow/cli/node_modules/next/dist/esm/shared/lib/lazy-dynamic/types.js.map'
npm warn tar TAR_ENTRY_ERROR ENOENT: no such file or directory, open '/vercel/sandbox/backend/node_modules/@workflow/cli/node_modules/next/dist/experimental/testmode/proxy/types.js.map'
npm warn tar TAR_ENTRY_ERROR ENOENT: no such file or directory, open '/vercel/sandbox/backend/node_modules/@workflow/cli/node_modules/next/dist/export/routes/types.js.map'
npm warn tar TAR_ENTRY_ERROR ENOENT: no such file or directory, open '/vercel/sandbox/backend/node_modules/@workflow/cli/node_modules/next/dist/export/types.js.map'
npm warn tar TAR_ENTRY_ERROR ENOENT: no such file or directory, open '/vercel/sandbox/backend/node_modules/@workflow/cli/node_modules/next/dist/next-devtools/shared/types.js.map'
npm warn tar TAR_ENTRY_ERROR ENOENT: no such file or directory, open '/vercel/sandbox/backend/node_modules/@workflow/cli/node_modules/next/dist/server/lib/cache-handlers/types.js.map'
npm warn tar TAR_ENTRY_ERROR ENOENT: no such file or directory, open '/vercel/sandbox/backend/node_modules/@workflow/cli/node_modules/next/dist/server/lib/router-utils/types.js.map'
npm warn tar TAR_ENTRY_ERROR ENOENT: no such file or directory, open '/vercel/sandbox/backend/node_modules/@workflow/cli/node_modules/next/dist/server/lib/types.js.map'
npm warn tar TAR_ENTRY_ERROR ENOENT: no such file or directory, open '/vercel/sandbox/backend/node_modules/@workflow/cli/node_modules/next/dist/server/response-cache/types.js.map'
npm warn tar TAR_ENTRY_ERROR ENOENT: no such file or directory, open '/vercel/sandbox/backend/node_modules/@workflow/cli/node_modules/next/dist/shared/lib/lazy-dynamic/types.js.map'
npm warn tar TAR_ENTRY_ERROR ENOENT: no such file or directory, open '/vercel/sandbox/backend/node_modules/@workflow/cli/node_modules/next/dist/trace/report/types.js.map'
npm warn tar TAR_ENTRY_ERROR ENOENT: no such file or directory, open '/vercel/sandbox/backend/node_modules/@workflow/cli/node_modules/next/dist/trace/types.js.map'
npm warn tar TAR_ENTRY_ERROR ENOENT: no such file or directory, open '/vercel/sandbox/backend/node_modules/@workflow/cli/node_modules/next/dist/esm/server/stream-utils/uint8array-helpers.js.map'
npm warn tar TAR_ENTRY_ERROR ENOENT: no such file or directory, open '/vercel/sandbox/backend/node_modules/@workflow/cli/node_modules/next/dist/server/stream-utils/uint8array-helpers.js.map'
npm warn tar TAR_ENTRY_ERROR ENOENT: no such file or directory, open '/vercel/sandbox/backend/node_modules/@workflow/cli/node_modules/next/dist/client/components/builtin/unauthorized.js.map'
npm warn tar TAR_ENTRY_ERROR ENOENT: no such file or directory, open '/vercel/sandbox/backend/node_modules/@workflow/cli/node_modules/next/dist/esm/client/components/builtin/unauthorized.js.map'
npm warn tar TAR_ENTRY_ERROR ENOENT: no such file or directory, open '/vercel/sandbox/backend/node_modules/@workflow/cli/node_modules/next/dist/esm/client/components/unauthorized.js.map'
npm warn tar TAR_ENTRY_ERROR ENOENT: no such file or directory, open '/vercel/sandbox/backend/node_modules/@workflow/cli/node_modules/next/dist/esm/server/normalizers/underscore-normalizer.js.map'
npm warn tar TAR_ENTRY_ERROR ENOENT: no such file or directory, open '/vercel/sandbox/backend/node_modules/@workflow/cli/node_modules/next/dist/server/normalizers/underscore-normalizer.js.map'
npm warn tar TAR_ENTRY_ERROR ENOENT: no such file or directory, open '/vercel/sandbox/backend/node_modules/@workflow/cli/node_modules/next/dist/esm/server/node-environment-extensions/unhandled-rejection.js.map'
npm warn tar TAR_ENTRY_ERROR ENOENT: no such file or directory, open '/vercel/sandbox/backend/node_modules/@workflow/cli/node_modules/next/dist/server/node-environment-extensions/unhandled-rejection.js.map'
npm warn tar TAR_ENTRY_ERROR ENOENT: no such file or directory, open '/vercel/sandbox/backend/node_modules/@workflow/cli/node_modules/next/dist/esm/client/components/unrecognized-action-error.js.map'
npm warn tar TAR_ENTRY_ERROR ENOENT: no such file or directory, open '/vercel/sandbox/backend/node_modules/@workflow/cli/node_modules/next/dist/esm/client/components/unresolved-thenable.js.map'
npm warn tar TAR_ENTRY_ERROR ENOENT: no such file or directory, open '/vercel/sandbox/backend/node_modules/@workflow/cli/node_modules/next/dist/esm/server/web/spec-extension/unstable-cache.js.map'
npm warn tar TAR_ENTRY_ERROR ENOENT: no such file or directory, open '/vercel/sandbox/backend/node_modules/@workflow/cli/node_modules/next/dist/esm/server/web/spec-extension/unstable-no-store.js.map'
npm warn tar TAR_ENTRY_ERROR ENOENT: no such file or directory, open '/vercel/sandbox/backend/node_modules/@workflow/cli/node_modules/next/dist/esm/client/components/unstable-rethrow.browser.js.map'
npm warn tar TAR_ENTRY_ERROR ENOENT: no such file or directory, open '/vercel/sandbox/backend/node_modules/@workflow/cli/node_modules/next/dist/esm/client/components/unstable-rethrow.js.map'
npm warn tar TAR_ENTRY_ERROR ENOENT: no such file or directory, open '/vercel/sandbox/backend/node_modules/@workflow/cli/node_modules/next/dist/esm/client/components/unstable-rethrow.server.js.map'
npm warn tar TAR_ENTRY_ERROR ENOENT: no such file or directory, open '/vercel/sandbox/backend/node_modules/@workflow/cli/node_modules/next/dist/trace/upload-trace.js.map'
npm warn tar TAR_ENTRY_ERROR ENOENT: no such file or directory, open '/vercel/sandbox/backend/node_modules/@workflow/cli/node_modules/next/dist/esm/server/web/spec-extension/url-pattern.js.map'
npm warn tar TAR_ENTRY_ERROR ENOENT: no such file or directory, open '/vercel/sandbox/backend/node_modules/@workflow/cli/node_modules/next/dist/esm/shared/lib/errors/usage-error.js.map'
npm warn tar TAR_ENTRY_ERROR ENOENT: no such file or directory, open '/vercel/sandbox/backend/node_modules/@workflow/cli/node_modules/next/dist/shared/lib/errors/usage-error.js.map'
npm warn tar TAR_ENTRY_ERROR ENOENT: no such file or directory, open '/vercel/sandbox/backend/node_modules/@workflow/cli/node_modules/next/dist/esm/client/components/use-action-queue.js.map'
npm warn tar TAR_ENTRY_ERROR ENOENT: no such file or directory, lstat '/vercel/sandbox/backend/node_modules/@workflow/cli/node_modules/next/dist/next-devtools/userspace'
npm warn tar TAR_ENTRY_ERROR ENOENT: no such file or directory, open '/vercel/sandbox/backend/node_modules/@workflow/cli/node_modules/next/dist/esm/server/use-cache/use-cache-errors.js.map'
npm warn tar TAR_ENTRY_ERROR ENOENT: no such file or directory, open '/vercel/sandbox/backend/node_modules/@workflow/cli/node_modules/next/dist/server/use-cache/use-cache-errors.js.map'
npm warn tar TAR_ENTRY_ERROR ENOENT: no such file or directory, open '/vercel/sandbox/backend/node_modules/@workflow/cli/node_modules/next/dist/esm/server/use-cache/use-cache-wrapper.js.map'
npm warn tar TAR_ENTRY_ERROR ENOENT: no such file or directory, open '/vercel/sandbox/backend/node_modules/@workflow/cli/node_modules/next/dist/server/use-cache/use-cache-wrapper.js.map'
npm warn tar TAR_ENTRY_ERROR ENOENT: no such file or directory, open '/vercel/sandbox/backend/node_modules/@workflow/cli/node_modules/next/dist/esm/next-devtools/userspace/app/errors/use-error-handler.js.map'
npm warn tar TAR_ENTRY_ERROR ENOENT: no such file or directory, open '/vercel/sandbox/backend/node_modules/@workflow/cli/node_modules/next/dist/next-devtools/userspace/app/errors/use-error-handler.js.map'
npm warn tar TAR_ENTRY_ERROR ENOENT: no such file or directory, open '/vercel/sandbox/backend/node_modules/@workflow/cli/node_modules/next/dist/esm/server/app-render/use-flight-response.js.map'
npm warn tar TAR_ENTRY_ERROR ENOENT: no such file or directory, open '/vercel/sandbox/backend/node_modules/@workflow/cli/node_modules/next/dist/esm/server/web/spec-extension/user-agent.js.map'
npm warn tar TAR_ENTRY_ERROR ENOENT: no such file or directory, open '/vercel/sandbox/backend/node_modules/@workflow/cli/node_modules/next/dist/build/babel/loader/util.js.map'
npm warn tar TAR_ENTRY_ERROR ENOENT: no such file or directory, open '/vercel/sandbox/backend/node_modules/@workflow/cli/node_modules/next/dist/esm/build/babel/loader/util.js.map'
npm warn tar TAR_ENTRY_ERROR ENOENT: no such file or directory, open '/vercel/sandbox/backend/node_modules/@workflow/cli/node_modules/next/dist/build/static-paths/utils.js.map'
npm warn tar TAR_ENTRY_ERROR ENOENT: no such file or directory, open '/vercel/sandbox/backend/node_modules/@workflow/cli/node_modules/next/dist/build/webpack/config/utils.js.map'
npm warn tar TAR_ENTRY_ERROR ENOENT: no such file or directory, open '/vercel/sandbox/backend/node_modules/@workflow/cli/node_modules/next/dist/build/webpack/loaders/css-loader/src/utils.js.map'
npm warn tar TAR_ENTRY_ERROR ENOENT: no such file or directory, open '/vercel/sandbox/backend/node_modules/@workflow/cli/node_modules/next/dist/build/webpack/loaders/lightningcss-loader/src/utils.js.map'
npm warn tar TAR_ENTRY_ERROR ENOENT: no such file or directory, open '/vercel/sandbox/backend/node_modules/@workflow/cli/node_modules/next/dist/build/webpack/loaders/postcss-loader/src/utils.js.map'
npm warn tar TAR_ENTRY_ERROR ENOENT: no such file or directory, open '/vercel/sandbox/backend/node_modules/@workflow/cli/node_modules/next/dist/build/webpack/loaders/utils.js.map'
npm warn tar TAR_ENTRY_ERROR ENOENT: no such file or directory, open '/vercel/sandbox/backend/node_modules/@workflow/cli/node_modules/next/dist/esm/build/static-paths/utils.js.map'
npm warn tar TAR_ENTRY_ERROR ENOENT: no such file or directory, open '/vercel/sandbox/backend/node_modules/@workflow/cli/node_modules/next/dist/esm/build/webpack/config/utils.js.map'
npm warn tar TAR_ENTRY_ERROR ENOENT: no such file or directory, open '/vercel/sandbox/backend/node_modules/@workflow/cli/node_modules/next/dist/esm/build/webpack/loaders/css-loader/src/utils.js.map'
npm warn tar TAR_ENTRY_ERROR ENOENT: no such file or directory, open '/vercel/sandbox/backend/node_modules/@workflow/cli/node_modules/next/dist/esm/build/webpack/loaders/lightningcss-loader/src/utils.js.map'
npm warn tar TAR_ENTRY_ERROR ENOENT: no such file or directory, open '/vercel/sandbox/backend/node_modules/@workflow/cli/node_modules/next/dist/esm/build/webpack/loaders/postcss-loader/src/utils.js.map'
npm warn tar TAR_ENTRY_ERROR ENOENT: no such file or directory, open '/vercel/sandbox/backend/node_modules/@workflow/cli/node_modules/next/dist/esm/build/webpack/loaders/utils.js.map'
npm warn tar TAR_ENTRY_ERROR ENOENT: no such file or directory, open '/vercel/sandbox/backend/node_modules/@workflow/cli/node_modules/next/dist/esm/export/utils.js.map'
npm warn tar TAR_ENTRY_ERROR ENOENT: no such file or directory, open '/vercel/sandbox/backend/node_modules/@workflow/cli/node_modules/next/dist/esm/lib/metadata/generate/utils.js.map'
npm warn tar TAR_ENTRY_ERROR ENOENT: no such file or directory, open '/vercel/sandbox/backend/node_modules/@workflow/cli/node_modules/next/dist/esm/server/lib/trace/utils.js.map'
npm warn tar TAR_ENTRY_ERROR ENOENT: no such file or directory, open '/vercel/sandbox/backend/node_modules/@workflow/cli/node_modules/next/dist/esm/server/node-environment-extensions/utils.js.map'
npm warn tar TAR_ENTRY_ERROR ENOENT: no such file or directory, open '/vercel/sandbox/backend/node_modules/@workflow/cli/node_modules/next/dist/esm/server/request/utils.js.map'
npm warn tar TAR_ENTRY_ERROR ENOENT: no such file or directory, open '/vercel/sandbox/backend/node_modules/@workflow/cli/node_modules/next/dist/esm/server/response-cache/utils.js.map'
npm warn tar TAR_ENTRY_ERROR ENOENT: no such file or directory, open '/vercel/sandbox/backend/node_modules/@workflow/cli/node_modules/next/dist/esm/server/typescript/utils.js.map'
npm warn tar TAR_ENTRY_ERROR ENOENT: no such file or directory, open '/vercel/sandbox/backend/node_modules/@workflow/cli/node_modules/next/dist/esm/server/web/utils.js.map'
npm warn tar TAR_ENTRY_ERROR ENOENT: no such file or directory, open '/vercel/sandbox/backend/node_modules/@workflow/cli/node_modules/next/dist/esm/shared/lib/turbopack/utils.js.map'
npm warn tar TAR_ENTRY_ERROR ENOENT: no such file or directory, open '/vercel/sandbox/backend/node_modules/@workflow/cli/node_modules/next/dist/experimental/testing/server/utils.js.map'
npm warn tar TAR_ENTRY_ERROR ENOENT: no such file or directory, open '/vercel/sandbox/backend/node_modules/@workflow/cli/node_modules/next/dist/export/utils.js.map'
npm warn tar TAR_ENTRY_ERROR ENOENT: no such file or directory, open '/vercel/sandbox/backend/node_modules/@workflow/cli/node_modules/next/dist/lib/metadata/generate/utils.js.map'
npm warn tar TAR_ENTRY_ERROR ENOENT: no such file or directory, lstat '/vercel/sandbox/backend/node_modules/@workflow/cli/node_modules/next/dist/server/lib/server-ipc'
npm warn tar TAR_ENTRY_ERROR ENOENT: no such file or directory, open '/vercel/sandbox/backend/node_modules/@workflow/cli/node_modules/next/dist/server/lib/trace/utils.js.map'
npm warn tar TAR_ENTRY_ERROR ENOENT: no such file or directory, open '/vercel/sandbox/backend/node_modules/@workflow/cli/node_modules/next/dist/server/lib/utils.js.map'
npm warn tar TAR_ENTRY_ERROR ENOENT: no such file or directory, open '/vercel/sandbox/backend/node_modules/@workflow/cli/node_modules/next/dist/server/node-environment-extensions/utils.js.map'
npm warn tar TAR_ENTRY_ERROR ENOENT: no such file or directory, open '/vercel/sandbox/backend/node_modules/@workflow/cli/node_modules/next/dist/server/request/utils.js.map'
npm warn tar TAR_ENTRY_ERROR ENOENT: no such file or directory, open '/vercel/sandbox/backend/node_modules/@workflow/cli/node_modules/next/dist/server/response-cache/utils.js.map'
npm warn tar TAR_ENTRY_ERROR ENOENT: no such file or directory, open '/vercel/sandbox/backend/node_modules/@workflow/cli/node_modules/next/dist/server/typescript/utils.js.map'
npm warn tar TAR_ENTRY_ERROR ENOENT: no such file or directory, open '/vercel/sandbox/backend/node_modules/@workflow/cli/node_modules/next/dist/shared/lib/turbopack/utils.js.map'
npm warn tar TAR_ENTRY_ERROR ENOENT: no such file or directory, open '/vercel/sandbox/backend/node_modules/@workflow/cli/node_modules/next/dist/build/webpack/loaders/resolve-url-loader/lib/value-processor.js.map'
npm warn tar TAR_ENTRY_ERROR ENOENT: no such file or directory, open '/vercel/sandbox/backend/node_modules/@workflow/cli/node_modules/next/dist/esm/build/webpack/loaders/resolve-url-loader/lib/value-processor.js.map'
npm warn tar TAR_ENTRY_ERROR ENOENT: no such file or directory, open '/vercel/sandbox/backend/node_modules/@workflow/cli/node_modules/next/dist/client/components/segment-cache/vary-path.js.map'
npm warn tar TAR_ENTRY_ERROR ENOENT: no such file or directory, open '/vercel/sandbox/backend/node_modules/@workflow/cli/node_modules/next/dist/esm/client/components/segment-cache/vary-path.js.map'
npm warn tar TAR_ENTRY_ERROR ENOENT: no such file or directory, open '/vercel/sandbox/backend/node_modules/@workflow/cli/node_modules/next/dist/esm/next-devtools/shared/version-staleness.js.map'
npm warn tar TAR_ENTRY_ERROR ENOENT: no such file or directory, open '/vercel/sandbox/backend/node_modules/@workflow/cli/node_modules/next/dist/next-devtools/shared/version-staleness.js.map'
npm warn tar TAR_ENTRY_ERROR ENOENT: no such file or directory, open '/vercel/sandbox/backend/node_modules/@workflow/cli/node_modules/next/dist/telemetry/events/version.js.map'
npm warn tar TAR_ENTRY_ERROR ENOENT: no such file or directory, open '/vercel/sandbox/backend/node_modules/@workflow/cli/node_modules/next/dist/esm/server/app-render/walk-tree-with-flight-router-state.js.map'
npm warn tar TAR_ENTRY_ERROR ENOENT: no such file or directory, open '/vercel/sandbox/backend/node_modules/@workflow/cli/node_modules/next/dist/esm/shared/lib/utils/warn-once.js.map'
npm warn tar TAR_ENTRY_ERROR ENOENT: no such file or directory, open '/vercel/sandbox/backend/node_modules/@workflow/cli/node_modules/next/dist/shared/lib/utils/warn-once.js.map'
npm warn tar TAR_ENTRY_ERROR ENOENT: no such file or directory, open '/vercel/sandbox/backend/node_modules/@workflow/cli/node_modules/next/dist/build/webpack/loaders/postcss-loader/src/Warning.js.map'
npm warn tar TAR_ENTRY_ERROR ENOENT: no such file or directory, open '/vercel/sandbox/backend/node_modules/@workflow/cli/node_modules/next/dist/esm/build/webpack/loaders/postcss-loader/src/Warning.js.map'
npm warn tar TAR_ENTRY_ERROR ENOENT: no such file or directory, open '/vercel/sandbox/backend/node_modules/@workflow/cli/node_modules/next/dist/esm/server/node-environment-extensions/web-crypto.js.map'
npm warn tar TAR_ENTRY_ERROR ENOENT: no such file or directory, open '/vercel/sandbox/backend/node_modules/@workflow/cli/node_modules/next/dist/server/node-environment-extensions/web-crypto.js.map'
npm warn tar TAR_ENTRY_ERROR ENOENT: no such file or directory, open '/vercel/sandbox/backend/node_modules/@workflow/cli/node_modules/next/dist/esm/server/web/web-on-close.js.map'
npm warn tar TAR_ENTRY_ERROR ENOENT: no such file or directory, open '/vercel/sandbox/backend/node_modules/@workflow/cli/node_modules/next/dist/client/dev/hot-reloader/app/web-socket.js.map'
npm warn tar TAR_ENTRY_ERROR ENOENT: no such file or directory, open '/vercel/sandbox/backend/node_modules/@workflow/cli/node_modules/next/dist/esm/client/dev/hot-reloader/app/web-socket.js.map'
npm warn tar TAR_ENTRY_ERROR ENOENT: no such file or directory, open '/vercel/sandbox/backend/node_modules/@workflow/cli/node_modules/next/dist/esm/server/api-utils/web.js.map'
npm warn tar TAR_ENTRY_ERROR ENOENT: no such file or directory, open '/vercel/sandbox/backend/node_modules/@workflow/cli/node_modules/next/dist/esm/server/base-http/web.js.map'
npm warn tar TAR_ENTRY_ERROR ENOENT: no such file or directory, open '/vercel/sandbox/backend/node_modules/@workflow/cli/node_modules/next/dist/esm/server/response-cache/web.js.map'
npm warn tar TAR_ENTRY_ERROR ENOENT: no such file or directory, open '/vercel/sandbox/backend/node_modules/@workflow/cli/node_modules/next/dist/server/api-utils/web.js.map'
npm warn tar TAR_ENTRY_ERROR ENOENT: no such file or directory, open '/vercel/sandbox/backend/node_modules/@workflow/cli/node_modules/next/dist/server/base-http/web.js.map'
npm warn tar TAR_ENTRY_ERROR ENOENT: no such file or directory, open '/vercel/sandbox/backend/node_modules/@workflow/cli/node_modules/next/dist/server/response-cache/web.js.map'
npm warn tar TAR_ENTRY_ERROR ENOENT: no such file or directory, open '/vercel/sandbox/backend/node_modules/@workflow/cli/node_modules/next/dist/esm/next-devtools/shared/webpack-module-path.js.map'
npm warn tar TAR_ENTRY_ERROR ENOENT: no such file or directory, open '/vercel/sandbox/backend/node_modules/@workflow/cli/node_modules/next/dist/next-devtools/shared/webpack-module-path.js.map'
npm warn tar TAR_ENTRY_ERROR ENOENT: no such file or directory, open '/vercel/sandbox/backend/node_modules/@workflow/cli/node_modules/next/dist/build/webpack/plugins/wellknown-errors-plugin/webpackModuleError.js.map'
npm warn tar TAR_ENTRY_ERROR ENOENT: no such file or directory, open '/vercel/sandbox/backend/node_modules/@workflow/cli/node_modules/next/dist/esm/build/webpack/plugins/wellknown-errors-plugin/webpackModuleError.js.map'
npm warn tar TAR_ENTRY_ERROR ENOENT: no such file or directory, open '/vercel/sandbox/backend/node_modules/@workflow/cli/node_modules/next/dist/client/dev/hot-reloader/pages/websocket.js.map'
npm warn tar TAR_ENTRY_ERROR ENOENT: no such file or directory, open '/vercel/sandbox/backend/node_modules/@workflow/cli/node_modules/next/dist/esm/client/dev/hot-reloader/pages/websocket.js.map'
npm warn tar TAR_ENTRY_ERROR ENOENT: no such file or directory, open '/vercel/sandbox/backend/node_modules/@workflow/cli/node_modules/next/dist/build/polyfills/fetch/whatwg-fetch.js.map'
npm warn tar TAR_ENTRY_ERROR ENOENT: no such file or directory, open '/vercel/sandbox/backend/node_modules/@workflow/cli/node_modules/next/dist/esm/build/polyfills/fetch/whatwg-fetch.js.map'
npm warn tar TAR_ENTRY_ERROR ENOENT: no such file or directory, open '/vercel/sandbox/backend/node_modules/@workflow/cli/node_modules/next/dist/esm/server/async-storage/with-store.js.map'
npm warn tar TAR_ENTRY_ERROR ENOENT: no such file or directory, open '/vercel/sandbox/backend/node_modules/@workflow/cli/node_modules/next/dist/server/async-storage/with-store.js.map'
npm warn tar TAR_ENTRY_ERROR ENOENT: no such file or directory, open '/vercel/sandbox/backend/node_modules/@workflow/cli/node_modules/next/dist/esm/server/app-render/work-async-storage-instance.js.map'
npm warn tar TAR_ENTRY_ERROR ENOENT: no such file or directory, open '/vercel/sandbox/backend/node_modules/@workflow/cli/node_modules/next/dist/esm/server/app-render/work-async-storage.external.js.map'
npm warn tar TAR_ENTRY_ERROR ENOENT: no such file or directory, open '/vercel/sandbox/backend/node_modules/@workflow/cli/node_modules/next/dist/esm/server/async-storage/work-store.js.map'
npm warn tar TAR_ENTRY_ERROR ENOENT: no such file or directory, open '/vercel/sandbox/backend/node_modules/@workflow/cli/node_modules/next/dist/server/async-storage/work-store.js.map'
npm warn tar TAR_ENTRY_ERROR ENOENT: no such file or directory, open '/vercel/sandbox/backend/node_modules/@workflow/cli/node_modules/next/dist/esm/server/app-render/work-unit-async-storage-instance.js.map'
npm warn tar TAR_ENTRY_ERROR ENOENT: no such file or directory, open '/vercel/sandbox/backend/node_modules/@workflow/cli/node_modules/next/dist/esm/server/app-render/work-unit-async-storage.external.js.map'
npm warn tar TAR_ENTRY_ERROR ENOENT: no such file or directory, open '/vercel/sandbox/backend/node_modules/@workflow/cli/node_modules/next/dist/server/lib/worker-utils.js.map'
npm warn tar TAR_ENTRY_ERROR ENOENT: no such file or directory, open '/vercel/sandbox/backend/node_modules/@workflow/cli/node_modules/next/dist/esm/export/worker.js.map'
npm warn tar TAR_ENTRY_ERROR ENOENT: no such file or directory, open '/vercel/sandbox/backend/node_modules/@workflow/cli/node_modules/next/dist/export/worker.js.map'
npm warn tar TAR_ENTRY_ERROR ENOENT: no such file or directory, open '/vercel/sandbox/backend/node_modules/@workflow/cli/node_modules/next/dist/esm/server/normalizers/wrap-normalizer-fn.js.map'
npm warn tar TAR_ENTRY_ERROR ENOENT: no such file or directory, open '/vercel/sandbox/backend/node_modules/@workflow/cli/node_modules/next/dist/server/normalizers/wrap-normalizer-fn.js.map'
npm warn tar TAR_ENTRY_ERROR ENOENT: no such file or directory, open '/vercel/sandbox/backend/node_modules/@workflow/cli/node_modules/next/dist/esm/lib/typescript/writeAppTypeDeclarations.js.map'
npm warn tar TAR_ENTRY_ERROR ENOENT: no such file or directory, open '/vercel/sandbox/backend/node_modules/@workflow/cli/node_modules/next/dist/lib/typescript/writeAppTypeDeclarations.js.map'
npm warn tar TAR_ENTRY_ERROR ENOENT: no such file or directory, open '/vercel/sandbox/backend/node_modules/@workflow/cli/node_modules/next/dist/esm/lib/typescript/writeConfigurationDefaults.js.map'
npm warn tar TAR_ENTRY_ERROR ENOENT: no such file or directory, open '/vercel/sandbox/backend/node_modules/@workflow/cli/node_modules/next/dist/lib/typescript/writeConfigurationDefaults.js.map'
npm warn tar TAR_ENTRY_ERROR ENOENT: no such file or directory, open '/vercel/sandbox/backend/node_modules/@workflow/cli/node_modules/next/dist/compiled/@babel/runtime/README.md'
npm warn tar TAR_ENTRY_ERROR ENOENT: no such file or directory, open '/vercel/sandbox/backend/node_modules/@workflow/cli/node_modules/next/dist/compiled/react-is/README.md'
npm warn tar TAR_ENTRY_ERROR ENOENT: no such file or directory, open '/vercel/sandbox/backend/node_modules/@workflow/cli/node_modules/next/dist/compiled/react-refresh/README.md'
npm warn tar TAR_ENTRY_ERROR ENOENT: no such file or directory, open '/vercel/sandbox/backend/node_modules/@workflow/cli/node_modules/next/dist/compiled/regenerator-runtime/README.md'
npm warn tar TAR_ENTRY_ERROR ENOENT: no such file or directory, open '/vercel/sandbox/backend/node_modules/@workflow/cli/node_modules/next/dist/pages/_app.d.ts'
npm warn tar TAR_ENTRY_ERROR ENOENT: no such file or directory, open '/vercel/sandbox/backend/node_modules/@workflow/cli/node_modules/next/dist/pages/_document.d.ts'
npm warn tar TAR_ENTRY_ERROR ENOENT: no such file or directory, open '/vercel/sandbox/backend/node_modules/@workflow/cli/node_modules/next/dist/pages/_error.d.ts'
npm warn tar TAR_ENTRY_ERROR ENOENT: no such file or directory, open '/vercel/sandbox/backend/node_modules/@workflow/cli/node_modules/next/dist/server/route-modules/pages/builtin/_error.d.ts'
npm warn tar TAR_ENTRY_ERROR ENOENT: no such file or directory, open '/vercel/sandbox/backend/node_modules/@workflow/cli/node_modules/next/dist/compiled/@edge-runtime/primitives/abort-controller.d.ts'
npm warn tar TAR_ENTRY_ERROR ENOENT: no such file or directory, open '/vercel/sandbox/backend/node_modules/@workflow/cli/node_modules/next/dist/server/normalizers/absolute-filename-normalizer.d.ts'
npm warn tar TAR_ENTRY_ERROR ENOENT: no such file or directory, open '/vercel/sandbox/backend/node_modules/@workflow/cli/node_modules/next/dist/shared/lib/page-path/absolute-path-to-page.d.ts'
npm warn tar TAR_ENTRY_ERROR ENOENT: no such file or directory, open '/vercel/sandbox/backend/node_modules/@workflow/cli/node_modules/next/dist/client/components/styles/access-error-styles.d.ts'
npm warn tar TAR_ENTRY_ERROR ENOENT: no such file or directory, open '/vercel/sandbox/backend/node_modules/@workflow/cli/node_modules/next/dist/build/webpack/loaders/next-flight-loader/action-client-wrapper.d.ts'
npm warn tar TAR_ENTRY_ERROR ENOENT: no such file or directory, open '/vercel/sandbox/backend/node_modules/@workflow/cli/node_modules/next/dist/build/webpack/loaders/next-flight-loader/action-validate.d.ts'
npm warn tar TAR_ENTRY_ERROR ENOENT: no such file or directory, open '/vercel/sandbox/backend/node_modules/@workflow/cli/node_modules/next/dist/shared/lib/router/utils/add-locale.d.ts'
npm warn tar TAR_ENTRY_ERROR ENOENT: no such file or directory, open '/vercel/sandbox/backend/node_modules/@workflow/cli/node_modules/next/dist/shared/lib/router/utils/add-path-prefix.d.ts'
npm warn tar TAR_ENTRY_ERROR ENOENT: no such file or directory, open '/vercel/sandbox/backend/node_modules/@workflow/cli/node_modules/next/dist/shared/lib/router/utils/add-path-suffix.d.ts'
npm warn tar TAR_ENTRY_ERROR ENOENT: no such file or directory, open '/vercel/sandbox/backend/node_modules/@workflow/cli/node_modules/next/dist/server/after/after-context.d.ts'
npm warn tar TAR_ENTRY_ERROR ENOENT: no such file or directory, open '/vercel/sandbox/backend/node_modules/@workflow/cli/node_modules/next/dist/server/after/after.d.ts'
npm warn tar TAR_ENTRY_ERROR ENOENT: no such file or directory, open '/vercel/sandbox/backend/node_modules/@workflow/cli/node_modules/next/dist/lib/metadata/generate/alternate.d.ts'
npm warn tar TAR_ENTRY_ERROR ENOENT: no such file or directory, open '/vercel/sandbox/backend/node_modules/@workflow/cli/node_modules/next/dist/lib/metadata/types/alternative-urls-types.d.ts'
npm warn tar TAR_ENTRY_ERROR ENOENT: no such file or directory, open '/vercel/sandbox/backend/node_modules/@workflow/cli/node_modules/next/dist/telemetry/anonymous-meta.d.ts'
npm warn tar TAR_ENTRY_ERROR ENOENT: no such file or directory, open '/vercel/sandbox/backend/node_modules/@workflow/cli/node_modules/next/dist/server/api-utils/node/api-resolver.d.ts'
npm warn tar TAR_ENTRY_ERROR ENOENT: no such file or directory, open '/vercel/sandbox/backend/node_modules/@workflow/cli/node_modules/next/dist/build/webpack/loaders/css-loader/src/runtime/api.d.ts'
npm warn tar TAR_ENTRY_ERROR ENOENT: no such file or directory, open '/vercel/sandbox/backend/node_modules/@workflow/cli/node_modules/next/dist/server/normalizers/built/app/app-bundle-path-normalizer.d.ts'
npm warn tar TAR_ENTRY_ERROR ENOENT: no such file or directory, open '/vercel/sandbox/backend/node_modules/@workflow/cli/node_modules/next/dist/next-devtools/userspace/app/app-dev-overlay-error-boundary.d.ts'
npm warn tar TAR_ENTRY_ERROR ENOENT: no such file or directory, open '/vercel/sandbox/backend/node_modules/@workflow/cli/node_modules/next/dist/next-devtools/userspace/app/app-dev-overlay-setup.d.ts'
npm warn tar TAR_ENTRY_ERROR ENOENT: no such file or directory, open '/vercel/sandbox/backend/node_modules/@workflow/cli/node_modules/next/dist/server/lib/app-dir-module.d.ts'
npm warn tar TAR_ENTRY_ERROR ENOENT: no such file or directory, open '/vercel/sandbox/backend/node_modules/@workflow/cli/node_modules/next/dist/api/app-dynamic.d.ts'
npm warn tar TAR_ENTRY_ERROR ENOENT: no such file or directory, open '/vercel/sandbox/backend/node_modules/@workflow/cli/node_modules/next/dist/client/components/builtin/app-error.d.ts'
npm warn tar TAR_ENTRY_ERROR ENOENT: no such file or directory, open '/vercel/sandbox/backend/node_modules/@workflow/cli/node_modules/next/dist/server/normalizers/built/app/app-filename-normalizer.d.ts'
npm warn tar TAR_ENTRY_ERROR ENOENT: no such file or directory, open '/vercel/sandbox/backend/node_modules/@workflow/cli/node_modules/next/dist/server/lib/app-info-log.d.ts'
npm warn tar TAR_ENTRY_ERROR ENOENT: no such file or directory, open '/vercel/sandbox/backend/node_modules/@workflow/cli/node_modules/next/dist/server/normalizers/built/app/app-page-normalizer.d.ts'
npm warn tar TAR_ENTRY_ERROR ENOENT: no such file or directory, open '/vercel/sandbox/backend/node_modules/@workflow/cli/node_modules/next/dist/server/route-definitions/app-page-route-definition.d.ts'
npm warn tar TAR_ENTRY_ERROR ENOENT: no such file or directory, open '/vercel/sandbox/backend/node_modules/@workflow/cli/node_modules/next/dist/server/route-matches/app-page-route-match.d.ts'
npm warn tar TAR_ENTRY_ERROR ENOENT: no such file or directory, open '/vercel/sandbox/backend/node_modules/@workflow/cli/node_modules/next/dist/server/route-matchers/app-page-route-matcher.d.ts'
npm warn tar TAR_ENTRY_ERROR ENOENT: no such file or directory, open '/vercel/sandbox/backend/node_modules/@workflow/cli/node_modules/next/dist/build/templates/app-page.d.ts'
npm warn tar TAR_ENTRY_ERROR ENOENT: no such file or directory, open '/vercel/sandbox/backend/node_modules/@workflow/cli/node_modules/next/dist/export/routes/app-page.d.ts'
npm warn tar TAR_ENTRY_ERROR ENOENT: no such file or directory, open '/vercel/sandbox/backend/node_modules/@workflow/cli/node_modules/next/dist/server/normalizers/built/app/app-pathname-normalizer.d.ts'
npm warn tar TAR_ENTRY_ERROR ENOENT: no such file or directory, open '/vercel/sandbox/backend/node_modules/@workflow/cli/node_modules/next/dist/shared/lib/router/utils/app-paths.d.ts'
npm warn tar TAR_ENTRY_ERROR ENOENT: no such file or directory, open '/vercel/sandbox/backend/node_modules/@workflow/cli/node_modules/next/dist/server/route-definitions/app-route-route-definition.d.ts'
npm warn tar TAR_ENTRY_ERROR ENOENT: no such file or directory, open '/vercel/sandbox/backend/node_modules/@workflow/cli/node_modules/next/dist/server/route-matches/app-route-route-match.d.ts'
npm warn tar TAR_ENTRY_ERROR ENOENT: no such file or directory, open '/vercel/sandbox/backend/node_modules/@workflow/cli/node_modules/next/dist/server/route-matchers/app-route-route-matcher.d.ts'
npm warn tar TAR_ENTRY_ERROR ENOENT: no such file or directory, open '/vercel/sandbox/backend/node_modules/@workflow/cli/node_modules/next/dist/build/templates/app-route.d.ts'
npm warn tar TAR_ENTRY_ERROR ENOENT: no such file or directory, open '/vercel/sandbox/backend/node_modules/@workflow/cli/node_modules/next/dist/export/routes/app-route.d.ts'
npm warn tar TAR_ENTRY_ERROR ENOENT: no such file or directory, open '/vercel/sandbox/backend/node_modules/@workflow/cli/node_modules/next/dist/server/route-modules/app-page/vendored/contexts/app-router-context.d.ts'
npm warn tar TAR_ENTRY_ERROR ENOENT: no such file or directory, open '/vercel/sandbox/backend/node_modules/@workflow/cli/node_modules/next/dist/server/route-modules/pages/vendored/contexts/app-router-context.d.ts'
npm warn tar TAR_ENTRY_ERROR ENOENT: no such file or directory, open '/vercel/sandbox/backend/node_modules/@workflow/cli/node_modules/next/dist/build/segment-config/app/app-segment-config.d.ts'
npm warn tar TAR_ENTRY_ERROR ENOENT: no such file or directory, open '/vercel/sandbox/backend/node_modules/@workflow/cli/node_modules/next/dist/build/segment-config/app/app-segments.d.ts'
npm warn tar TAR_ENTRY_ERROR ENOENT: no such file or directory, open '/vercel/sandbox/backend/node_modules/@workflow/cli/node_modules/next/dist/api/app.d.ts'
npm warn tar TAR_ENTRY_ERROR ENOENT: no such file or directory, open '/vercel/sandbox/backend/node_modules/@workflow/cli/node_modules/next/dist/build/static-paths/app.d.ts'
npm warn tar TAR_ENTRY_ERROR ENOENT: no such file or directory, open '/vercel/sandbox/backend/node_modules/@workflow/cli/node_modules/next/dist/shared/lib/router/utils/as-path-to-search-params.d.ts'
npm warn tar TAR_ENTRY_ERROR ENOENT: no such file or directory, open '/vercel/sandbox/backend/node_modules/@workflow/cli/node_modules/next/dist/server/lib/async-callback-set.d.ts'
npm warn tar TAR_ENTRY_ERROR ENOENT: no such file or directory, open '/vercel/sandbox/backend/node_modules/@workflow/cli/node_modules/next/dist/server/route-modules/app-route/helpers/auto-implement-methods.d.ts'
npm warn tar TAR_ENTRY_ERROR ENOENT: no such file or directory, open '/vercel/sandbox/backend/node_modules/@workflow/cli/node_modules/next/dist/build/polyfills/object.assign/auto.d.ts'
npm warn tar TAR_ENTRY_ERROR ENOENT: no such file or directory, open '/vercel/sandbox/backend/node_modules/@workflow/cli/node_modules/next/dist/server/after/awaiter.d.ts'
npm warn tar TAR_ENTRY_ERROR ENOENT: no such file or directory, open '/vercel/sandbox/backend/node_modules/@workflow/cli/node_modules/next/dist/shared/lib/lazy-dynamic/bailout-to-csr.d.ts'
npm warn tar TAR_ENTRY_ERROR ENOENT: no such file or directory, open '/vercel/sandbox/backend/node_modules/@workflow/cli/node_modules/next/dist/server/normalizers/request/base-path.d.ts'
npm warn tar TAR_ENTRY_ERROR ENOENT: no such file or directory, open '/vercel/sandbox/backend/node_modules/@workflow/cli/node_modules/next/dist/build/webpack/config/blocks/base.d.ts'
npm warn tar TAR_ENTRY_ERROR ENOENT: no such file or directory, open '/vercel/sandbox/backend/node_modules/@workflow/cli/node_modules/next/dist/lib/metadata/generate/basic.d.ts'
npm warn tar TAR_ENTRY_ERROR ENOENT: no such file or directory, open '/vercel/sandbox/backend/node_modules/@workflow/cli/node_modules/next/dist/server/route-matcher-providers/dev/helpers/file-reader/batched-file-reader.d.ts'
npm warn tar TAR_ENTRY_ERROR ENOENT: no such file or directory, open '/vercel/sandbox/backend/node_modules/@workflow/cli/node_modules/next/dist/server/lib/router-utils/block-cross-site.d.ts'
npm warn tar TAR_ENTRY_ERROR ENOENT: no such file or directory, open '/vercel/sandbox/backend/node_modules/@workflow/cli/node_modules/next/dist/build/webpack/loaders/next-image-loader/blur.d.ts'
npm warn tar TAR_ENTRY_ERROR ENOENT: no such file or directory, lstat '/vercel/sandbox/backend/node_modules/@workflow/cli/node_modules/next/dist/next-devtools/dev-overlay'
npm warn tar TAR_ENTRY_ERROR ENOENT: no such file or directory, lstat '/vercel/sandbox/backend/node_modules/@workflow/cli/node_modules/next/dist/next-devtools/dev-overlay'
npm warn tar TAR_ENTRY_ERROR ENOENT: no such file or directory, open '/vercel/sandbox/backend/node_modules/@workflow/cli/node_modules/next/dist/lib/framework/boundary-components.d.ts'
npm warn tar TAR_ENTRY_ERROR ENOENT: no such file or directory, open '/vercel/sandbox/backend/node_modules/@workflow/cli/node_modules/next/dist/lib/framework/boundary-constants.d.ts'
npm warn tar TAR_ENTRY_ERROR ENOENT: no such file or directory, open '/vercel/sandbox/backend/node_modules/@workflow/cli/node_modules/next/dist/server/mcp/tools/utils/browser-communication.d.ts'
npm warn tar TAR_ENTRY_ERROR ENOENT: no such file or directory, open '/vercel/sandbox/backend/node_modules/@workflow/cli/node_modules/next/dist/build/adapter/build-complete.d.ts'
npm warn tar TAR_ENTRY_ERROR ENOENT: no such file or directory, open '/vercel/sandbox/backend/node_modules/@workflow/cli/node_modules/next/dist/server/lib/router-utils/build-data-route.d.ts'
npm warn tar TAR_ENTRY_ERROR ENOENT: no such file or directory, open '/vercel/sandbox/backend/node_modules/@workflow/cli/node_modules/next/dist/diagnostics/build-diagnostics.d.ts'
npm warn tar TAR_ENTRY_ERROR ENOENT: no such file or directory, lstat '/vercel/sandbox/backend/node_modules/@workflow/cli/node_modules/next/dist/next-devtools/dev-overlay'
npm warn tar TAR_ENTRY_ERROR ENOENT: no such file or directory, open '/vercel/sandbox/backend/node_modules/@workflow/cli/node_modules/next/dist/server/lib/router-utils/build-prefetch-segment-data-route.d.ts'
npm warn tar TAR_ENTRY_ERROR ENOENT: no such file or directory, open '/vercel/sandbox/backend/node_modules/@workflow/cli/node_modules/next/dist/telemetry/events/build.d.ts'
npm warn tar TAR_ENTRY_ERROR ENOENT: no such file or directory, open '/vercel/sandbox/backend/node_modules/@workflow/cli/node_modules/next/dist/server/after/builtin-request-context.d.ts'
npm warn tar TAR_ENTRY_ERROR ENOENT: no such file or directory, open '/vercel/sandbox/backend/node_modules/@workflow/cli/node_modules/next/dist/shared/lib/router/utils/cache-busting-search-param.d.ts'
npm warn tar TAR_ENTRY_ERROR ENOENT: no such file or directory, open '/vercel/sandbox/backend/node_modules/@workflow/cli/node_modules/next/dist/server/lib/cache-control.d.ts'
npm warn tar TAR_ENTRY_ERROR ENOENT: no such file or directory, lstat '/vercel/sandbox/backend/node_modules/@workflow/cli/node_modules/next/dist/next-devtools/dev-overlay'
npm warn tar TAR_ENTRY_ERROR ENOENT: no such file or directory, open '/vercel/sandbox/backend/node_modules/@workflow/cli/node_modules/next/dist/client/components/segment-cache/cache-key.d.ts'
npm warn tar TAR_ENTRY_ERROR ENOENT: no such file or directory, open '/vercel/sandbox/backend/node_modules/@workflow/cli/node_modules/next/dist/server/lib/router-utils/cache-life-type-utils.d.ts'
npm warn tar TAR_ENTRY_ERROR ENOENT: no such file or directory, open '/vercel/sandbox/backend/node_modules/@workflow/cli/node_modules/next/dist/server/use-cache/cache-life.d.ts'
npm warn tar TAR_ENTRY_ERROR ENOENT: no such file or directory, open '/vercel/sandbox/backend/node_modules/@workflow/cli/node_modules/next/dist/client/components/segment-cache/cache-map.d.ts'
npm warn tar TAR_ENTRY_ERROR ENOENT: no such file or directory, open '/vercel/sandbox/backend/node_modules/@workflow/cli/node_modules/next/dist/server/resume-data-cache/cache-store.d.ts'
npm warn tar TAR_ENTRY_ERROR ENOENT: no such file or directory, open '/vercel/sandbox/backend/node_modules/@workflow/cli/node_modules/next/dist/server/use-cache/cache-tag.d.ts'
npm warn tar TAR_ENTRY_ERROR ENOENT: no such file or directory, open '/vercel/sandbox/backend/node_modules/@workflow/cli/node_modules/next/dist/build/webpack/loaders/next-flight-loader/cache-wrapper.d.ts'
npm warn tar TAR_ENTRY_ERROR ENOENT: no such file or directory, open '/vercel/sandbox/backend/node_modules/@workflow/cli/node_modules/next/dist/client/components/segment-cache/cache.d.ts'
npm warn tar TAR_ENTRY_ERROR ENOENT: no such file or directory, open '/vercel/sandbox/backend/node_modules/@workflow/cli/node_modules/next/dist/server/route-matcher-providers/helpers/cached-route-matcher-provider.d.ts'
npm warn tar TAR_ENTRY_ERROR ENOENT: no such file or directory, lstat '/vercel/sandbox/backend/node_modules/@workflow/cli/node_modules/next/dist/next-devtools/dev-overlay'
npm warn tar TAR_ENTRY_ERROR ENOENT: no such file or directory, lstat '/vercel/sandbox/backend/node_modules/@workflow/cli/node_modules/next/dist/next-devtools/dev-overlay'
npm warn tar TAR_ENTRY_ERROR ENOENT: no such file or directory, open '/vercel/sandbox/backend/node_modules/@workflow/cli/node_modules/next/dist/build/webpack/loaders/css-loader/src/camelcase.d.ts'
npm warn tar TAR_ENTRY_ERROR ENOENT: no such file or directory, open '/vercel/sandbox/backend/node_modules/@workflow/cli/node_modules/next/dist/shared/lib/errors/canary-only-config-error.d.ts'
npm warn tar TAR_ENTRY_ERROR ENOENT: no such file or directory, lstat '/vercel/sandbox/backend/node_modules/@workflow/cli/node_modules/next/dist/next-devtools/dev-overlay'
npm warn tar TAR_ENTRY_ERROR ENOENT: no such file or directory, open '/vercel/sandbox/backend/node_modules/@workflow/cli/node_modules/next/dist/server/lib/chrome-devtools-workspace.d.ts'
npm warn tar TAR_ENTRY_ERROR ENOENT: no such file or directory, open '/vercel/sandbox/backend/node_modules/@workflow/cli/node_modules/next/dist/server/route-modules/app-route/helpers/clean-url.d.ts'
npm warn tar TAR_ENTRY_ERROR ENOENT: no such file or directory, open '/vercel/sandbox/backend/node_modules/@workflow/cli/node_modules/next/dist/server/typescript/rules/client-boundary.d.ts'
npm warn tar TAR_ENTRY_ERROR ENOENT: no such file or directory, open '/vercel/sandbox/backend/node_modules/@workflow/cli/node_modules/next/dist/next-devtools/userspace/app/client-entry.d.ts'
npm warn tar TAR_ENTRY_ERROR ENOENT: no such file or directory, open '/vercel/sandbox/backend/node_modules/@workflow/cli/node_modules/next/dist/build/webpack/config/blocks/css/loaders/client.d.ts'
npm warn tar TAR_ENTRY_ERROR ENOENT: no such file or directory, open '/vercel/sandbox/backend/node_modules/@workflow/cli/node_modules/next/dist/server/lib/clone-response.d.ts'
npm warn tar TAR_ENTRY_ERROR ENOENT: no such file or directory, lstat '/vercel/sandbox/backend/node_modules/@workflow/cli/node_modules/next/dist/next-devtools/dev-overlay'
npm warn tar TAR_ENTRY_ERROR ENOENT: no such file or directory, open '/vercel/sandbox/backend/node_modules/@workflow/cli/node_modules/next/dist/build/webpack/loaders/lightningcss-loader/src/codegen.d.ts'
npm warn tar TAR_ENTRY_ERROR ENOENT: no such file or directory, lstat '/vercel/sandbox/backend/node_modules/@workflow/cli/node_modules/next/dist/next-devtools/dev-overlay'
npm warn tar TAR_ENTRY_ERROR ENOENT: no such file or directory, open '/vercel/sandbox/backend/node_modules/@workflow/cli/node_modules/next/dist/build/segment-config/app/collect-root-param-keys.d.ts'
npm warn tar TAR_ENTRY_ERROR ENOENT: no such file or directory, open '/vercel/sandbox/backend/node_modules/@workflow/cli/node_modules/next/dist/build/babel/plugins/commonjs.d.ts'
npm warn tar TAR_ENTRY_ERROR ENOENT: no such file or directory, open '/vercel/sandbox/backend/node_modules/@workflow/cli/node_modules/next/dist/shared/lib/router/utils/compare-states.d.ts'
npm warn tar TAR_ENTRY_ERROR ENOENT: no such file or directory, open '/vercel/sandbox/backend/node_modules/@workflow/cli/node_modules/next/dist/shared/lib/turbopack/compilation-events.d.ts'
npm warn tar TAR_ENTRY_ERROR ENOENT: no such file or directory, lstat '/vercel/sandbox/backend/node_modules/@workflow/cli/node_modules/next/dist/next-devtools/dev-overlay'
npm warn tar TAR_ENTRY_ERROR ENOENT: no such file or directory, lstat '/vercel/sandbox/backend/node_modules/@workflow/cli/node_modules/next/dist/next-devtools/dev-overlay'
npm warn tar TAR_ENTRY_ERROR ENOENT: no such file or directory, open '/vercel/sandbox/backend/node_modules/@workflow/cli/node_modules/next/dist/experimental/testing/server/config-testing-utils.d.ts'
npm warn tar TAR_ENTRY_ERROR ENOENT: no such file or directory, open '/vercel/sandbox/backend/node_modules/@workflow/cli/node_modules/next/dist/server/typescript/rules/config.d.ts'
npm warn tar TAR_ENTRY_ERROR ENOENT: no such file or directory, open '/vercel/sandbox/backend/node_modules/@workflow/cli/node_modules/next/dist/server/request/connection.d.ts'
npm warn tar TAR_ENTRY_ERROR ENOENT: no such file or directory, open '/vercel/sandbox/backend/node_modules/@workflow/cli/node_modules/next/dist/server/node-environment-extensions/console-dim.external.d.ts'
npm warn tar TAR_ENTRY_ERROR ENOENT: no such file or directory, open '/vercel/sandbox/backend/node_modules/@workflow/cli/node_modules/next/dist/next-devtools/shared/console-error.d.ts'
npm warn tar TAR_ENTRY_ERROR ENOENT: no such file or directory, open '/vercel/sandbox/backend/node_modules/@workflow/cli/node_modules/next/dist/server/node-environment-extensions/console-exit.d.ts'
npm warn tar TAR_ENTRY_ERROR ENOENT: no such file or directory, open '/vercel/sandbox/backend/node_modules/@workflow/cli/node_modules/next/dist/server/node-environment-extensions/console-file.d.ts'
npm warn tar TAR_ENTRY_ERROR ENOENT: no such file or directory, open '/vercel/sandbox/backend/node_modules/@workflow/cli/node_modules/next/dist/client/lib/console.d.ts'
npm warn tar TAR_ENTRY_ERROR ENOENT: no such file or directory, open '/vercel/sandbox/backend/node_modules/@workflow/cli/node_modules/next/dist/compiled/@edge-runtime/primitives/console.d.ts'
npm warn tar TAR_ENTRY_ERROR ENOENT: no such file or directory, open '/vercel/sandbox/backend/node_modules/@workflow/cli/node_modules/next/dist/server/typescript/constant.d.ts'
npm warn tar TAR_ENTRY_ERROR ENOENT: no such file or directory, open '/vercel/sandbox/backend/node_modules/@workflow/cli/node_modules/next/dist/api/constants.d.ts'
npm warn tar TAR_ENTRY_ERROR ENOENT: no such file or directory, open '/vercel/sandbox/backend/node_modules/@workflow/cli/node_modules/next/dist/compiled/@next/font/dist/constants.d.ts'
npm warn tar TAR_ENTRY_ERROR ENOENT: no such file or directory, open '/vercel/sandbox/backend/node_modules/@workflow/cli/node_modules/next/dist/lib/metadata/constants.d.ts'
npm warn tar TAR_ENTRY_ERROR ENOENT: no such file or directory, open '/vercel/sandbox/backend/node_modules/@workflow/cli/node_modules/next/dist/server/lib/trace/constants.d.ts'
npm warn tar TAR_ENTRY_ERROR ENOENT: no such file or directory, open '/vercel/sandbox/backend/node_modules/@workflow/cli/node_modules/next/dist/server/use-cache/constants.d.ts'
npm warn tar TAR_ENTRY_ERROR ENOENT: no such file or directory, open '/vercel/sandbox/backend/node_modules/@workflow/cli/node_modules/next/dist/shared/lib/errors/constants.d.ts'
npm warn tar TAR_ENTRY_ERROR ENOENT: no such file or directory, open '/vercel/sandbox/backend/node_modules/@workflow/cli/node_modules/next/dist/experimental/testmode/context.d.ts'
npm warn tar TAR_ENTRY_ERROR ENOENT: no such file or directory, lstat '/vercel/sandbox/backend/node_modules/@workflow/cli/node_modules/next/dist/next-devtools/dev-overlay'
npm warn tar TAR_ENTRY_ERROR ENOENT: no such file or directory, open '/vercel/sandbox/backend/node_modules/@workflow/cli/node_modules/next/dist/server/web/sandbox/context.d.ts'
npm warn tar TAR_ENTRY_ERROR ENOENT: no such file or directory, open '/vercel/sandbox/backend/node_modules/@workflow/cli/node_modules/next/dist/server/request/cookies.d.ts'
npm warn tar TAR_ENTRY_ERROR ENOENT: no such file or directory, lstat '/vercel/sandbox/backend/node_modules/@workflow/cli/node_modules/next/dist/next-devtools/dev-overlay'
npm warn tar TAR_ENTRY_ERROR ENOENT: no such file or directory, open '/vercel/sandbox/backend/node_modules/@workflow/cli/node_modules/next/dist/server/lib/cpu-profile.d.ts'
npm warn tar TAR_ENTRY_ERROR ENOENT: no such file or directory, open '/vercel/sandbox/backend/node_modules/@workflow/cli/node_modules/next/dist/build/webpack/loaders/next-app-loader/create-app-route-code.d.ts'
npm warn tar TAR_ENTRY_ERROR ENOENT: no such file or directory, open '/vercel/sandbox/backend/node_modules/@workflow/cli/node_modules/next/dist/server/lib/experimental/create-env-definitions.d.ts'
npm warn tar TAR_ENTRY_ERROR ENOENT: no such file or directory, open '/vercel/sandbox/backend/node_modules/@workflow/cli/node_modules/next/dist/export/helpers/create-incremental-cache.d.ts'
npm warn tar TAR_ENTRY_ERROR ENOENT: no such file or directory, open '/vercel/sandbox/backend/node_modules/@workflow/cli/node_modules/next/dist/server/app-render/metadata-insertion/create-server-inserted-metadata.d.ts'
npm warn tar TAR_ENTRY_ERROR ENOENT: no such file or directory, lstat '/vercel/sandbox/backend/node_modules/@workflow/cli/node_modules/next/dist/next-devtools/dev-overlay'
npm warn tar TAR_ENTRY_ERROR ENOENT: no such file or directory, open '/vercel/sandbox/backend/node_modules/@workflow/cli/node_modules/next/dist/compiled/@edge-runtime/primitives/crypto.d.ts'
npm warn tar TAR_ENTRY_ERROR ENOENT: no such file or directory, lstat '/vercel/sandbox/backend/node_modules/@workflow/cli/node_modules/next/dist/next-devtools/dev-overlay'
npm warn tar TAR_ENTRY_ERROR ENOENT: no such file or directory, open '/vercel/sandbox/backend/node_modules/@workflow/cli/node_modules/next/dist/build/webpack/loaders/css-loader/src/CssSyntaxError.d.ts'
npm warn tar TAR_ENTRY_ERROR ENOENT: no such file or directory, lstat '/vercel/sandbox/backend/node_modules/@workflow/cli/node_modules/next/dist/next-devtools/dev-overlay'
npm warn tar TAR_ENTRY_ERROR ENOENT: no such file or directory, lstat '/vercel/sandbox/backend/node_modules/@workflow/cli/node_modules/next/dist/next-devtools/dev-overlay'
npm warn tar TAR_ENTRY_ERROR ENOENT: no such file or directory, open '/vercel/sandbox/backend/node_modules/@workflow/cli/node_modules/next/dist/server/node-environment-extensions/date.d.ts'
npm warn tar TAR_ENTRY_ERROR ENOENT: no such file or directory, open '/vercel/sandbox/backend/node_modules/@workflow/cli/node_modules/next/dist/server/dev/debug-channel.d.ts'
npm warn tar TAR_ENTRY_ERROR ENOENT: no such file or directory, open '/vercel/sandbox/backend/node_modules/@workflow/cli/node_modules/next/dist/server/lib/router-utils/decode-path-params.d.ts'
npm warn tar TAR_ENTRY_ERROR ENOENT: no such file or directory, open '/vercel/sandbox/backend/node_modules/@workflow/cli/node_modules/next/dist/server/lib/decode-query-path-parameter.d.ts'
npm warn tar TAR_ENTRY_ERROR ENOENT: no such file or directory, open '/vercel/sandbox/backend/node_modules/@workflow/cli/node_modules/next/dist/server/lib/dedupe-fetch.d.ts'
npm warn tar TAR_ENTRY_ERROR ENOENT: no such file or directory, open '/vercel/sandbox/backend/node_modules/@workflow/cli/node_modules/next/dist/next-devtools/shared/deepmerge.d.ts'
npm warn tar TAR_ENTRY_ERROR ENOENT: no such file or directory, open '/vercel/sandbox/backend/node_modules/@workflow/cli/node_modules/next/dist/experimental/testmode/playwright/default-config.d.ts'
npm warn tar TAR_ENTRY_ERROR ENOENT: no such file or directory, open '/vercel/sandbox/backend/node_modules/@workflow/cli/node_modules/next/dist/server/route-matcher-providers/dev/helpers/file-reader/default-file-reader.d.ts'
npm warn tar TAR_ENTRY_ERROR ENOENT: no such file or directory, open '/vercel/sandbox/backend/node_modules/@workflow/cli/node_modules/next/dist/lib/metadata/default-metadata.d.ts'
npm warn tar TAR_ENTRY_ERROR ENOENT: no such file or directory, open '/vercel/sandbox/backend/node_modules/@workflow/cli/node_modules/next/dist/server/route-matcher-managers/default-route-matcher-manager.d.ts'
npm warn tar TAR_ENTRY_ERROR ENOENT: no such file or directory, open '/vercel/sandbox/backend/node_modules/@workflow/cli/node_modules/next/dist/client/components/builtin/default.d.ts'
npm warn tar TAR_ENTRY_ERROR ENOENT: no such file or directory, open '/vercel/sandbox/backend/node_modules/@workflow/cli/node_modules/next/dist/server/lib/cache-handlers/default.d.ts'
npm warn tar TAR_ENTRY_ERROR ENOENT: no such file or directory, open '/vercel/sandbox/backend/node_modules/@workflow/cli/node_modules/next/dist/server/lib/cache-handlers/default.external.d.ts'
npm warn tar TAR_ENTRY_ERROR ENOENT: no such file or directory, open '/vercel/sandbox/backend/node_modules/@workflow/cli/node_modules/next/dist/shared/lib/page-path/denormalize-app-path.d.ts'
npm warn tar TAR_ENTRY_ERROR ENOENT: no such file or directory, open '/vercel/sandbox/backend/node_modules/@workflow/cli/node_modules/next/dist/shared/lib/page-path/denormalize-page-path.d.ts'
npm warn tar TAR_ENTRY_ERROR ENOENT: no such file or directory, open '/vercel/sandbox/backend/node_modules/@workflow/cli/node_modules/next/dist/telemetry/detached-flush.d.ts'
npm warn tar TAR_ENTRY_ERROR ENOENT: no such file or directory, open '/vercel/sandbox/backend/node_modules/@workflow/cli/node_modules/next/dist/shared/lib/i18n/detect-domain-locale.d.ts'
npm warn tar TAR_ENTRY_ERROR ENOENT: no such file or directory, open '/vercel/sandbox/backend/node_modules/@workflow/cli/node_modules/next/dist/server/route-matcher-providers/dev/dev-app-page-route-matcher-provider.d.ts'
npm warn tar TAR_ENTRY_ERROR ENOENT: no such file or directory, open '/vercel/sandbox/backend/node_modules/@workflow/cli/node_modules/next/dist/server/route-matcher-providers/dev/dev-app-route-route-matcher-provider.d.ts'
npm warn tar TAR_ENTRY_ERROR ENOENT: no such file or directory, open '/vercel/sandbox/backend/node_modules/@workflow/cli/node_modules/next/dist/server/lib/dev-bundler-service.d.ts'
npm warn tar TAR_ENTRY_ERROR ENOENT: no such file or directory, open '/vercel/sandbox/backend/node_modules/@workflow/cli/node_modules/next/dist/next-devtools/server/dev-indicator-middleware.d.ts'
npm warn tar TAR_ENTRY_ERROR ENOENT: no such file or directory, open '/vercel/sandbox/backend/node_modules/@workflow/cli/node_modules/next/dist/server/dev/dev-indicator-server-state.d.ts'
npm warn tar TAR_ENTRY_ERROR ENOENT: no such file or directory, lstat '/vercel/sandbox/backend/node_modules/@workflow/cli/node_modules/next/dist/next-devtools/dev-overlay'
npm warn tar TAR_ENTRY_ERROR ENOENT: no such file or directory, open '/vercel/sandbox/backend/node_modules/@workflow/cli/node_modules/next/dist/next-devtools/dev-overlay.browser.d.ts'
npm warn tar TAR_ENTRY_ERROR ENOENT: no such file or directory, lstat '/vercel/sandbox/backend/node_modules/@workflow/cli/node_modules/next/dist/next-devtools/dev-overlay'
npm warn tar TAR_ENTRY_ERROR ENOENT: no such file or directory, open '/vercel/sandbox/backend/node_modules/@workflow/cli/node_modules/next/dist/next-devtools/dev-overlay.shim.d.ts'
npm warn tar TAR_ENTRY_ERROR ENOENT: no such file or directory, open '/vercel/sandbox/backend/node_modules/@workflow/cli/node_modules/next/dist/server/route-matcher-providers/dev/dev-pages-api-route-matcher-provider.d.ts'
npm warn tar TAR_ENTRY_ERROR ENOENT: no such file or directory, open '/vercel/sandbox/backend/node_modules/@workflow/cli/node_modules/next/dist/server/route-matcher-providers/dev/dev-pages-route-matcher-provider.d.ts'
npm warn tar TAR_ENTRY_ERROR ENOENT: no such file or directory, open '/vercel/sandbox/backend/node_modules/@workflow/cli/node_modules/next/dist/server/route-matcher-managers/dev-route-matcher-manager.d.ts'
npm warn tar TAR_ENTRY_ERROR ENOENT: no such file or directory, lstat '/vercel/sandbox/backend/node_modules/@workflow/cli/node_modules/next/dist/next-devtools/dev-overlay'
npm warn tar TAR_ENTRY_ERROR ENOENT: no such file or directory, open '/vercel/sandbox/backend/node_modules/@workflow/cli/node_modules/next/dist/next-devtools/server/devtools-config-middleware.d.ts'
npm warn tar TAR_ENTRY_ERROR ENOENT: no such file or directory, open '/vercel/sandbox/backend/node_modules/@workflow/cli/node_modules/next/dist/next-devtools/shared/devtools-config-schema.d.ts'
npm warn tar TAR_ENTRY_ERROR ENOENT: no such file or directory, lstat '/vercel/sandbox/backend/node_modules/@workflow/cli/node_modules/next/dist/next-devtools/dev-overlay'
npm warn tar TAR_ENTRY_ERROR ENOENT: no such file or directory, open '/vercel/sandbox/backend/node_modules/@workflow/cli/node_modules/next/dist/lib/typescript/diagnosticFormatter.d.ts'
npm warn tar TAR_ENTRY_ERROR ENOENT: no such file or directory, lstat '/vercel/sandbox/backend/node_modules/@workflow/cli/node_modules/next/dist/next-devtools/dev-overlay'
npm warn tar TAR_ENTRY_ERROR ENOENT: no such file or directory, lstat '/vercel/sandbox/backend/node_modules/@workflow/cli/node_modules/next/dist/next-devtools/dev-overlay'
npm warn tar TAR_ENTRY_ERROR ENOENT: no such file or directory, lstat '/vercel/sandbox/backend/node_modules/@workflow/cli/node_modules/next/dist/next-devtools/dev-overlay'
npm warn tar TAR_ENTRY_ERROR ENOENT: no such file or directory, lstat '/vercel/sandbox/backend/node_modules/@workflow/cli/node_modules/next/dist/next-devtools/dev-overlay'
npm warn tar TAR_ENTRY_ERROR ENOENT: no such file or directory, lstat '/vercel/sandbox/backend/node_modules/@workflow/cli/node_modules/next/dist/next-devtools/dev-overlay'
npm warn tar TAR_ENTRY_ERROR ENOENT: no such file or directory, lstat '/vercel/sandbox/backend/node_modules/@workflow/cli/node_modules/next/dist/next-devtools/dev-overlay'
npm warn tar TAR_ENTRY_ERROR ENOENT: no such file or directory, open '/vercel/sandbox/backend/node_modules/@workflow/cli/node_modules/next/dist/shared/lib/router/utils/disable-smooth-scroll.d.ts'
npm warn tar TAR_ENTRY_ERROR ENOENT: no such file or directory, open '/vercel/sandbox/backend/node_modules/@workflow/cli/node_modules/next/dist/build/webpack/loaders/metadata/discover.d.ts'
npm warn tar TAR_ENTRY_ERROR ENOENT: no such file or directory, lstat '/vercel/sandbox/backend/node_modules/@workflow/cli/node_modules/next/dist/next-devtools/dev-overlay'
npm warn tar TAR_ENTRY_ERROR ENOENT: no such file or directory, open '/vercel/sandbox/backend/node_modules/@workflow/cli/node_modules/next/dist/api/document.d.ts'
npm warn tar TAR_ENTRY_ERROR ENOENT: no such file or directory, open '/vercel/sandbox/backend/node_modules/@workflow/cli/node_modules/next/dist/server/async-storage/draft-mode-provider.d.ts'
npm warn tar TAR_ENTRY_ERROR ENOENT: no such file or directory, open '/vercel/sandbox/backend/node_modules/@workflow/cli/node_modules/next/dist/server/request/draft-mode.d.ts'
npm warn tar TAR_ENTRY_ERROR ENOENT: no such file or directory, lstat '/vercel/sandbox/backend/node_modules/@workflow/cli/node_modules/next/dist/next-devtools/dev-overlay'
npm warn tar TAR_ENTRY_ERROR ENOENT: no such file or directory, lstat '/vercel/sandbox/backend/node_modules/@workflow/cli/node_modules/next/dist/next-devtools/dev-overlay'
npm warn tar TAR_ENTRY_ERROR ENOENT: no such file or directory, open '/vercel/sandbox/backend/node_modules/@workflow/cli/node_modules/next/dist/shared/lib/lazy-dynamic/dynamic-bailout-to-csr.d.ts'
npm warn tar TAR_ENTRY_ERROR ENOENT: no such file or directory, lstat '/vercel/sandbox/backend/node_modules/@workflow/cli/node_modules/next/dist/next-devtools/dev-overlay'
npm warn tar TAR_ENTRY_ERROR ENOENT: no such file or directory, open '/vercel/sandbox/backend/node_modules/@workflow/cli/node_modules/next/dist/api/dynamic.d.ts'
npm warn tar TAR_ENTRY_ERROR ENOENT: no such file or directory, lstat '/vercel/sandbox/backend/node_modules/@workflow/cli/node_modules/next/dist/next-devtools/dev-overlay'
npm warn tar TAR_ENTRY_ERROR ENOENT: no such file or directory, open '/vercel/sandbox/backend/node_modules/@workflow/cli/node_modules/next/dist/build/templates/edge-app-route.d.ts'
npm warn tar TAR_ENTRY_ERROR ENOENT: no such file or directory, open '/vercel/sandbox/backend/node_modules/@workflow/cli/node_modules/next/dist/build/templates/edge-ssr-app.d.ts'
npm warn tar TAR_ENTRY_ERROR ENOENT: no such file or directory, open '/vercel/sandbox/backend/node_modules/@workflow/cli/node_modules/next/dist/build/templates/edge-ssr.d.ts'
npm warn tar TAR_ENTRY_ERROR ENOENT: no such file or directory, lstat '/vercel/sandbox/backend/node_modules/@workflow/cli/node_modules/next/dist/next-devtools/dev-overlay'
npm warn tar TAR_ENTRY_ERROR ENOENT: no such file or directory, open '/vercel/sandbox/backend/node_modules/@workflow/cli/node_modules/next/dist/shared/lib/errors/empty-generate-static-params-error.d.ts'
npm warn tar TAR_ENTRY_ERROR ENOENT: no such file or directory, open '/vercel/sandbox/backend/node_modules/@workflow/cli/node_modules/next/dist/build/webpack/loaders/empty-loader.d.ts'
npm warn tar TAR_ENTRY_ERROR ENOENT: no such file or directory, open '/vercel/sandbox/backend/node_modules/@workflow/cli/node_modules/next/dist/client/components/builtin/empty-stub.d.ts'
npm warn tar TAR_ENTRY_ERROR ENOENT: no such file or directory, open '/vercel/sandbox/backend/node_modules/@workflow/cli/node_modules/next/dist/build/jest/__mocks__/empty.d.ts'
npm warn tar TAR_ENTRY_ERROR ENOENT: no such file or directory, open '/vercel/sandbox/backend/node_modules/@workflow/cli/node_modules/next/dist/server/stream-utils/encoded-tags.d.ts'
npm warn tar TAR_ENTRY_ERROR ENOENT: no such file or directory, open '/vercel/sandbox/backend/node_modules/@workflow/cli/node_modules/next/dist/shared/lib/page-path/ensure-leading-slash.d.ts'
npm warn tar TAR_ENTRY_ERROR ENOENT: no such file or directory, open '/vercel/sandbox/backend/node_modules/@workflow/cli/node_modules/next/dist/shared/lib/turbopack/entry-key.d.ts'
npm warn tar TAR_ENTRY_ERROR ENOENT: no such file or directory, open '/vercel/sandbox/backend/node_modules/@workflow/cli/node_modules/next/dist/server/typescript/rules/entry.d.ts'
npm warn tar TAR_ENTRY_ERROR ENOENT: no such file or directory, open '/vercel/sandbox/backend/node_modules/@workflow/cli/node_modules/next/dist/next-devtools/entrypoint.d.ts'
npm warn tar TAR_ENTRY_ERROR ENOENT: no such file or directory, open '/vercel/sandbox/backend/node_modules/@workflow/cli/node_modules/next/dist/server/route-modules/app-page/vendored/contexts/entrypoints.d.ts'
npm warn tar TAR_ENTRY_ERROR ENOENT: no such file or directory, open '/vercel/sandbox/backend/node_modules/@workflow/cli/node_modules/next/dist/server/route-modules/app-page/vendored/rsc/entrypoints.d.ts'
npm warn tar TAR_ENTRY_ERROR ENOENT: no such file or directory, open '/vercel/sandbox/backend/node_modules/@workflow/cli/node_modules/next/dist/server/route-modules/app-page/vendored/ssr/entrypoints.d.ts'
npm warn tar TAR_ENTRY_ERROR ENOENT: no such file or directory, open '/vercel/sandbox/backend/node_modules/@workflow/cli/node_modules/next/dist/server/route-modules/pages/vendored/contexts/entrypoints.d.ts'
npm warn tar TAR_ENTRY_ERROR ENOENT: no such file or directory, open '/vercel/sandbox/backend/node_modules/@workflow/cli/node_modules/next/dist/build/turborepo-access-trace/env.d.ts'
npm warn tar TAR_ENTRY_ERROR ENOENT: no such file or directory, lstat '/vercel/sandbox/backend/node_modules/@workflow/cli/node_modules/next/dist/next-devtools/dev-overlay'
npm warn tar TAR_ENTRY_ERROR ENOENT: no such file or directory, open '/vercel/sandbox/backend/node_modules/@workflow/cli/node_modules/next/dist/client/react-client-callbacks/error-boundary-callbacks.d.ts'
npm warn tar TAR_ENTRY_ERROR ENOENT: no such file or directory, open '/vercel/sandbox/backend/node_modules/@workflow/cli/node_modules/next/dist/client/components/http-access-fallback/error-boundary.d.ts'
npm warn tar TAR_ENTRY_ERROR ENOENT: no such file or directory, open '/vercel/sandbox/backend/node_modules/@workflow/cli/node_modules/next/dist/client/components/http-access-fallback/error-fallback.d.ts'
npm warn tar TAR_ENTRY_ERROR ENOENT: no such file or directory, lstat '/vercel/sandbox/backend/node_modules/@workflow/cli/node_modules/next/dist/next-devtools/dev-overlay'
npm warn tar TAR_ENTRY_ERROR ENOENT: no such file or directory, open '/vercel/sandbox/backend/node_modules/@workflow/cli/node_modules/next/dist/telemetry/events/error-feedback.d.ts'
npm warn tar TAR_ENTRY_ERROR ENOENT: no such file or directory, open '/vercel/sandbox/backend/node_modules/@workflow/cli/node_modules/next/dist/server/node-environment-extensions/error-inspect.d.ts'
npm warn tar TAR_ENTRY_ERROR ENOENT: no such file or directory, open '/vercel/sandbox/backend/node_modules/@workflow/cli/node_modules/next/dist/build/webpack/loaders/error-loader.d.ts'
npm warn tar TAR_ENTRY_ERROR ENOENT: no such file or directory, lstat '/vercel/sandbox/backend/node_modules/@workflow/cli/node_modules/next/dist/next-devtools/dev-overlay'
npm warn tar TAR_ENTRY_ERROR ENOENT: no such file or directory, open '/vercel/sandbox/backend/node_modules/@workflow/cli/node_modules/next/dist/shared/lib/utils/error-once.d.ts'
npm warn tar TAR_ENTRY_ERROR ENOENT: no such file or directory, lstat '/vercel/sandbox/backend/node_modules/@workflow/cli/node_modules/next/dist/next-devtools/dev-overlay'
npm warn tar TAR_ENTRY_ERROR ENOENT: no such file or directory, lstat '/vercel/sandbox/backend/node_modules/@workflow/cli/node_modules/next/dist/next-devtools/dev-overlay'
npm warn tar TAR_ENTRY_ERROR ENOENT: no such file or directory, lstat '/vercel/sandbox/backend/node_modules/@workflow/cli/node_modules/next/dist/next-devtools/dev-overlay'
npm warn tar TAR_ENTRY_ERROR ENOENT: no such file or directory, lstat '/vercel/sandbox/backend/node_modules/@workflow/cli/node_modules/next/dist/next-devtools/dev-overlay'
npm warn tar TAR_ENTRY_ERROR ENOENT: no such file or directory, lstat '/vercel/sandbox/backend/node_modules/@workflow/cli/node_modules/next/dist/next-devtools/dev-overlay'
npm warn tar TAR_ENTRY_ERROR ENOENT: no such file or directory, lstat '/vercel/sandbox/backend/node_modules/@workflow/cli/node_modules/next/dist/next-devtools/dev-overlay'
npm warn tar TAR_ENTRY_ERROR ENOENT: no such file or directory, lstat '/vercel/sandbox/backend/node_modules/@workflow/cli/node_modules/next/dist/next-devtools/dev-overlay'
npm warn tar TAR_ENTRY_ERROR ENOENT: no such file or directory, lstat '/vercel/sandbox/backend/node_modules/@workflow/cli/node_modules/next/dist/next-devtools/dev-overlay'
npm warn tar TAR_ENTRY_ERROR ENOENT: no such file or directory, open '/vercel/sandbox/backend/node_modules/@workflow/cli/node_modules/next/dist/build/webpack/loaders/postcss-loader/src/Error.d.ts'
npm warn tar TAR_ENTRY_ERROR ENOENT: no such file or directory, open '/vercel/sandbox/backend/node_modules/@workflow/cli/node_modules/next/dist/server/typescript/rules/error.d.ts'
npm warn tar TAR_ENTRY_ERROR ENOENT: no such file or directory, lstat '/vercel/sandbox/backend/node_modules/@workflow/cli/node_modules/next/dist/next-devtools/dev-overlay'
npm warn tar TAR_ENTRY_ERROR ENOENT: no such file or directory, open '/vercel/sandbox/backend/node_modules/@workflow/cli/node_modules/next/dist/shared/lib/router/utils/escape-path-delimiters.d.ts'
npm warn tar TAR_ENTRY_ERROR ENOENT: no such file or directory, open '/vercel/sandbox/backend/node_modules/@workflow/cli/node_modules/next/dist/server/lib/etag.d.ts'
npm warn tar TAR_ENTRY_ERROR ENOENT: no such file or directory, open '/vercel/sandbox/backend/node_modules/@workflow/cli/node_modules/next/dist/compiled/@edge-runtime/primitives/events.d.ts'
npm warn tar TAR_ENTRY_ERROR ENOENT: no such file or directory, lstat '/vercel/sandbox/backend/node_modules/@workflow/cli/node_modules/next/dist/next-devtools/dev-overlay'
npm warn tar TAR_ENTRY_ERROR ENOENT: no such file or directory, open '/vercel/sandbox/backend/node_modules/@workflow/cli/node_modules/next/dist/lib/metadata/types/extra-types.d.ts'
npm warn tar TAR_ENTRY_ERROR ENOENT: no such file or directory, open '/vercel/sandbox/backend/node_modules/@workflow/cli/node_modules/next/dist/build/analysis/extract-const-value.d.ts'
npm warn tar TAR_ENTRY_ERROR ENOENT: no such file or directory, lstat '/vercel/sandbox/backend/node_modules/@workflow/cli/node_modules/next/dist/next-devtools/dev-overlay'
npm warn tar TAR_ENTRY_ERROR ENOENT: no such file or directory, open '/vercel/sandbox/backend/node_modules/@workflow/cli/node_modules/next/dist/server/request/fallback-params.d.ts'
npm warn tar TAR_ENTRY_ERROR ENOENT: no such file or directory, open '/vercel/sandbox/backend/node_modules/@workflow/cli/node_modules/next/dist/experimental/testmode/proxy/fetch-api.d.ts'
npm warn tar TAR_ENTRY_ERROR ENOENT: no such file or directory, open '/vercel/sandbox/backend/node_modules/@workflow/cli/node_modules/next/dist/compiled/@next/font/dist/google/fetch-css-from-google-fonts.d.ts'
npm warn tar TAR_ENTRY_ERROR ENOENT: no such file or directory, open '/vercel/sandbox/backend/node_modules/@workflow/cli/node_modules/next/dist/compiled/@next/font/dist/google/fetch-font-file.d.ts'
npm warn tar TAR_ENTRY_ERROR ENOENT: no such file or directory, open '/vercel/sandbox/backend/node_modules/@workflow/cli/node_modules/next/dist/server/web/sandbox/fetch-inline-assets.d.ts'
npm warn tar TAR_ENTRY_ERROR ENOENT: no such file or directory, open '/vercel/sandbox/backend/node_modules/@workflow/cli/node_modules/next/dist/compiled/@next/font/dist/google/fetch-resource.d.ts'
npm warn tar TAR_ENTRY_ERROR ENOENT: no such file or directory, open '/vercel/sandbox/backend/node_modules/@workflow/cli/node_modules/next/dist/compiled/@edge-runtime/primitives/fetch.d.ts'
npm warn tar TAR_ENTRY_ERROR ENOENT: no such file or directory, open '/vercel/sandbox/backend/node_modules/@workflow/cli/node_modules/next/dist/experimental/testmode/fetch.d.ts'
npm warn tar TAR_ENTRY_ERROR ENOENT: no such file or directory, open '/vercel/sandbox/backend/node_modules/@workflow/cli/node_modules/next/dist/server/route-matcher-providers/dev/file-cache-route-matcher-provider.d.ts'
npm warn tar TAR_ENTRY_ERROR ENOENT: no such file or directory, open '/vercel/sandbox/backend/node_modules/@workflow/cli/node_modules/next/dist/server/dev/browser-logs/file-logger.d.ts'
npm warn tar TAR_ENTRY_ERROR ENOENT: no such file or directory, open '/vercel/sandbox/backend/node_modules/@workflow/cli/node_modules/next/dist/build/webpack/loaders/resolve-url-loader/lib/file-protocol.d.ts'
npm warn tar TAR_ENTRY_ERROR ENOENT: no such file or directory, open '/vercel/sandbox/backend/node_modules/@workflow/cli/node_modules/next/dist/server/route-matcher-providers/dev/helpers/file-reader/file-reader.d.ts'
npm warn tar TAR_ENTRY_ERROR ENOENT: no such file or directory, open '/vercel/sandbox/backend/node_modules/@workflow/cli/node_modules/next/dist/build/webpack/config/blocks/css/loaders/file-resolve.d.ts'
npm warn tar TAR_ENTRY_ERROR ENOENT: no such file or directory, open '/vercel/sandbox/backend/node_modules/@workflow/cli/node_modules/next/dist/server/lib/incremental-cache/file-system-cache.d.ts'
npm warn tar TAR_ENTRY_ERROR ENOENT: no such file or directory, lstat '/vercel/sandbox/backend/node_modules/@workflow/cli/node_modules/next/dist/next-devtools/dev-overlay'
npm warn tar TAR_ENTRY_ERROR ENOENT: no such file or directory, open '/vercel/sandbox/backend/node_modules/@workflow/cli/node_modules/next/dist/build/jest/__mocks__/fileMock.d.ts'
npm warn tar TAR_ENTRY_ERROR ENOENT: no such file or directory, open '/vercel/sandbox/backend/node_modules/@workflow/cli/node_modules/next/dist/server/lib/router-utils/filesystem.d.ts'
npm warn tar TAR_ENTRY_ERROR ENOENT: no such file or directory, open '/vercel/sandbox/backend/node_modules/@workflow/cli/node_modules/next/dist/compiled/@next/font/dist/google/find-font-files-in-css.d.ts'
npm warn tar TAR_ENTRY_ERROR ENOENT: no such file or directory, open '/vercel/sandbox/backend/node_modules/@workflow/cli/node_modules/next/dist/client/components/router-reducer/reducers/find-head-in-cache.d.ts'
npm warn tar TAR_ENTRY_ERROR ENOENT: no such file or directory, open '/vercel/sandbox/backend/node_modules/@workflow/cli/node_modules/next/dist/server/lib/find-page-file.d.ts'
npm warn tar TAR_ENTRY_ERROR ENOENT: no such file or directory, open '/vercel/sandbox/backend/node_modules/@workflow/cli/node_modules/next/dist/server/lib/fix-mojibake.d.ts'
npm warn tar TAR_ENTRY_ERROR ENOENT: no such file or directory, open '/vercel/sandbox/backend/node_modules/@workflow/cli/node_modules/next/dist/telemetry/flush-telemetry.d.ts'
npm warn tar TAR_ENTRY_ERROR ENOENT: no such file or directory, lstat '/vercel/sandbox/backend/node_modules/@workflow/cli/node_modules/next/dist/next-devtools/dev-overlay'
npm warn tar TAR_ENTRY_ERROR ENOENT: no such file or directory, open '/vercel/sandbox/backend/node_modules/@workflow/cli/node_modules/next/dist/client/components/builtin/forbidden.d.ts'
npm warn tar TAR_ENTRY_ERROR ENOENT: no such file or directory, open '/vercel/sandbox/backend/node_modules/@workflow/cli/node_modules/next/dist/api/form.d.ts'
npm warn tar TAR_ENTRY_ERROR ENOENT: no such file or directory, open '/vercel/sandbox/backend/node_modules/@workflow/cli/node_modules/next/dist/client/app-dir/form.d.ts'
npm warn tar TAR_ENTRY_ERROR ENOENT: no such file or directory, open '/vercel/sandbox/backend/node_modules/@workflow/cli/node_modules/next/dist/compiled/@next/font/dist/format-available-values.d.ts'
npm warn tar TAR_ENTRY_ERROR ENOENT: no such file or directory, open '/vercel/sandbox/backend/node_modules/@workflow/cli/node_modules/next/dist/server/mcp/tools/utils/format-errors.d.ts'
npm warn tar TAR_ENTRY_ERROR ENOENT: no such file or directory, open '/vercel/sandbox/backend/node_modules/@workflow/cli/node_modules/next/dist/server/lib/format-hostname.d.ts'
npm warn tar TAR_ENTRY_ERROR ENOENT: no such file or directory, open '/vercel/sandbox/backend/node_modules/@workflow/cli/node_modules/next/dist/build/manifests/formatter/format-manifest.d.ts'
npm warn tar TAR_ENTRY_ERROR ENOENT: no such file or directory, open '/vercel/sandbox/backend/node_modules/@workflow/cli/node_modules/next/dist/shared/lib/router/utils/format-next-pathname-info.d.ts'
npm warn tar TAR_ENTRY_ERROR ENOENT: no such file or directory, open '/vercel/sandbox/backend/node_modules/@workflow/cli/node_modules/next/dist/shared/lib/router/utils/format-url.d.ts'
npm warn tar TAR_ENTRY_ERROR ENOENT: no such file or directory, open '/vercel/sandbox/backend/node_modules/@workflow/cli/node_modules/next/dist/build/output/format.d.ts'
npm warn tar TAR_ENTRY_ERROR ENOENT: no such file or directory, open '/vercel/sandbox/backend/node_modules/@workflow/cli/node_modules/next/dist/next-devtools/shared/forward-logs-shared.d.ts'
npm warn tar TAR_ENTRY_ERROR ENOENT: no such file or directory, open '/vercel/sandbox/backend/node_modules/@workflow/cli/node_modules/next/dist/next-devtools/userspace/app/forward-logs-utils.d.ts'
npm warn tar TAR_ENTRY_ERROR ENOENT: no such file or directory, open '/vercel/sandbox/backend/node_modules/@workflow/cli/node_modules/next/dist/next-devtools/userspace/app/forward-logs.d.ts'
npm warn tar TAR_ENTRY_ERROR ENOENT: no such file or directory, open '/vercel/sandbox/backend/node_modules/@workflow/cli/node_modules/next/dist/lib/memory/gc-observer.d.ts'
npm warn tar TAR_ENTRY_ERROR ENOENT: no such file or directory, lstat '/vercel/sandbox/backend/node_modules/@workflow/cli/node_modules/next/dist/next-devtools/dev-overlay'
npm warn tar TAR_ENTRY_ERROR ENOENT: no such file or directory, open '/vercel/sandbox/backend/node_modules/@workflow/cli/node_modules/next/dist/build/swc/generated-native.d.ts'
npm warn tar TAR_ENTRY_ERROR ENOENT: no such file or directory, open '/vercel/sandbox/backend/node_modules/@workflow/cli/node_modules/next/dist/esm/build/swc/generated-native.d.ts'
npm warn tar TAR_ENTRY_ERROR ENOENT: no such file or directory, open '/vercel/sandbox/backend/node_modules/@workflow/cli/node_modules/next/dist/build/swc/generated-wasm.d.ts'
npm warn tar TAR_ENTRY_ERROR ENOENT: no such file or directory, open '/vercel/sandbox/backend/node_modules/@workflow/cli/node_modules/next/dist/esm/build/swc/generated-wasm.d.ts'
npm warn tar TAR_ENTRY_ERROR ENOENT: no such file or directory, open '/vercel/sandbox/backend/node_modules/@workflow/cli/node_modules/next/dist/shared/lib/router/utils/get-asset-path-from-route.d.ts'
npm warn tar TAR_ENTRY_ERROR ENOENT: no such file or directory, open '/vercel/sandbox/backend/node_modules/@workflow/cli/node_modules/next/dist/lib/helpers/get-cache-directory.d.ts'
npm warn tar TAR_ENTRY_ERROR ENOENT: no such file or directory, open '/vercel/sandbox/backend/node_modules/@workflow/cli/node_modules/next/dist/build/babel/loader/get-config.d.ts'
npm warn tar TAR_ENTRY_ERROR ENOENT: no such file or directory, open '/vercel/sandbox/backend/node_modules/@workflow/cli/node_modules/next/dist/server/api-utils/get-cookie-parser.d.ts'
npm warn tar TAR_ENTRY_ERROR ENOENT: no such file or directory, open '/vercel/sandbox/backend/node_modules/@workflow/cli/node_modules/next/dist/next-devtools/server/font/get-dev-overlay-font-middleware.d.ts'
npm warn tar TAR_ENTRY_ERROR ENOENT: no such file or directory, open '/vercel/sandbox/backend/node_modules/@workflow/cli/node_modules/next/dist/shared/lib/router/utils/get-dynamic-param.d.ts'
npm warn tar TAR_ENTRY_ERROR ENOENT: no such file or directory, lstat '/vercel/sandbox/backend/node_modules/@workflow/cli/node_modules/next/dist/next-devtools/dev-overlay'
npm warn tar TAR_ENTRY_ERROR ENOENT: no such file or directory, open '/vercel/sandbox/backend/node_modules/@workflow/cli/node_modules/next/dist/server/mcp/tools/get-errors.d.ts'
npm warn tar TAR_ENTRY_ERROR ENOENT: no such file or directory, open '/vercel/sandbox/backend/node_modules/@workflow/cli/node_modules/next/dist/compiled/@next/font/dist/google/get-fallback-font-override-metrics.d.ts'
npm warn tar TAR_ENTRY_ERROR ENOENT: no such file or directory, open '/vercel/sandbox/backend/node_modules/@workflow/cli/node_modules/next/dist/compiled/@next/font/dist/local/get-fallback-metrics-from-font-file.d.ts'
npm warn tar TAR_ENTRY_ERROR ENOENT: no such file or directory, open '/vercel/sandbox/backend/node_modules/@workflow/cli/node_modules/next/dist/compiled/@next/font/dist/google/get-font-axes.d.ts'
npm warn tar TAR_ENTRY_ERROR ENOENT: no such file or directory, open '/vercel/sandbox/backend/node_modules/@workflow/cli/node_modules/next/dist/compiled/@next/font/dist/google/get-google-fonts-url.d.ts'
npm warn tar TAR_ENTRY_ERROR ENOENT: no such file or directory, open '/vercel/sandbox/backend/node_modules/@workflow/cli/node_modules/next/dist/shared/lib/i18n/get-locale-redirect.d.ts'
npm warn tar TAR_ENTRY_ERROR ENOENT: no such file or directory, open '/vercel/sandbox/backend/node_modules/@workflow/cli/node_modules/next/dist/server/mcp/tools/get-logs.d.ts'
npm warn tar TAR_ENTRY_ERROR ENOENT: no such file or directory, open '/vercel/sandbox/backend/node_modules/@workflow/cli/node_modules/next/dist/server/mcp/get-mcp-middleware.d.ts'
npm warn tar TAR_ENTRY_ERROR ENOENT: no such file or directory, open '/vercel/sandbox/backend/node_modules/@workflow/cli/node_modules/next/dist/lib/metadata/get-metadata-route.d.ts'
npm warn tar TAR_ENTRY_ERROR ENOENT: no such file or directory, open '/vercel/sandbox/backend/node_modules/@workflow/cli/node_modules/next/dist/build/webpack/loaders/get-module-build-info.d.ts'
npm warn tar TAR_ENTRY_ERROR ENOENT: no such file or directory, open '/vercel/sandbox/backend/node_modules/@workflow/cli/node_modules/next/dist/next-devtools/server/get-next-error-feedback-middleware.d.ts'
npm warn tar TAR_ENTRY_ERROR ENOENT: no such file or directory, open '/vercel/sandbox/backend/node_modules/@workflow/cli/node_modules/next/dist/shared/lib/router/utils/get-next-pathname-info.d.ts'
npm warn tar TAR_ENTRY_ERROR ENOENT: no such file or directory, open '/vercel/sandbox/backend/node_modules/@workflow/cli/node_modules/next/dist/lib/helpers/get-npx-command.d.ts'
npm warn tar TAR_ENTRY_ERROR ENOENT: no such file or directory, open '/vercel/sandbox/backend/node_modules/@workflow/cli/node_modules/next/dist/lib/helpers/get-online.d.ts'
npm warn tar TAR_ENTRY_ERROR ENOENT: no such file or directory, open '/vercel/sandbox/backend/node_modules/@workflow/cli/node_modules/next/dist/server/mcp/get-or-create-mcp-server.d.ts'
npm warn tar TAR_ENTRY_ERROR ENOENT: no such file or directory, open '/vercel/sandbox/backend/node_modules/@workflow/cli/node_modules/next/dist/server/mcp/tools/get-page-metadata.d.ts'
npm warn tar TAR_ENTRY_ERROR ENOENT: no such file or directory, open '/vercel/sandbox/backend/node_modules/@workflow/cli/node_modules/next/dist/shared/lib/page-path/get-page-paths.d.ts'
npm warn tar TAR_ENTRY_ERROR ENOENT: no such file or directory, open '/vercel/sandbox/backend/node_modules/@workflow/cli/node_modules/next/dist/build/analysis/get-page-static-info.d.ts'
npm warn tar TAR_ENTRY_ERROR ENOENT: no such file or directory, open '/vercel/sandbox/backend/node_modules/@workflow/cli/node_modules/next/dist/export/helpers/get-params.d.ts'
npm warn tar TAR_ENTRY_ERROR ENOENT: no such file or directory, open '/vercel/sandbox/backend/node_modules/@workflow/cli/node_modules/next/dist/server/route-modules/app-route/helpers/get-pathname-from-absolute-path.d.ts'
npm warn tar TAR_ENTRY_ERROR ENOENT: no such file or directory, open '/vercel/sandbox/backend/node_modules/@workflow/cli/node_modules/next/dist/lib/helpers/get-pkg-manager.d.ts'
npm warn tar TAR_ENTRY_ERROR ENOENT: no such file or directory, open '/vercel/sandbox/backend/node_modules/@workflow/cli/node_modules/next/dist/server/mcp/tools/get-project-metadata.d.ts'
npm warn tar TAR_ENTRY_ERROR ENOENT: no such file or directory, open '/vercel/sandbox/backend/node_modules/@workflow/cli/node_modules/next/dist/compiled/@next/font/dist/google/get-proxy-agent.d.ts'
npm warn tar TAR_ENTRY_ERROR ENOENT: no such file or directory, open '/vercel/sandbox/backend/node_modules/@workflow/cli/node_modules/next/dist/lib/helpers/get-registry.d.ts'
npm warn tar TAR_ENTRY_ERROR ENOENT: no such file or directory, open '/vercel/sandbox/backend/node_modules/@workflow/cli/node_modules/next/dist/lib/helpers/get-reserved-port.d.ts'
npm warn tar TAR_ENTRY_ERROR ENOENT: no such file or directory, open '/vercel/sandbox/backend/node_modules/@workflow/cli/node_modules/next/dist/shared/lib/router/utils/get-route-from-asset-path.d.ts'
npm warn tar TAR_ENTRY_ERROR ENOENT: no such file or directory, open '/vercel/sandbox/backend/node_modules/@workflow/cli/node_modules/next/dist/server/mcp/tools/get-routes.d.ts'
npm warn tar TAR_ENTRY_ERROR ENOENT: no such file or directory, open '/vercel/sandbox/backend/node_modules/@workflow/cli/node_modules/next/dist/shared/lib/router/utils/get-segment-param.d.ts'
npm warn tar TAR_ENTRY_ERROR ENOENT: no such file or directory, open '/vercel/sandbox/backend/node_modules/@workflow/cli/node_modules/next/dist/server/mcp/tools/get-server-action-by-id.d.ts'
npm warn tar TAR_ENTRY_ERROR ENOENT: no such file or directory, open '/vercel/sandbox/backend/node_modules/@workflow/cli/node_modules/next/dist/client/dev/hot-reloader/get-socket-url.d.ts'
npm warn tar TAR_ENTRY_ERROR ENOENT: no such file or directory, open '/vercel/sandbox/backend/node_modules/@workflow/cli/node_modules/next/dist/server/dev/get-source-map-from-file.d.ts'
npm warn tar TAR_ENTRY_ERROR ENOENT: no such file or directory, open '/vercel/sandbox/backend/node_modules/@workflow/cli/node_modules/next/dist/build/webpack/config/blocks/css/loaders/getCssModuleLocalIdent.d.ts'
npm warn tar TAR_ENTRY_ERROR ENOENT: no such file or directory, open '/vercel/sandbox/backend/node_modules/@workflow/cli/node_modules/next/dist/build/webpack/plugins/wellknown-errors-plugin/getModuleTrace.d.ts'
npm warn tar TAR_ENTRY_ERROR ENOENT: no such file or directory, open '/vercel/sandbox/backend/node_modules/@workflow/cli/node_modules/next/dist/lib/typescript/getTypeScriptConfiguration.d.ts'
npm warn tar TAR_ENTRY_ERROR ENOENT: no such file or directory, open '/vercel/sandbox/backend/node_modules/@workflow/cli/node_modules/next/dist/lib/typescript/getTypeScriptIntent.d.ts'
npm warn tar TAR_ENTRY_ERROR ENOENT: no such file or directory, open '/vercel/sandbox/backend/node_modules/@workflow/cli/node_modules/next/dist/build/webpack/loaders/css-loader/src/runtime/getUrl.d.ts'
npm warn tar TAR_ENTRY_ERROR ENOENT: no such file or directory, open '/vercel/sandbox/backend/node_modules/@workflow/cli/node_modules/next/dist/server/node-environment-extensions/global-behaviors.d.ts'
npm warn tar TAR_ENTRY_ERROR ENOENT: no such file or directory, open '/vercel/sandbox/backend/node_modules/@workflow/cli/node_modules/next/dist/client/components/builtin/global-error.d.ts'
npm warn tar TAR_ENTRY_ERROR ENOENT: no such file or directory, open '/vercel/sandbox/backend/node_modules/@workflow/cli/node_modules/next/dist/client/components/builtin/global-not-found.d.ts'
npm warn tar TAR_ENTRY_ERROR ENOENT: no such file or directory, open '/vercel/sandbox/backend/node_modules/@workflow/cli/node_modules/next/dist/build/webpack/config/blocks/css/loaders/global.d.ts'
npm warn tar TAR_ENTRY_ERROR ENOENT: no such file or directory, open '/vercel/sandbox/backend/node_modules/@workflow/cli/node_modules/next/dist/compiled/@next/font/dist/google/google-fonts-metadata.d.ts'
npm warn tar TAR_ENTRY_ERROR ENOENT: no such file or directory, open '/vercel/sandbox/backend/node_modules/@workflow/cli/node_modules/next/dist/client/components/errors/graceful-degrade-boundary.d.ts'
npm warn tar TAR_ENTRY_ERROR ENOENT: no such file or directory, open '/vercel/sandbox/backend/node_modules/@workflow/cli/node_modules/next/dist/server/use-cache/handlers.d.ts'
npm warn tar TAR_ENTRY_ERROR ENOENT: no such file or directory, open '/vercel/sandbox/backend/node_modules/@workflow/cli/node_modules/next/dist/shared/lib/errors/hard-deprecated-config-error.d.ts'
npm warn tar TAR_ENTRY_ERROR ENOENT: no such file or directory, open '/vercel/sandbox/backend/node_modules/@workflow/cli/node_modules/next/dist/client/components/router-reducer/reducers/has-interception-route-in-current-tree.d.ts'
npm warn tar TAR_ENTRY_ERROR ENOENT: no such file or directory, open '/vercel/sandbox/backend/node_modules/@workflow/cli/node_modules/next/dist/server/route-modules/app-page/vendored/contexts/head-manager-context.d.ts'
npm warn tar TAR_ENTRY_ERROR ENOENT: no such file or directory, open '/vercel/sandbox/backend/node_modules/@workflow/cli/node_modules/next/dist/server/route-modules/pages/vendored/contexts/head-manager-context.d.ts'
npm warn tar TAR_ENTRY_ERROR ENOENT: no such file or directory, open '/vercel/sandbox/backend/node_modules/@workflow/cli/node_modules/next/dist/api/head.d.ts'
npm warn tar TAR_ENTRY_ERROR ENOENT: no such file or directory, lstat '/vercel/sandbox/backend/node_modules/@workflow/cli/node_modules/next/dist/next-devtools/dev-overlay'
npm warn tar TAR_ENTRY_ERROR ENOENT: no such file or directory, open '/vercel/sandbox/backend/node_modules/@workflow/cli/node_modules/next/dist/api/headers.d.ts'
npm warn tar TAR_ENTRY_ERROR ENOENT: no such file or directory, open '/vercel/sandbox/backend/node_modules/@workflow/cli/node_modules/next/dist/server/request/headers.d.ts'
npm warn tar TAR_ENTRY_ERROR ENOENT: no such file or directory, open '/vercel/sandbox/backend/node_modules/@workflow/cli/node_modules/next/dist/server/web/spec-extension/adapters/headers.d.ts'
npm warn tar TAR_ENTRY_ERROR ENOENT: no such file or directory, open '/vercel/sandbox/backend/node_modules/@workflow/cli/node_modules/next/dist/build/swc/helpers.d.ts'
npm warn tar TAR_ENTRY_ERROR ENOENT: no such file or directory, open '/vercel/sandbox/backend/node_modules/@workflow/cli/node_modules/next/dist/build/templates/helpers.d.ts'
npm warn tar TAR_ENTRY_ERROR ENOENT: no such file or directory, open '/vercel/sandbox/backend/node_modules/@workflow/cli/node_modules/next/dist/build/turborepo-access-trace/helpers.d.ts'
npm warn tar TAR_ENTRY_ERROR ENOENT: no such file or directory, open '/vercel/sandbox/backend/node_modules/@workflow/cli/node_modules/next/dist/build/webpack/config/helpers.d.ts'
npm warn tar TAR_ENTRY_ERROR ENOENT: no such file or directory, open '/vercel/sandbox/backend/node_modules/@workflow/cli/node_modules/next/dist/server/base-http/helpers.d.ts'
npm warn tar TAR_ENTRY_ERROR ENOENT: no such file or directory, open '/vercel/sandbox/backend/node_modules/@workflow/cli/node_modules/next/dist/client/components/router-reducer/reducers/hmr-refresh-reducer.d.ts'
npm warn tar TAR_ENTRY_ERROR ENOENT: no such file or directory, open '/vercel/sandbox/backend/node_modules/@workflow/cli/node_modules/next/dist/server/route-modules/app-page/vendored/contexts/hooks-client-context.d.ts'
npm warn tar TAR_ENTRY_ERROR ENOENT: no such file or directory, open '/vercel/sandbox/backend/node_modules/@workflow/cli/node_modules/next/dist/server/route-modules/pages/vendored/contexts/hooks-client-context.d.ts'
npm warn tar TAR_ENTRY_ERROR ENOENT: no such file or directory, open '/vercel/sandbox/backend/node_modules/@workflow/cli/node_modules/next/dist/server/dev/hot-middleware.d.ts'
npm warn tar TAR_ENTRY_ERROR ENOENT: no such file or directory, open '/vercel/sandbox/backend/node_modules/@workflow/cli/node_modules/next/dist/client/dev/hot-reloader/app/hot-reloader-app.d.ts'
npm warn tar TAR_ENTRY_ERROR ENOENT: no such file or directory, open '/vercel/sandbox/backend/node_modules/@workflow/cli/node_modules/next/dist/client/dev/hot-reloader/pages/hot-reloader-pages.d.ts'
npm warn tar TAR_ENTRY_ERROR ENOENT: no such file or directory, open '/vercel/sandbox/backend/node_modules/@workflow/cli/node_modules/next/dist/server/dev/hot-reloader-shared-utils.d.ts'
npm warn tar TAR_ENTRY_ERROR ENOENT: no such file or directory, open '/vercel/sandbox/backend/node_modules/@workflow/cli/node_modules/next/dist/server/dev/hot-reloader-turbopack.d.ts'
npm warn tar TAR_ENTRY_ERROR ENOENT: no such file or directory, open '/vercel/sandbox/backend/node_modules/@workflow/cli/node_modules/next/dist/server/dev/hot-reloader-types.d.ts'
npm warn tar TAR_ENTRY_ERROR ENOENT: no such file or directory, open '/vercel/sandbox/backend/node_modules/@workflow/cli/node_modules/next/dist/server/dev/hot-reloader-webpack.d.ts'
npm warn tar TAR_ENTRY_ERROR ENOENT: no such file or directory, open '/vercel/sandbox/backend/node_modules/@workflow/cli/node_modules/next/dist/shared/lib/router/utils/html-bots.d.ts'
npm warn tar TAR_ENTRY_ERROR ENOENT: no such file or directory, open '/vercel/sandbox/backend/node_modules/@workflow/cli/node_modules/next/dist/server/route-modules/pages/vendored/contexts/html-context.d.ts'
npm warn tar TAR_ENTRY_ERROR ENOENT: no such file or directory, open '/vercel/sandbox/backend/node_modules/@workflow/cli/node_modules/next/dist/client/components/http-access-fallback/http-access-fallback.d.ts'
npm warn tar TAR_ENTRY_ERROR ENOENT: no such file or directory, open '/vercel/sandbox/backend/node_modules/@workflow/cli/node_modules/next/dist/experimental/testmode/httpget.d.ts'
npm warn tar TAR_ENTRY_ERROR ENOENT: no such file or directory, open '/vercel/sandbox/backend/node_modules/@workflow/cli/node_modules/next/dist/next-devtools/userspace/pages/hydration-error-state.d.ts'
npm warn tar TAR_ENTRY_ERROR ENOENT: no such file or directory, open '/vercel/sandbox/backend/node_modules/@workflow/cli/node_modules/next/dist/next-devtools/shared/hydration-error.d.ts'
npm warn tar TAR_ENTRY_ERROR ENOENT: no such file or directory, open '/vercel/sandbox/backend/node_modules/@workflow/cli/node_modules/next/dist/server/lib/i18n-provider.d.ts'
npm warn tar TAR_ENTRY_ERROR ENOENT: no such file or directory, open '/vercel/sandbox/backend/node_modules/@workflow/cli/node_modules/next/dist/lib/metadata/generate/icon-mark.d.ts'
npm warn tar TAR_ENTRY_ERROR ENOENT: no such file or directory, open '/vercel/sandbox/backend/node_modules/@workflow/cli/node_modules/next/dist/lib/metadata/generate/icons.d.ts'
npm warn tar TAR_ENTRY_ERROR ENOENT: no such file or directory, open '/vercel/sandbox/backend/node_modules/@workflow/cli/node_modules/next/dist/lib/metadata/types/icons.d.ts'
npm warn tar TAR_ENTRY_ERROR ENOENT: no such file or directory, open '/vercel/sandbox/backend/node_modules/@workflow/cli/node_modules/next/dist/server/route-modules/app-page/vendored/contexts/image-config-context.d.ts'
npm warn tar TAR_ENTRY_ERROR ENOENT: no such file or directory, open '/vercel/sandbox/backend/node_modules/@workflow/cli/node_modules/next/dist/server/route-modules/pages/vendored/contexts/image-config-context.d.ts'
npm warn tar TAR_ENTRY_ERROR ENOENT: no such file or directory, open '/vercel/sandbox/backend/node_modules/@workflow/cli/node_modules/next/dist/server/og/image-response.d.ts'
npm warn tar TAR_ENTRY_ERROR ENOENT: no such file or directory, open '/vercel/sandbox/backend/node_modules/@workflow/cli/node_modules/next/dist/api/image.d.ts'
npm warn tar TAR_ENTRY_ERROR ENOENT: no such file or directory, open '/vercel/sandbox/backend/node_modules/@workflow/cli/node_modules/next/dist/client/legacy/image.d.ts'
npm warn tar TAR_ENTRY_ERROR ENOENT: no such file or directory, open '/vercel/sandbox/backend/node_modules/@workflow/cli/node_modules/next/legacy/image.d.ts'
npm warn tar TAR_ENTRY_ERROR ENOENT: no such file or directory, open '/vercel/sandbox/backend/node_modules/@workflow/cli/node_modules/next/dist/build/turbopack-build/impl.d.ts'
npm warn tar TAR_ENTRY_ERROR ENOENT: no such file or directory, open '/vercel/sandbox/backend/node_modules/@workflow/cli/node_modules/next/dist/build/webpack-build/impl.d.ts'
npm warn tar TAR_ENTRY_ERROR ENOENT: no such file or directory, open '/vercel/sandbox/backend/node_modules/@workflow/cli/node_modules/next/dist/build/polyfills/object.assign/implementation.d.ts'
npm warn tar TAR_ENTRY_ERROR ENOENT: no such file or directory, open '/vercel/sandbox/backend/node_modules/@workflow/cli/node_modules/next/dist/server/lib/implicit-tags.d.ts'
npm warn tar TAR_ENTRY_ERROR ENOENT: no such file or directory, open '/vercel/sandbox/backend/node_modules/@workflow/cli/node_modules/next/dist/build/babel/loader/index.d.ts'
npm warn tar TAR_ENTRY_ERROR ENOENT: no such file or directory, open '/vercel/sandbox/backend/node_modules/@workflow/cli/node_modules/next/dist/build/output/index.d.ts'
npm warn tar TAR_ENTRY_ERROR ENOENT: no such file or directory, open '/vercel/sandbox/backend/node_modules/@workflow/cli/node_modules/next/dist/build/polyfills/fetch/index.d.ts'
npm warn tar TAR_ENTRY_ERROR ENOENT: no such file or directory, open '/vercel/sandbox/backend/node_modules/@workflow/cli/node_modules/next/dist/build/polyfills/object.assign/index.d.ts'
npm warn tar TAR_ENTRY_ERROR ENOENT: no such file or directory, open '/vercel/sandbox/backend/node_modules/@workflow/cli/node_modules/next/dist/build/swc/index.d.ts'
npm warn tar TAR_ENTRY_ERROR ENOENT: no such file or directory, open '/vercel/sandbox/backend/node_modules/@workflow/cli/node_modules/next/dist/build/turbopack-build/index.d.ts'
npm warn tar TAR_ENTRY_ERROR ENOENT: no such file or directory, open '/vercel/sandbox/backend/node_modules/@workflow/cli/node_modules/next/dist/build/turborepo-access-trace/index.d.ts'
npm warn tar TAR_ENTRY_ERROR ENOENT: no such file or directory, open '/vercel/sandbox/backend/node_modules/@workflow/cli/node_modules/next/dist/build/webpack-build/index.d.ts'
npm warn tar TAR_ENTRY_ERROR ENOENT: no such file or directory, open '/vercel/sandbox/backend/node_modules/@workflow/cli/node_modules/next/dist/build/webpack/config/blocks/css/index.d.ts'
npm warn tar TAR_ENTRY_ERROR ENOENT: no such file or directory, open '/vercel/sandbox/backend/node_modules/@workflow/cli/node_modules/next/dist/build/webpack/config/blocks/css/loaders/index.d.ts'
npm warn tar TAR_ENTRY_ERROR ENOENT: no such file or directory, open '/vercel/sandbox/backend/node_modules/@workflow/cli/node_modules/next/dist/build/webpack/config/blocks/images/index.d.ts'
npm warn tar TAR_ENTRY_ERROR ENOENT: no such file or directory, open '/vercel/sandbox/backend/node_modules/@workflow/cli/node_modules/next/dist/build/webpack/config/index.d.ts'
npm warn tar TAR_ENTRY_ERROR ENOENT: no such file or directory, open '/vercel/sandbox/backend/node_modules/@workflow/cli/node_modules/next/dist/build/webpack/loaders/css-loader/src/index.d.ts'
npm warn tar TAR_ENTRY_ERROR ENOENT: no such file or directory, open '/vercel/sandbox/backend/node_modules/@workflow/cli/node_modules/next/dist/build/webpack/loaders/css-loader/src/plugins/index.d.ts'
npm warn tar TAR_ENTRY_ERROR ENOENT: no such file or directory, open '/vercel/sandbox/backend/node_modules/@workflow/cli/node_modules/next/dist/build/webpack/loaders/lightningcss-loader/src/index.d.ts'
npm warn tar TAR_ENTRY_ERROR ENOENT: no such file or directory, open '/vercel/sandbox/backend/node_modules/@workflow/cli/node_modules/next/dist/build/webpack/loaders/next-app-loader/index.d.ts'
npm warn tar TAR_ENTRY_ERROR ENOENT: no such file or directory, open '/vercel/sandbox/backend/node_modules/@workflow/cli/node_modules/next/dist/build/webpack/loaders/next-edge-app-route-loader/index.d.ts'
npm warn tar TAR_ENTRY_ERROR ENOENT: no such file or directory, open '/vercel/sandbox/backend/node_modules/@workflow/cli/node_modules/next/dist/build/webpack/loaders/next-edge-ssr-loader/index.d.ts'
npm warn tar TAR_ENTRY_ERROR ENOENT: no such file or directory, open '/vercel/sandbox/backend/node_modules/@workflow/cli/node_modules/next/dist/build/webpack/loaders/next-flight-loader/index.d.ts'
npm warn tar TAR_ENTRY_ERROR ENOENT: no such file or directory, open '/vercel/sandbox/backend/node_modules/@workflow/cli/node_modules/next/dist/build/webpack/loaders/next-font-loader/index.d.ts'
npm warn tar TAR_ENTRY_ERROR ENOENT: no such file or directory, open '/vercel/sandbox/backend/node_modules/@workflow/cli/node_modules/next/dist/build/webpack/loaders/next-image-loader/index.d.ts'
npm warn tar TAR_ENTRY_ERROR ENOENT: no such file or directory, open '/vercel/sandbox/backend/node_modules/@workflow/cli/node_modules/next/dist/build/webpack/loaders/next-route-loader/index.d.ts'
npm warn tar TAR_ENTRY_ERROR ENOENT: no such file or directory, open '/vercel/sandbox/backend/node_modules/@workflow/cli/node_modules/next/dist/build/webpack/loaders/next-style-loader/index.d.ts'
npm warn tar TAR_ENTRY_ERROR ENOENT: no such file or directory, open '/vercel/sandbox/backend/node_modules/@workflow/cli/node_modules/next/dist/build/webpack/loaders/postcss-loader/src/index.d.ts'
npm warn tar TAR_ENTRY_ERROR ENOENT: no such file or directory, open '/vercel/sandbox/backend/node_modules/@workflow/cli/node_modules/next/dist/build/webpack/loaders/resolve-url-loader/index.d.ts'
npm warn tar TAR_ENTRY_ERROR ENOENT: no such file or directory, open '/vercel/sandbox/backend/node_modules/@workflow/cli/node_modules/next/dist/build/webpack/plugins/minify-webpack-plugin/src/index.d.ts'
npm warn tar TAR_ENTRY_ERROR ENOENT: no such file or directory, open '/vercel/sandbox/backend/node_modules/@workflow/cli/node_modules/next/dist/build/webpack/plugins/next-types-plugin/index.d.ts'
npm warn tar TAR_ENTRY_ERROR ENOENT: no such file or directory, open '/vercel/sandbox/backend/node_modules/@workflow/cli/node_modules/next/dist/build/webpack/plugins/wellknown-errors-plugin/index.d.ts'
npm warn tar TAR_ENTRY_ERROR ENOENT: no such file or directory, open '/vercel/sandbox/backend/node_modules/@workflow/cli/node_modules/next/dist/client/portal/index.d.ts'
npm warn tar TAR_ENTRY_ERROR ENOENT: no such file or directory, open '/vercel/sandbox/backend/node_modules/@workflow/cli/node_modules/next/dist/compiled/@edge-runtime/cookies/index.d.ts'
npm warn tar TAR_ENTRY_ERROR ENOENT: no such file or directory, open '/vercel/sandbox/backend/node_modules/@workflow/cli/node_modules/next/dist/compiled/@edge-runtime/ponyfill/index.d.ts'
npm warn tar TAR_ENTRY_ERROR ENOENT: no such file or directory, open '/vercel/sandbox/backend/node_modules/@workflow/cli/node_modules/next/dist/compiled/@edge-runtime/primitives/index.d.ts'
npm warn tar TAR_ENTRY_ERROR ENOENT: no such file or directory, open '/vercel/sandbox/backend/node_modules/@workflow/cli/node_modules/next/dist/compiled/@next/font/dist/google/index.d.ts'
npm warn tar TAR_ENTRY_ERROR ENOENT: no such file or directory, open '/vercel/sandbox/backend/node_modules/@workflow/cli/node_modules/next/dist/compiled/@next/font/dist/local/index.d.ts'
npm warn tar TAR_ENTRY_ERROR ENOENT: no such file or directory, open '/vercel/sandbox/backend/node_modules/@workflow/cli/node_modules/next/dist/compiled/@next/font/google/index.d.ts'
npm warn tar TAR_ENTRY_ERROR ENOENT: no such file or directory, open '/vercel/sandbox/backend/node_modules/@workflow/cli/node_modules/next/dist/compiled/@next/font/local/index.d.ts'
npm warn tar TAR_ENTRY_ERROR ENOENT: no such file or directory, lstat '/vercel/sandbox/backend/node_modules/@workflow/cli/node_modules/next/dist/compiled/@vercel/og/emoji'
npm warn tar TAR_ENTRY_ERROR ENOENT: no such file or directory, lstat '/vercel/sandbox/backend/node_modules/@workflow/cli/node_modules/next/dist/compiled/@vercel/og/figma'
npm warn tar TAR_ENTRY_ERROR ENOENT: no such file or directory, lstat '/vercel/sandbox/backend/node_modules/@workflow/cli/node_modules/next/dist/compiled/@vercel/og/language'
npm warn tar TAR_ENTRY_ERROR ENOENT: no such file or directory, open '/vercel/sandbox/backend/node_modules/@workflow/cli/node_modules/next/dist/compiled/@vercel/og/satori/index.d.ts'
npm warn tar TAR_ENTRY_ERROR ENOENT: no such file or directory, open '/vercel/sandbox/backend/node_modules/@workflow/cli/node_modules/next/dist/experimental/testing/server/index.d.ts'
npm warn tar TAR_ENTRY_ERROR ENOENT: no such file or directory, open '/vercel/sandbox/backend/node_modules/@workflow/cli/node_modules/next/dist/experimental/testmode/playwright/index.d.ts'
npm warn tar TAR_ENTRY_ERROR ENOENT: no such file or directory, open '/vercel/sandbox/backend/node_modules/@workflow/cli/node_modules/next/dist/experimental/testmode/proxy/index.d.ts'
npm warn tar TAR_ENTRY_ERROR ENOENT: no such file or directory, open '/vercel/sandbox/backend/node_modules/@workflow/cli/node_modules/next/dist/export/index.d.ts'
npm warn tar TAR_ENTRY_ERROR ENOENT: no such file or directory, lstat '/vercel/sandbox/backend/node_modules/@workflow/cli/node_modules/next/dist/next-devtools/dev-overlay'
npm warn tar TAR_ENTRY_ERROR ENOENT: no such file or directory, lstat '/vercel/sandbox/backend/node_modules/@workflow/cli/node_modules/next/dist/next-devtools/dev-overlay'
npm warn tar TAR_ENTRY_ERROR ENOENT: no such file or directory, lstat '/vercel/sandbox/backend/node_modules/@workflow/cli/node_modules/next/dist/next-devtools/dev-overlay'
npm warn tar TAR_ENTRY_ERROR ENOENT: no such file or directory, lstat '/vercel/sandbox/backend/node_modules/@workflow/cli/node_modules/next/dist/next-devtools/dev-overlay'
npm warn tar TAR_ENTRY_ERROR ENOENT: no such file or directory, lstat '/vercel/sandbox/backend/node_modules/@workflow/cli/node_modules/next/dist/next-devtools/dev-overlay'
npm warn tar TAR_ENTRY_ERROR ENOENT: no such file or directory, lstat '/vercel/sandbox/backend/node_modules/@workflow/cli/node_modules/next/dist/next-devtools/dev-overlay'
npm warn tar TAR_ENTRY_ERROR ENOENT: no such file or directory, lstat '/vercel/sandbox/backend/node_modules/@workflow/cli/node_modules/next/dist/next-devtools/dev-overlay'
npm warn tar TAR_ENTRY_ERROR ENOENT: no such file or directory, lstat '/vercel/sandbox/backend/node_modules/@workflow/cli/node_modules/next/dist/next-devtools/dev-overlay'
npm warn tar TAR_ENTRY_ERROR ENOENT: no such file or directory, lstat '/vercel/sandbox/backend/node_modules/@workflow/cli/node_modules/next/dist/next-devtools/dev-overlay'
npm warn tar TAR_ENTRY_ERROR ENOENT: no such file or directory, lstat '/vercel/sandbox/backend/node_modules/@workflow/cli/node_modules/next/dist/next-devtools/dev-overlay'
npm warn tar TAR_ENTRY_ERROR ENOENT: no such file or directory, open '/vercel/sandbox/backend/node_modules/@workflow/cli/node_modules/next/dist/next-devtools/userspace/app/errors/index.d.ts'
npm warn tar TAR_ENTRY_ERROR ENOENT: no such file or directory, open '/vercel/sandbox/backend/node_modules/@workflow/cli/node_modules/next/dist/server/after/index.d.ts'
npm warn tar TAR_ENTRY_ERROR ENOENT: no such file or directory, open '/vercel/sandbox/backend/node_modules/@workflow/cli/node_modules/next/dist/server/api-utils/index.d.ts'
npm warn tar TAR_ENTRY_ERROR ENOENT: no such file or directory, open '/vercel/sandbox/backend/node_modules/@workflow/cli/node_modules/next/dist/server/base-http/index.d.ts'
npm warn tar TAR_ENTRY_ERROR ENOENT: no such file or directory, open '/vercel/sandbox/backend/node_modules/@workflow/cli/node_modules/next/dist/server/lib/incremental-cache/index.d.ts'
npm warn tar TAR_ENTRY_ERROR ENOENT: no such file or directory, open '/vercel/sandbox/backend/node_modules/@workflow/cli/node_modules/next/dist/server/normalizers/built/app/index.d.ts'
npm warn tar TAR_ENTRY_ERROR ENOENT: no such file or directory, open '/vercel/sandbox/backend/node_modules/@workflow/cli/node_modules/next/dist/server/normalizers/built/pages/index.d.ts'
npm warn tar TAR_ENTRY_ERROR ENOENT: no such file or directory, open '/vercel/sandbox/backend/node_modules/@workflow/cli/node_modules/next/dist/server/response-cache/index.d.ts'
npm warn tar TAR_ENTRY_ERROR ENOENT: no such file or directory, open '/vercel/sandbox/backend/node_modules/@workflow/cli/node_modules/next/dist/server/typescript/index.d.ts'
npm warn tar TAR_ENTRY_ERROR ENOENT: no such file or directory, open '/vercel/sandbox/backend/node_modules/@workflow/cli/node_modules/next/dist/server/web/exports/index.d.ts'
npm warn tar TAR_ENTRY_ERROR ENOENT: no such file or directory, open '/vercel/sandbox/backend/node_modules/@workflow/cli/node_modules/next/dist/server/web/sandbox/index.d.ts'
npm warn tar TAR_ENTRY_ERROR ENOENT: no such file or directory, open '/vercel/sandbox/backend/node_modules/@workflow/cli/node_modules/next/dist/shared/lib/router/utils/index.d.ts'
npm warn tar TAR_ENTRY_ERROR ENOENT: no such file or directory, open '/vercel/sandbox/backend/node_modules/@workflow/cli/node_modules/next/dist/telemetry/events/index.d.ts'
npm warn tar TAR_ENTRY_ERROR ENOENT: no such file or directory, open '/vercel/sandbox/backend/node_modules/@workflow/cli/node_modules/next/dist/trace/index.d.ts'
npm warn tar TAR_ENTRY_ERROR ENOENT: no such file or directory, open '/vercel/sandbox/backend/node_modules/@workflow/cli/node_modules/next/dist/trace/report/index.d.ts'
npm warn tar TAR_ENTRY_ERROR ENOENT: no such file or directory, open '/vercel/sandbox/backend/node_modules/@workflow/cli/node_modules/next/font/google/index.d.ts'
npm warn tar TAR_ENTRY_ERROR ENOENT: no such file or directory, open '/vercel/sandbox/backend/node_modules/@workflow/cli/node_modules/next/font/local/index.d.ts'
npm warn tar TAR_ENTRY_ERROR ENOENT: no such file or directory, open '/vercel/sandbox/backend/node_modules/@workflow/cli/node_modules/next/dist/compiled/@vercel/og/index.edge.d.ts'
npm warn tar TAR_ENTRY_ERROR ENOENT: no such file or directory, open '/vercel/sandbox/backend/node_modules/@workflow/cli/node_modules/next/dist/compiled/@vercel/og/index.node.d.ts'
npm warn tar TAR_ENTRY_ERROR ENOENT: no such file or directory, lstat '/vercel/sandbox/backend/node_modules/@workflow/cli/node_modules/next/dist/next-devtools/dev-overlay'
npm warn tar TAR_ENTRY_ERROR ENOENT: no such file or directory, open '/vercel/sandbox/backend/node_modules/@workflow/cli/node_modules/next/dist/build/webpack/loaders/next-style-loader/runtime/injectStylesIntoLinkTag.d.ts'
npm warn tar TAR_ENTRY_ERROR ENOENT: no such file or directory, open '/vercel/sandbox/backend/node_modules/@workflow/cli/node_modules/next/dist/build/webpack/loaders/next-style-loader/runtime/injectStylesIntoStyleTag.d.ts'
npm warn tar TAR_ENTRY_ERROR ENOENT: no such file or directory, open '/vercel/sandbox/backend/node_modules/@workflow/cli/node_modules/next/dist/build/swc/install-bindings.d.ts'
npm warn tar TAR_ENTRY_ERROR ENOENT: no such file or directory, open '/vercel/sandbox/backend/node_modules/@workflow/cli/node_modules/next/dist/lib/helpers/install.d.ts'
npm warn tar TAR_ENTRY_ERROR ENOENT: no such file or directory, open '/vercel/sandbox/backend/node_modules/@workflow/cli/node_modules/next/dist/server/lib/router-utils/instrumentation-globals.external.d.ts'
npm warn tar TAR_ENTRY_ERROR ENOENT: no such file or directory, open '/vercel/sandbox/backend/node_modules/@workflow/cli/node_modules/next/dist/server/lib/router-utils/instrumentation-node-extensions.d.ts'
npm warn tar TAR_ENTRY_ERROR ENOENT: no such file or directory, open '/vercel/sandbox/backend/node_modules/@workflow/cli/node_modules/next/dist/next-devtools/userspace/app/errors/intercept-console-error.d.ts'
npm warn tar TAR_ENTRY_ERROR ENOENT: no such file or directory, open '/vercel/sandbox/backend/node_modules/@workflow/cli/node_modules/next/dist/shared/lib/router/utils/interception-routes.d.ts'
npm warn tar TAR_ENTRY_ERROR ENOENT: no such file or directory, open '/vercel/sandbox/backend/node_modules/@workflow/cli/node_modules/next/dist/build/webpack/loaders/lightningcss-loader/src/interface.d.ts'
npm warn tar TAR_ENTRY_ERROR ENOENT: no such file or directory, open '/vercel/sandbox/backend/node_modules/@workflow/cli/node_modules/next/dist/shared/lib/turbopack/internal-error.d.ts'
npm warn tar TAR_ENTRY_ERROR ENOENT: no such file or directory, open '/vercel/sandbox/backend/node_modules/@workflow/cli/node_modules/next/dist/shared/lib/router/utils/interpolate-as.d.ts'
npm warn tar TAR_ENTRY_ERROR ENOENT: no such file or directory, open '/vercel/sandbox/backend/node_modules/@workflow/cli/node_modules/next/dist/shared/lib/router/utils/is-bot.d.ts'
npm warn tar TAR_ENTRY_ERROR ENOENT: no such file or directory, open '/vercel/sandbox/backend/node_modules/@workflow/cli/node_modules/next/dist/export/helpers/is-dynamic-usage-error.d.ts'
npm warn tar TAR_ENTRY_ERROR ENOENT: no such file or directory, open '/vercel/sandbox/backend/node_modules/@workflow/cli/node_modules/next/dist/shared/lib/router/utils/is-dynamic.d.ts'
npm warn tar TAR_ENTRY_ERROR ENOENT: no such file or directory, open '/vercel/sandbox/backend/node_modules/@workflow/cli/node_modules/next/dist/server/lib/is-ipv6.d.ts'
npm warn tar TAR_ENTRY_ERROR ENOENT: no such file or directory, open '/vercel/sandbox/backend/node_modules/@workflow/cli/node_modules/next/dist/shared/lib/router/utils/is-local-url.d.ts'
npm warn tar TAR_ENTRY_ERROR ENOENT: no such file or directory, open '/vercel/sandbox/backend/node_modules/@workflow/cli/node_modules/next/dist/lib/metadata/is-metadata-route.d.ts'
npm warn tar TAR_ENTRY_ERROR ENOENT: no such file or directory, open '/vercel/sandbox/backend/node_modules/@workflow/cli/node_modules/next/dist/server/lib/router-utils/is-postpone.d.ts'
npm warn tar TAR_ENTRY_ERROR ENOENT: no such file or directory, open '/vercel/sandbox/backend/node_modules/@workflow/cli/node_modules/next/dist/server/route-modules/app-route/helpers/is-static-gen-enabled.d.ts'
npm warn tar TAR_ENTRY_ERROR ENOENT: no such file or directory, open '/vercel/sandbox/backend/node_modules/@workflow/cli/node_modules/next/dist/build/webpack/loaders/next-style-loader/runtime/isEqualLocals.d.ts'
npm warn tar TAR_ENTRY_ERROR ENOENT: no such file or directory, open '/vercel/sandbox/backend/node_modules/@workflow/cli/node_modules/next/dist/build/swc/jest-transformer.d.ts'
npm warn tar TAR_ENTRY_ERROR ENOENT: no such file or directory, open '/vercel/sandbox/backend/node_modules/@workflow/cli/node_modules/next/dist/build/jest/jest.d.ts'
npm warn tar TAR_ENTRY_ERROR ENOENT: no such file or directory, open '/vercel/sandbox/backend/node_modules/@workflow/cli/node_modules/next/dist/build/webpack/loaders/resolve-url-loader/lib/join-function.d.ts'
npm warn tar TAR_ENTRY_ERROR ENOENT: no such file or directory, open '/vercel/sandbox/backend/node_modules/@workflow/cli/node_modules/next/dist/build/babel/plugins/jsx-pragma.d.ts'
npm warn tar TAR_ENTRY_ERROR ENOENT: no such file or directory, open '/vercel/sandbox/backend/node_modules/@workflow/cli/node_modules/next/dist/next-devtools/server/launch-editor.d.ts'
npm warn tar TAR_ENTRY_ERROR ENOENT: no such file or directory, open '/vercel/sandbox/backend/node_modules/@workflow/cli/node_modules/next/dist/client/components/builtin/layout.d.ts'
npm warn tar TAR_ENTRY_ERROR ENOENT: no such file or directory, open '/vercel/sandbox/backend/node_modules/@workflow/cli/node_modules/next/dist/server/lib/lazy-result.d.ts'
npm warn tar TAR_ENTRY_ERROR ENOENT: no such file or directory, lstat '/vercel/sandbox/backend/node_modules/@workflow/cli/node_modules/next/dist/next-devtools/dev-overlay'
npm warn tar TAR_ENTRY_ERROR ENOENT: no such file or directory, lstat '/vercel/sandbox/backend/node_modules/@workflow/cli/node_modules/next/dist/next-devtools/dev-overlay'
npm warn tar TAR_ENTRY_ERROR ENOENT: no such file or directory, open '/vercel/sandbox/backend/node_modules/@workflow/cli/node_modules/next/dist/api/link.d.ts'
npm warn tar TAR_ENTRY_ERROR ENOENT: no such file or directory, open '/vercel/sandbox/backend/node_modules/@workflow/cli/node_modules/next/dist/client/app-dir/link.d.ts'
npm warn tar TAR_ENTRY_ERROR ENOENT: no such file or directory, open '/vercel/sandbox/backend/node_modules/@workflow/cli/node_modules/next/dist/client/app-dir/link.react-server.d.ts'
npm warn tar TAR_ENTRY_ERROR ENOENT: no such file or directory, open '/vercel/sandbox/backend/node_modules/@workflow/cli/node_modules/next/dist/compiled/@edge-runtime/primitives/load.d.ts'
npm warn tar TAR_ENTRY_ERROR ENOENT: no such file or directory, open '/vercel/sandbox/backend/node_modules/@workflow/cli/node_modules/next/dist/server/route-modules/pages/vendored/contexts/loadable-context.d.ts'
npm warn tar TAR_ENTRY_ERROR ENOENT: no such file or directory, open '/vercel/sandbox/backend/node_modules/@workflow/cli/node_modules/next/dist/server/route-modules/pages/vendored/contexts/loadable.d.ts'
npm warn tar TAR_ENTRY_ERROR ENOENT: no such file or directory, open '/vercel/sandbox/backend/node_modules/@workflow/cli/node_modules/next/dist/shared/lib/lazy-dynamic/loadable.d.ts'
npm warn tar TAR_ENTRY_ERROR ENOENT: no such file or directory, open '/vercel/sandbox/backend/node_modules/@workflow/cli/node_modules/next/dist/build/webpack/loaders/lightningcss-loader/src/loader.d.ts'
npm warn tar TAR_ENTRY_ERROR ENOENT: no such file or directory, open '/vercel/sandbox/backend/node_modules/@workflow/cli/node_modules/next/dist/compiled/@next/font/dist/google/loader.d.ts'
npm warn tar TAR_ENTRY_ERROR ENOENT: no such file or directory, open '/vercel/sandbox/backend/node_modules/@workflow/cli/node_modules/next/dist/compiled/@next/font/dist/local/loader.d.ts'
npm warn tar TAR_ENTRY_ERROR ENOENT: no such file or directory, open '/vercel/sandbox/backend/node_modules/@workflow/cli/node_modules/next/dist/compiled/@next/font/google/loader.d.ts'
npm warn tar TAR_ENTRY_ERROR ENOENT: no such file or directory, open '/vercel/sandbox/backend/node_modules/@workflow/cli/node_modules/next/dist/compiled/@next/font/local/loader.d.ts'
npm warn tar TAR_ENTRY_ERROR ENOENT: no such file or directory, lstat '/vercel/sandbox/backend/node_modules/@workflow/cli/node_modules/next/dist/next-devtools/dev-overlay'
npm warn tar TAR_ENTRY_ERROR ENOENT: no such file or directory, open '/vercel/sandbox/backend/node_modules/@workflow/cli/node_modules/next/dist/server/route-definitions/locale-route-definition.d.ts'
npm warn tar TAR_ENTRY_ERROR ENOENT: no such file or directory, open '/vercel/sandbox/backend/node_modules/@workflow/cli/node_modules/next/dist/server/route-matches/locale-route-match.d.ts'
npm warn tar TAR_ENTRY_ERROR ENOENT: no such file or directory, open '/vercel/sandbox/backend/node_modules/@workflow/cli/node_modules/next/dist/server/route-matchers/locale-route-matcher.d.ts'
npm warn tar TAR_ENTRY_ERROR ENOENT: no such file or directory, open '/vercel/sandbox/backend/node_modules/@workflow/cli/node_modules/next/dist/server/normalizers/locale-route-normalizer.d.ts'
npm warn tar TAR_ENTRY_ERROR ENOENT: no such file or directory, open '/vercel/sandbox/backend/node_modules/@workflow/cli/node_modules/next/dist/server/dev/log-requests.d.ts'
npm warn tar TAR_ENTRY_ERROR ENOENT: no such file or directory, open '/vercel/sandbox/backend/node_modules/@workflow/cli/node_modules/next/dist/build/output/log.d.ts'
npm warn tar TAR_ENTRY_ERROR ENOENT: no such file or directory, lstat '/vercel/sandbox/backend/node_modules/@workflow/cli/node_modules/next/dist/next-devtools/dev-overlay'
npm warn tar TAR_ENTRY_ERROR ENOENT: no such file or directory, open '/vercel/sandbox/backend/node_modules/@workflow/cli/node_modules/next/dist/server/lib/lru-cache.d.ts'
npm warn tar TAR_ENTRY_ERROR ENOENT: no such file or directory, open '/vercel/sandbox/backend/node_modules/@workflow/cli/node_modules/next/dist/client/components/segment-cache/lru.d.ts'
npm warn tar TAR_ENTRY_ERROR ENOENT: no such file or directory, open '/vercel/sandbox/backend/node_modules/@workflow/cli/node_modules/next/dist/server/route-matcher-providers/helpers/manifest-loaders/manifest-loader.d.ts'
npm warn tar TAR_ENTRY_ERROR ENOENT: no such file or directory, open '/vercel/sandbox/backend/node_modules/@workflow/cli/node_modules/next/dist/shared/lib/turbopack/manifest-loader.d.ts'
npm warn tar TAR_ENTRY_ERROR ENOENT: no such file or directory, open '/vercel/sandbox/backend/node_modules/@workflow/cli/node_modules/next/dist/lib/metadata/types/manifest-types.d.ts'
npm warn tar TAR_ENTRY_ERROR ENOENT: no such file or directory, open '/vercel/sandbox/backend/node_modules/@workflow/cli/node_modules/next/dist/server/lib/match-next-data-pathname.d.ts'
npm warn tar TAR_ENTRY_ERROR ENOENT: no such file or directory, open '/vercel/sandbox/backend/node_modules/@workflow/cli/node_modules/next/dist/server/mcp/mcp-telemetry-tracker.d.ts'
npm warn tar TAR_ENTRY_ERROR ENOENT: no such file or directory, open '/vercel/sandbox/backend/node_modules/@workflow/cli/node_modules/next/dist/server/lib/incremental-cache/memory-cache.external.d.ts'
npm warn tar TAR_ENTRY_ERROR ENOENT: no such file or directory, open '/vercel/sandbox/backend/node_modules/@workflow/cli/node_modules/next/dist/build/webpack/config/blocks/css/messages.d.ts'
npm warn tar TAR_ENTRY_ERROR ENOENT: no such file or directory, open '/vercel/sandbox/backend/node_modules/@workflow/cli/node_modules/next/dist/build/webpack/config/blocks/images/messages.d.ts'
npm warn tar TAR_ENTRY_ERROR ENOENT: no such file or directory, open '/vercel/sandbox/backend/node_modules/@workflow/cli/node_modules/next/dist/server/dev/messages.d.ts'
npm warn tar TAR_ENTRY_ERROR ENOENT: no such file or directory, open '/vercel/sandbox/backend/node_modules/@workflow/cli/node_modules/next/dist/lib/metadata/generate/meta.d.ts'
npm warn tar TAR_ENTRY_ERROR ENOENT: no such file or directory, open '/vercel/sandbox/backend/node_modules/@workflow/cli/node_modules/next/dist/lib/metadata/metadata-context.d.ts'
npm warn tar TAR_ENTRY_ERROR ENOENT: no such file or directory, open '/vercel/sandbox/backend/node_modules/@workflow/cli/node_modules/next/dist/lib/metadata/types/metadata-interface.d.ts'
npm warn tar TAR_ENTRY_ERROR ENOENT: no such file or directory, open '/vercel/sandbox/backend/node_modules/@workflow/cli/node_modules/next/dist/lib/metadata/types/metadata-types.d.ts'
npm warn tar TAR_ENTRY_ERROR ENOENT: no such file or directory, open '/vercel/sandbox/backend/node_modules/@workflow/cli/node_modules/next/dist/lib/metadata/metadata.d.ts'
npm warn tar TAR_ENTRY_ERROR ENOENT: no such file or directory, open '/vercel/sandbox/backend/node_modules/@workflow/cli/node_modules/next/dist/server/typescript/rules/metadata.d.ts'
npm warn tar TAR_ENTRY_ERROR ENOENT: no such file or directory, open '/vercel/sandbox/backend/node_modules/@workflow/cli/node_modules/next/dist/build/segment-config/middleware/middleware-config.d.ts'
npm warn tar TAR_ENTRY_ERROR ENOENT: no such file or directory, open '/vercel/sandbox/backend/node_modules/@workflow/cli/node_modules/next/dist/next-devtools/server/middleware-response.d.ts'
npm warn tar TAR_ENTRY_ERROR ENOENT: no such file or directory, open '/vercel/sandbox/backend/node_modules/@workflow/cli/node_modules/next/dist/shared/lib/router/utils/middleware-route-matcher.d.ts'
npm warn tar TAR_ENTRY_ERROR ENOENT: no such file or directory, open '/vercel/sandbox/backend/node_modules/@workflow/cli/node_modules/next/dist/experimental/testing/server/middleware-testing-utils.d.ts'
npm warn tar TAR_ENTRY_ERROR ENOENT: no such file or directory, open '/vercel/sandbox/backend/node_modules/@workflow/cli/node_modules/next/dist/server/dev/middleware-turbopack.d.ts'
npm warn tar TAR_ENTRY_ERROR ENOENT: no such file or directory, open '/vercel/sandbox/backend/node_modules/@workflow/cli/node_modules/next/dist/server/dev/middleware-webpack.d.ts'
npm warn tar TAR_ENTRY_ERROR ENOENT: no such file or directory, open '/vercel/sandbox/backend/node_modules/@workflow/cli/node_modules/next/dist/build/templates/middleware.d.ts'
npm warn tar TAR_ENTRY_ERROR ENOENT: no such file or directory, open '/vercel/sandbox/backend/node_modules/@workflow/cli/node_modules/next/dist/build/webpack/loaders/lightningcss-loader/src/minify.d.ts'
npm warn tar TAR_ENTRY_ERROR ENOENT: no such file or directory, open '/vercel/sandbox/backend/node_modules/@workflow/cli/node_modules/next/dist/shared/lib/errors/missing-default-parallel-route-error.d.ts'
npm warn tar TAR_ENTRY_ERROR ENOENT: no such file or directory, open '/vercel/sandbox/backend/node_modules/@workflow/cli/node_modules/next/dist/lib/typescript/missingDependencyError.d.ts'
npm warn tar TAR_ENTRY_ERROR ENOENT: no such file or directory, open '/vercel/sandbox/backend/node_modules/@workflow/cli/node_modules/next/dist/server/lib/mock-request.d.ts'
npm warn tar TAR_ENTRY_ERROR ENOENT: no such file or directory, open '/vercel/sandbox/backend/node_modules/@workflow/cli/node_modules/next/dist/build/webpack/loaders/modularize-import-loader.d.ts'
npm warn tar TAR_ENTRY_ERROR ENOENT: no such file or directory, open '/vercel/sandbox/backend/node_modules/@workflow/cli/node_modules/next/dist/server/lib/module-loader/module-loader.d.ts'
npm warn tar TAR_ENTRY_ERROR ENOENT: no such file or directory, open '/vercel/sandbox/backend/node_modules/@workflow/cli/node_modules/next/dist/build/webpack/loaders/next-flight-loader/module-proxy.d.ts'
npm warn tar TAR_ENTRY_ERROR ENOENT: no such file or directory, open '/vercel/sandbox/backend/node_modules/@workflow/cli/node_modules/next/dist/esm/server/route-modules/app-page/module.compiled.d.ts'
npm warn tar TAR_ENTRY_ERROR ENOENT: no such file or directory, open '/vercel/sandbox/backend/node_modules/@workflow/cli/node_modules/next/dist/esm/server/route-modules/app-route/module.compiled.d.ts'
npm warn tar TAR_ENTRY_ERROR ENOENT: no such file or directory, open '/vercel/sandbox/backend/node_modules/@workflow/cli/node_modules/next/dist/esm/server/route-modules/pages-api/module.compiled.d.ts'
npm warn tar TAR_ENTRY_ERROR ENOENT: no such file or directory, open '/vercel/sandbox/backend/node_modules/@workflow/cli/node_modules/next/dist/esm/server/route-modules/pages/module.compiled.d.ts'
npm warn tar TAR_ENTRY_ERROR ENOENT: no such file or directory, open '/vercel/sandbox/backend/node_modules/@workflow/cli/node_modules/next/dist/server/route-modules/app-page/module.compiled.d.ts'
npm warn tar TAR_ENTRY_ERROR ENOENT: no such file or directory, open '/vercel/sandbox/backend/node_modules/@workflow/cli/node_modules/next/dist/server/route-modules/app-route/module.compiled.d.ts'
npm warn tar TAR_ENTRY_ERROR ENOENT: no such file or directory, open '/vercel/sandbox/backend/node_modules/@workflow/cli/node_modules/next/dist/server/route-modules/pages-api/module.compiled.d.ts'
npm warn tar TAR_ENTRY_ERROR ENOENT: no such file or directory, open '/vercel/sandbox/backend/node_modules/@workflow/cli/node_modules/next/dist/server/route-modules/pages/module.compiled.d.ts'
npm warn tar TAR_ENTRY_ERROR ENOENT: no such file or directory, open '/vercel/sandbox/backend/node_modules/@workflow/cli/node_modules/next/dist/server/route-modules/app-page/module.d.ts'
npm warn tar TAR_ENTRY_ERROR ENOENT: no such file or directory, open '/vercel/sandbox/backend/node_modules/@workflow/cli/node_modules/next/dist/server/route-modules/app-route/module.d.ts'
npm warn tar TAR_ENTRY_ERROR ENOENT: no such file or directory, open '/vercel/sandbox/backend/node_modules/@workflow/cli/node_modules/next/dist/server/route-modules/pages-api/module.d.ts'
npm warn tar TAR_ENTRY_ERROR ENOENT: no such file or directory, open '/vercel/sandbox/backend/node_modules/@workflow/cli/node_modules/next/dist/server/route-modules/pages/module.d.ts'
npm warn tar TAR_ENTRY_ERROR ENOENT: no such file or directory, open '/vercel/sandbox/backend/node_modules/@workflow/cli/node_modules/next/dist/server/route-modules/app-page/module.render.d.ts'
npm warn tar TAR_ENTRY_ERROR ENOENT: no such file or directory, open '/vercel/sandbox/backend/node_modules/@workflow/cli/node_modules/next/dist/server/route-modules/pages/module.render.d.ts'
npm warn tar TAR_ENTRY_ERROR ENOENT: no such file or directory, open '/vercel/sandbox/backend/node_modules/@workflow/cli/node_modules/next/dist/build/webpack/config/blocks/css/loaders/modules.d.ts'
npm warn tar TAR_ENTRY_ERROR ENOENT: no such file or directory, open '/vercel/sandbox/backend/node_modules/@workflow/cli/node_modules/next/dist/experimental/testmode/playwright/msw.d.ts'
npm warn tar TAR_ENTRY_ERROR ENOENT: no such file or directory, open '/vercel/sandbox/backend/node_modules/@workflow/cli/node_modules/next/dist/client/components/router-reducer/reducers/navigate-reducer.d.ts'
npm warn tar TAR_ENTRY_ERROR ENOENT: no such file or directory, open '/vercel/sandbox/backend/node_modules/@workflow/cli/node_modules/next/dist/api/navigation.d.ts'
npm warn tar TAR_ENTRY_ERROR ENOENT: no such file or directory, open '/vercel/sandbox/backend/node_modules/@workflow/cli/node_modules/next/dist/client/components/segment-cache/navigation.d.ts'
npm warn tar TAR_ENTRY_ERROR ENOENT: no such file or directory, open '/vercel/sandbox/backend/node_modules/@workflow/cli/node_modules/next/dist/api/navigation.react-server.d.ts'
npm warn tar TAR_ENTRY_ERROR ENOENT: no such file or directory, open '/vercel/sandbox/backend/node_modules/@workflow/cli/node_modules/next/dist/build/webpack/loaders/next-barrel-loader.d.ts'
npm warn tar TAR_ENTRY_ERROR ENOENT: no such file or directory, open '/vercel/sandbox/backend/node_modules/@workflow/cli/node_modules/next/dist/cli/next-build.d.ts'
npm warn tar TAR_ENTRY_ERROR ENOENT: no such file or directory, open '/vercel/sandbox/backend/node_modules/@workflow/cli/node_modules/next/dist/build/webpack/loaders/next-client-pages-loader.d.ts'
npm warn tar TAR_ENTRY_ERROR ENOENT: no such file or directory, open '/vercel/sandbox/backend/node_modules/@workflow/cli/node_modules/next/dist/server/normalizers/request/next-data.d.ts'
npm warn tar TAR_ENTRY_ERROR ENOENT: no such file or directory, open '/vercel/sandbox/backend/node_modules/@workflow/cli/node_modules/next/dist/server/dev/next-dev-server.d.ts'
npm warn tar TAR_ENTRY_ERROR ENOENT: no such file or directory, open '/vercel/sandbox/backend/node_modules/@workflow/cli/node_modules/next/dist/cli/next-dev.d.ts'
npm warn tar TAR_ENTRY_ERROR ENOENT: no such file or directory, open '/vercel/sandbox/backend/node_modules/@workflow/cli/node_modules/next/dist/build/webpack/loaders/next-edge-function-loader.d.ts'
npm warn tar TAR_ENTRY_ERROR ENOENT: no such file or directory, open '/vercel/sandbox/backend/node_modules/@workflow/cli/node_modules/next/dist/build/webpack/loaders/next-error-browser-binary-loader.d.ts'
npm warn tar TAR_ENTRY_ERROR ENOENT: no such file or directory, open '/vercel/sandbox/backend/node_modules/@workflow/cli/node_modules/next/dist/cli/next-export.d.ts'
npm warn tar TAR_ENTRY_ERROR ENOENT: no such file or directory, open '/vercel/sandbox/backend/node_modules/@workflow/cli/node_modules/next/dist/experimental/testmode/playwright/next-fixture.d.ts'
npm warn tar TAR_ENTRY_ERROR ENOENT: no such file or directory, open '/vercel/sandbox/backend/node_modules/@workflow/cli/node_modules/next/dist/build/webpack/loaders/next-flight-action-entry-loader.d.ts'
npm warn tar TAR_ENTRY_ERROR ENOENT: no such file or directory, open '/vercel/sandbox/backend/node_modules/@workflow/cli/node_modules/next/dist/build/webpack/loaders/next-flight-client-entry-loader.d.ts'
npm warn tar TAR_ENTRY_ERROR ENOENT: no such file or directory, open '/vercel/sandbox/backend/node_modules/@workflow/cli/node_modules/next/dist/build/webpack/loaders/next-flight-client-module-loader.d.ts'
npm warn tar TAR_ENTRY_ERROR ENOENT: no such file or directory, open '/vercel/sandbox/backend/node_modules/@workflow/cli/node_modules/next/dist/build/webpack/loaders/next-flight-css-loader.d.ts'
npm warn tar TAR_ENTRY_ERROR ENOENT: no such file or directory, open '/vercel/sandbox/backend/node_modules/@workflow/cli/node_modules/next/dist/build/webpack/loaders/next-flight-server-reference-proxy-loader.d.ts'
npm warn tar TAR_ENTRY_ERROR ENOENT: no such file or directory, open '/vercel/sandbox/backend/node_modules/@workflow/cli/node_modules/next/dist/compiled/@next/font/dist/next-font-error.d.ts'
npm warn tar TAR_ENTRY_ERROR ENOENT: no such file or directory, open '/vercel/sandbox/backend/node_modules/@workflow/cli/node_modules/next/dist/build/babel/plugins/next-font-unsupported.d.ts'
npm warn tar TAR_ENTRY_ERROR ENOENT: no such file or directory, open '/vercel/sandbox/backend/node_modules/@workflow/cli/node_modules/next/dist/build/webpack/config/blocks/css/loaders/next-font.d.ts'
npm warn tar TAR_ENTRY_ERROR ENOENT: no such file or directory, open '/vercel/sandbox/backend/node_modules/@workflow/cli/node_modules/next/dist/cli/next-info.d.ts'
npm warn tar TAR_ENTRY_ERROR ENOENT: no such file or directory, open '/vercel/sandbox/backend/node_modules/@workflow/cli/node_modules/next/dist/server/mcp/tools/next-instance-error-state.d.ts'
npm warn tar TAR_ENTRY_ERROR ENOENT: no such file or directory, open '/vercel/sandbox/backend/node_modules/@workflow/cli/node_modules/next/dist/build/webpack/loaders/next-invalid-import-error-loader.d.ts'
npm warn tar TAR_ENTRY_ERROR ENOENT: no such file or directory, lstat '/vercel/sandbox/backend/node_modules/@workflow/cli/node_modules/next/dist/next-devtools/dev-overlay'
npm warn tar TAR_ENTRY_ERROR ENOENT: no such file or directory, open '/vercel/sandbox/backend/node_modules/@workflow/cli/node_modules/next/dist/build/webpack/loaders/next-metadata-image-loader.d.ts'
npm warn tar TAR_ENTRY_ERROR ENOENT: no such file or directory, open '/vercel/sandbox/backend/node_modules/@workflow/cli/node_modules/next/dist/build/webpack/loaders/next-metadata-route-loader.d.ts'
npm warn tar TAR_ENTRY_ERROR ENOENT: no such file or directory, open '/vercel/sandbox/backend/node_modules/@workflow/cli/node_modules/next/dist/build/webpack/loaders/next-middleware-asset-loader.d.ts'
npm warn tar TAR_ENTRY_ERROR ENOENT: no such file or directory, open '/vercel/sandbox/backend/node_modules/@workflow/cli/node_modules/next/dist/build/webpack/loaders/next-middleware-loader.d.ts'
npm warn tar TAR_ENTRY_ERROR ENOENT: no such file or directory, open '/vercel/sandbox/backend/node_modules/@workflow/cli/node_modules/next/dist/build/webpack/loaders/next-middleware-wasm-loader.d.ts'
npm warn tar TAR_ENTRY_ERROR ENOENT: no such file or directory, open '/vercel/sandbox/backend/node_modules/@workflow/cli/node_modules/next/dist/experimental/testmode/playwright/next-options.d.ts'
npm warn tar TAR_ENTRY_ERROR ENOENT: no such file or directory, open '/vercel/sandbox/backend/node_modules/@workflow/cli/node_modules/next/dist/build/babel/plugins/next-page-config.d.ts'
npm warn tar TAR_ENTRY_ERROR ENOENT: no such file or directory, open '/vercel/sandbox/backend/node_modules/@workflow/cli/node_modules/next/dist/build/babel/plugins/next-page-disallow-re-export-all-exports.d.ts'
npm warn tar TAR_ENTRY_ERROR ENOENT: no such file or directory, open '/vercel/sandbox/backend/node_modules/@workflow/cli/node_modules/next/dist/server/web/spec-extension/adapters/next-request.d.ts'
npm warn tar TAR_ENTRY_ERROR ENOENT: no such file or directory, open '/vercel/sandbox/backend/node_modules/@workflow/cli/node_modules/next/dist/build/webpack/loaders/next-root-params-loader.d.ts'
npm warn tar TAR_ENTRY_ERROR ENOENT: no such file or directory, open '/vercel/sandbox/backend/node_modules/@workflow/cli/node_modules/next/dist/build/babel/plugins/next-ssg-transform.d.ts'
npm warn tar TAR_ENTRY_ERROR ENOENT: no such file or directory, open '/vercel/sandbox/backend/node_modules/@workflow/cli/node_modules/next/dist/cli/next-start.d.ts'
npm warn tar TAR_ENTRY_ERROR ENOENT: no such file or directory, open '/vercel/sandbox/backend/node_modules/@workflow/cli/node_modules/next/dist/build/webpack/loaders/next-swc-loader.d.ts'
npm warn tar TAR_ENTRY_ERROR ENOENT: no such file or directory, open '/vercel/sandbox/backend/node_modules/@workflow/cli/node_modules/next/dist/cli/next-telemetry.d.ts'
npm warn tar TAR_ENTRY_ERROR ENOENT: no such file or directory, open '/vercel/sandbox/backend/node_modules/@workflow/cli/node_modules/next/dist/cli/next-test.d.ts'
npm warn tar TAR_ENTRY_ERROR ENOENT: no such file or directory, open '/vercel/sandbox/backend/node_modules/@workflow/cli/node_modules/next/dist/cli/next-typegen.d.ts'
npm warn tar TAR_ENTRY_ERROR ENOENT: no such file or directory, open '/vercel/sandbox/backend/node_modules/@workflow/cli/node_modules/next/dist/experimental/testmode/playwright/next-worker-fixture.d.ts'
npm warn tar TAR_ENTRY_ERROR ENOENT: no such file or directory, open '/vercel/sandbox/backend/node_modules/@workflow/cli/node_modules/next/dist/bin/next.d.ts'
npm warn tar TAR_ENTRY_ERROR ENOENT: no such file or directory, open '/vercel/sandbox/backend/node_modules/@workflow/cli/node_modules/next/dist/build/jest/__mocks__/nextFontMock.d.ts'
npm warn tar TAR_ENTRY_ERROR ENOENT: no such file or directory, open '/vercel/sandbox/backend/node_modules/@workflow/cli/node_modules/next/dist/server/node-environment-extensions/node-crypto.d.ts'
npm warn tar TAR_ENTRY_ERROR ENOENT: no such file or directory, open '/vercel/sandbox/backend/node_modules/@workflow/cli/node_modules/next/dist/server/lib/node-fs-methods.d.ts'
npm warn tar TAR_ENTRY_ERROR ENOENT: no such file or directory, open '/vercel/sandbox/backend/node_modules/@workflow/cli/node_modules/next/dist/server/route-matcher-providers/helpers/manifest-loaders/node-manifest-loader.d.ts'
npm warn tar TAR_ENTRY_ERROR ENOENT: no such file or directory, open '/vercel/sandbox/backend/node_modules/@workflow/cli/node_modules/next/dist/server/lib/module-loader/node-module-loader.d.ts'
npm warn tar TAR_ENTRY_ERROR ENOENT: no such file or directory, open '/vercel/sandbox/backend/node_modules/@workflow/cli/node_modules/next/dist/server/dev/node-stack-frames.d.ts'
npm warn tar TAR_ENTRY_ERROR ENOENT: no such file or directory, open '/vercel/sandbox/backend/node_modules/@workflow/cli/node_modules/next/dist/server/stream-utils/node-web-streams-helper.d.ts'
npm warn tar TAR_ENTRY_ERROR ENOENT: no such file or directory, open '/vercel/sandbox/backend/node_modules/@workflow/cli/node_modules/next/dist/server/base-http/node.d.ts'
npm warn tar TAR_ENTRY_ERROR ENOENT: no such file or directory, lstat '/vercel/sandbox/backend/node_modules/@workflow/cli/node_modules/next/dist/next-devtools/dev-overlay'
npm warn tar TAR_ENTRY_ERROR ENOENT: no such file or directory, open '/vercel/sandbox/backend/node_modules/@workflow/cli/node_modules/next/dist/shared/lib/page-path/normalize-data-path.d.ts'
npm warn tar TAR_ENTRY_ERROR ENOENT: no such file or directory, open '/vercel/sandbox/backend/node_modules/@workflow/cli/node_modules/next/dist/shared/lib/i18n/normalize-locale-path.d.ts'
npm warn tar TAR_ENTRY_ERROR ENOENT: no such file or directory, open '/vercel/sandbox/backend/node_modules/@workflow/cli/node_modules/next/dist/shared/lib/page-path/normalize-page-path.d.ts'
npm warn tar TAR_ENTRY_ERROR ENOENT: no such file or directory, open '/vercel/sandbox/backend/node_modules/@workflow/cli/node_modules/next/dist/shared/lib/page-path/normalize-path-sep.d.ts'
npm warn tar TAR_ENTRY_ERROR ENOENT: no such file or directory, open '/vercel/sandbox/backend/node_modules/@workflow/cli/node_modules/next/dist/server/normalizers/normalizer.d.ts'
npm warn tar TAR_ENTRY_ERROR ENOENT: no such file or directory, open '/vercel/sandbox/backend/node_modules/@workflow/cli/node_modules/next/dist/server/normalizers/normalizers.d.ts'
npm warn tar TAR_ENTRY_ERROR ENOENT: no such file or directory, open '/vercel/sandbox/backend/node_modules/@workflow/cli/node_modules/next/dist/client/components/builtin/not-found.d.ts'
npm warn tar TAR_ENTRY_ERROR ENOENT: no such file or directory, open '/vercel/sandbox/backend/node_modules/@workflow/cli/node_modules/next/dist/build/polyfills/object-assign.d.ts'
npm warn tar TAR_ENTRY_ERROR ENOENT: no such file or directory, open '/vercel/sandbox/backend/node_modules/@workflow/cli/node_modules/next/dist/build/jest/object-proxy.d.ts'
npm warn tar TAR_ENTRY_ERROR ENOENT: no such file or directory, open '/vercel/sandbox/backend/node_modules/@workflow/cli/node_modules/next/dist/api/og.d.ts'
npm warn tar TAR_ENTRY_ERROR ENOENT: no such file or directory, open '/vercel/sandbox/backend/node_modules/@workflow/cli/node_modules/next/dist/compiled/@vercel/og/og.d.ts'
npm warn tar TAR_ENTRY_ERROR ENOENT: no such file or directory, open '/vercel/sandbox/backend/node_modules/@workflow/cli/node_modules/next/dist/shared/lib/router/utils/omit.d.ts'
npm warn tar TAR_ENTRY_ERROR ENOENT: no such file or directory, open '/vercel/sandbox/backend/node_modules/@workflow/cli/node_modules/next/dist/server/dev/on-demand-entry-handler.d.ts'
npm warn tar TAR_ENTRY_ERROR ENOENT: no such file or directory, open '/vercel/sandbox/backend/node_modules/@workflow/cli/node_modules/next/dist/client/react-client-callbacks/on-recoverable-error.d.ts'
npm warn tar TAR_ENTRY_ERROR ENOENT: no such file or directory, open '/vercel/sandbox/backend/node_modules/@workflow/cli/node_modules/next/dist/lib/metadata/types/opengraph-types.d.ts'
npm warn tar TAR_ENTRY_ERROR ENOENT: no such file or directory, open '/vercel/sandbox/backend/node_modules/@workflow/cli/node_modules/next/dist/lib/metadata/generate/opengraph.d.ts'
npm warn tar TAR_ENTRY_ERROR ENOENT: no such file or directory, open '/vercel/sandbox/backend/node_modules/@workflow/cli/node_modules/next/dist/build/babel/plugins/optimize-hook-destructuring.d.ts'
npm warn tar TAR_ENTRY_ERROR ENOENT: no such file or directory, open '/vercel/sandbox/backend/node_modules/@workflow/cli/node_modules/next/dist/build/swc/options.d.ts'
npm warn tar TAR_ENTRY_ERROR ENOENT: no such file or directory, open '/vercel/sandbox/backend/node_modules/@workflow/cli/node_modules/next/dist/shared/lib/segment-cache/output-export-prefetch-encoding.d.ts'
npm warn tar TAR_ENTRY_ERROR ENOENT: no such file or directory, lstat '/vercel/sandbox/backend/node_modules/@workflow/cli/node_modules/next/dist/next-devtools/dev-overlay'
npm warn tar TAR_ENTRY_ERROR ENOENT: no such file or directory, lstat '/vercel/sandbox/backend/node_modules/@workflow/cli/node_modules/next/dist/next-devtools/dev-overlay'
npm warn tar TAR_ENTRY_ERROR ENOENT: no such file or directory, lstat '/vercel/sandbox/backend/node_modules/@workflow/cli/node_modules/next/dist/next-devtools/dev-overlay'
npm warn tar TAR_ENTRY_ERROR ENOENT: no such file or directory, open '/vercel/sandbox/backend/node_modules/@workflow/cli/node_modules/next/dist/experimental/testmode/playwright/page-route.d.ts'
npm warn tar TAR_ENTRY_ERROR ENOENT: no such file or directory, open '/vercel/sandbox/backend/node_modules/@workflow/cli/node_modules/next/dist/server/route-definitions/pages-api-route-definition.d.ts'
npm warn tar TAR_ENTRY_ERROR ENOENT: no such file or directory, open '/vercel/sandbox/backend/node_modules/@workflow/cli/node_modules/next/dist/server/route-matches/pages-api-route-match.d.ts'
npm warn tar TAR_ENTRY_ERROR ENOENT: no such file or directory, open '/vercel/sandbox/backend/node_modules/@workflow/cli/node_modules/next/dist/server/route-matchers/pages-api-route-matcher.d.ts'
npm warn tar TAR_ENTRY_ERROR ENOENT: no such file or directory, open '/vercel/sandbox/backend/node_modules/@workflow/cli/node_modules/next/dist/build/templates/pages-api.d.ts'
npm warn tar TAR_ENTRY_ERROR ENOENT: no such file or directory, open '/vercel/sandbox/backend/node_modules/@workflow/cli/node_modules/next/dist/server/normalizers/built/pages/pages-bundle-path-normalizer.d.ts'
npm warn tar TAR_ENTRY_ERROR ENOENT: no such file or directory, open '/vercel/sandbox/backend/node_modules/@workflow/cli/node_modules/next/dist/next-devtools/userspace/pages/pages-dev-overlay-error-boundary.d.ts'
npm warn tar TAR_ENTRY_ERROR ENOENT: no such file or directory, open '/vercel/sandbox/backend/node_modules/@workflow/cli/node_modules/next/dist/next-devtools/userspace/pages/pages-dev-overlay-setup.d.ts'
npm warn tar TAR_ENTRY_ERROR ENOENT: no such file or directory, open '/vercel/sandbox/backend/node_modules/@workflow/cli/node_modules/next/dist/build/templates/pages-edge-api.d.ts'
npm warn tar TAR_ENTRY_ERROR ENOENT: no such file or directory, open '/vercel/sandbox/backend/node_modules/@workflow/cli/node_modules/next/dist/server/normalizers/built/pages/pages-filename-normalizer.d.ts'
npm warn tar TAR_ENTRY_ERROR ENOENT: no such file or directory, open '/vercel/sandbox/backend/node_modules/@workflow/cli/node_modules/next/dist/server/route-modules/pages/pages-handler.d.ts'
npm warn tar TAR_ENTRY_ERROR ENOENT: no such file or directory, open '/vercel/sandbox/backend/node_modules/@workflow/cli/node_modules/next/dist/server/normalizers/built/pages/pages-page-normalizer.d.ts'
npm warn tar TAR_ENTRY_ERROR ENOENT: no such file or directory, open '/vercel/sandbox/backend/node_modules/@workflow/cli/node_modules/next/dist/server/normalizers/built/pages/pages-pathname-normalizer.d.ts'
npm warn tar TAR_ENTRY_ERROR ENOENT: no such file or directory, open '/vercel/sandbox/backend/node_modules/@workflow/cli/node_modules/next/dist/server/route-definitions/pages-route-definition.d.ts'
npm warn tar TAR_ENTRY_ERROR ENOENT: no such file or directory, open '/vercel/sandbox/backend/node_modules/@workflow/cli/node_modules/next/dist/server/route-matches/pages-route-match.d.ts'
npm warn tar TAR_ENTRY_ERROR ENOENT: no such file or directory, open '/vercel/sandbox/backend/node_modules/@workflow/cli/node_modules/next/dist/server/route-matchers/pages-route-matcher.d.ts'
npm warn tar TAR_ENTRY_ERROR ENOENT: no such file or directory, open '/vercel/sandbox/backend/node_modules/@workflow/cli/node_modules/next/dist/build/segment-config/pages/pages-segment-config.d.ts'
npm warn tar TAR_ENTRY_ERROR ENOENT: no such file or directory, open '/vercel/sandbox/backend/node_modules/@workflow/cli/node_modules/next/dist/build/static-paths/pages.d.ts'
npm warn tar TAR_ENTRY_ERROR ENOENT: no such file or directory, open '/vercel/sandbox/backend/node_modules/@workflow/cli/node_modules/next/dist/build/templates/pages.d.ts'
npm warn tar TAR_ENTRY_ERROR ENOENT: no such file or directory, open '/vercel/sandbox/backend/node_modules/@workflow/cli/node_modules/next/dist/export/routes/pages.d.ts'
npm warn tar TAR_ENTRY_ERROR ENOENT: no such file or directory, lstat '/vercel/sandbox/backend/node_modules/@workflow/cli/node_modules/next/dist/next-devtools/dev-overlay'
npm warn tar TAR_ENTRY_ERROR ENOENT: no such file or directory, open '/vercel/sandbox/backend/node_modules/@workflow/cli/node_modules/next/dist/client/request/params.browser.d.ts'
npm warn tar TAR_ENTRY_ERROR ENOENT: no such file or directory, open '/vercel/sandbox/backend/node_modules/@workflow/cli/node_modules/next/dist/client/request/params.browser.dev.d.ts'
npm warn tar TAR_ENTRY_ERROR ENOENT: no such file or directory, open '/vercel/sandbox/backend/node_modules/@workflow/cli/node_modules/next/dist/client/request/params.browser.prod.d.ts'
npm warn tar TAR_ENTRY_ERROR ENOENT: no such file or directory, open '/vercel/sandbox/backend/node_modules/@workflow/cli/node_modules/next/dist/server/request/params.d.ts'
npm warn tar TAR_ENTRY_ERROR ENOENT: no such file or directory, open '/vercel/sandbox/backend/node_modules/@workflow/cli/node_modules/next/dist/server/api-utils/node/parse-body.d.ts'
npm warn tar TAR_ENTRY_ERROR ENOENT: no such file or directory, lstat '/vercel/sandbox/backend/node_modules/@workflow/cli/node_modules/next/dist/next-devtools/dev-overlay'
npm warn tar TAR_ENTRY_ERROR ENOENT: no such file or directory, open '/vercel/sandbox/backend/node_modules/@workflow/cli/node_modules/next/dist/build/webpack/plugins/wellknown-errors-plugin/parse-dynamic-code-evaluation-error.d.ts'
npm warn tar TAR_ENTRY_ERROR ENOENT: no such file or directory, open '/vercel/sandbox/backend/node_modules/@workflow/cli/node_modules/next/dist/shared/lib/router/utils/parse-loader-tree.d.ts'
npm warn tar TAR_ENTRY_ERROR ENOENT: no such file or directory, open '/vercel/sandbox/backend/node_modules/@workflow/cli/node_modules/next/dist/build/analysis/parse-module.d.ts'
npm warn tar TAR_ENTRY_ERROR ENOENT: no such file or directory, open '/vercel/sandbox/backend/node_modules/@workflow/cli/node_modules/next/dist/shared/lib/router/utils/parse-path.d.ts'
npm warn tar TAR_ENTRY_ERROR ENOENT: no such file or directory, open '/vercel/sandbox/backend/node_modules/@workflow/cli/node_modules/next/dist/shared/lib/router/utils/parse-relative-url.d.ts'
npm warn tar TAR_ENTRY_ERROR ENOENT: no such file or directory, open '/vercel/sandbox/backend/node_modules/@workflow/cli/node_modules/next/dist/server/lib/parse-stack.d.ts'
npm warn tar TAR_ENTRY_ERROR ENOENT: no such file or directory, lstat '/vercel/sandbox/backend/node_modules/@workflow/cli/node_modules/next/dist/next-devtools/dev-overlay'
npm warn tar TAR_ENTRY_ERROR ENOENT: no such file or directory, open '/vercel/sandbox/backend/node_modules/@workflow/cli/node_modules/next/dist/shared/lib/router/utils/parse-url.d.ts'
npm warn tar TAR_ENTRY_ERROR ENOENT: no such file or directory, open '/vercel/sandbox/backend/node_modules/@workflow/cli/node_modules/next/dist/server/dev/parse-version-info.d.ts'
npm warn tar TAR_ENTRY_ERROR ENOENT: no such file or directory, open '/vercel/sandbox/backend/node_modules/@workflow/cli/node_modules/next/dist/build/webpack/plugins/wellknown-errors-plugin/parseBabel.d.ts'
npm warn tar TAR_ENTRY_ERROR ENOENT: no such file or directory, open '/vercel/sandbox/backend/node_modules/@workflow/cli/node_modules/next/dist/build/webpack/plugins/wellknown-errors-plugin/parseCss.d.ts'
npm warn tar TAR_ENTRY_ERROR ENOENT: no such file or directory, open '/vercel/sandbox/backend/node_modules/@workflow/cli/node_modules/next/dist/server/route-modules/app-route/helpers/parsed-url-query-to-params.d.ts'
npm warn tar TAR_ENTRY_ERROR ENOENT: no such file or directory, open '/vercel/sandbox/backend/node_modules/@workflow/cli/node_modules/next/dist/build/webpack/plugins/wellknown-errors-plugin/parseNextAppLoaderError.d.ts'
npm warn tar TAR_ENTRY_ERROR ENOENT: no such file or directory, open '/vercel/sandbox/backend/node_modules/@workflow/cli/node_modules/next/dist/build/webpack/plugins/wellknown-errors-plugin/parseNextFontError.d.ts'
npm warn tar TAR_ENTRY_ERROR ENOENT: no such file or directory, open '/vercel/sandbox/backend/node_modules/@workflow/cli/node_modules/next/dist/build/webpack/plugins/wellknown-errors-plugin/parseNextInvalidImportError.d.ts'
npm warn tar TAR_ENTRY_ERROR ENOENT: no such file or directory, open '/vercel/sandbox/backend/node_modules/@workflow/cli/node_modules/next/dist/build/webpack/plugins/wellknown-errors-plugin/parseNotFoundError.d.ts'
npm warn tar TAR_ENTRY_ERROR ENOENT: no such file or directory, open '/vercel/sandbox/backend/node_modules/@workflow/cli/node_modules/next/dist/build/webpack/plugins/wellknown-errors-plugin/parseScss.d.ts'
npm warn tar TAR_ENTRY_ERROR ENOENT: no such file or directory, open '/vercel/sandbox/backend/node_modules/@workflow/cli/node_modules/next/dist/server/lib/patch-fetch.d.ts'
npm warn tar TAR_ENTRY_ERROR ENOENT: no such file or directory, open '/vercel/sandbox/backend/node_modules/@workflow/cli/node_modules/next/dist/server/lib/patch-set-header.d.ts'
npm warn tar TAR_ENTRY_ERROR ENOENT: no such file or directory, open '/vercel/sandbox/backend/node_modules/@workflow/cli/node_modules/next/dist/shared/lib/router/utils/path-has-prefix.d.ts'
npm warn tar TAR_ENTRY_ERROR ENOENT: no such file or directory, open '/vercel/sandbox/backend/node_modules/@workflow/cli/node_modules/next/dist/shared/lib/router/utils/path-match.d.ts'
npm warn tar TAR_ENTRY_ERROR ENOENT: no such file or directory, open '/vercel/sandbox/backend/node_modules/@workflow/cli/node_modules/next/dist/esm/shared/lib/isomorphic/path.d.ts'
npm warn tar TAR_ENTRY_ERROR ENOENT: no such file or directory, open '/vercel/sandbox/backend/node_modules/@workflow/cli/node_modules/next/dist/shared/lib/isomorphic/path.d.ts'
npm warn tar TAR_ENTRY_ERROR ENOENT: no such file or directory, open '/vercel/sandbox/backend/node_modules/@workflow/cli/node_modules/next/dist/server/normalizers/request/pathname-normalizer.d.ts'
npm warn tar TAR_ENTRY_ERROR ENOENT: no such file or directory, open '/vercel/sandbox/backend/node_modules/@workflow/cli/node_modules/next/dist/server/request/pathname.d.ts'
npm warn tar TAR_ENTRY_ERROR ENOENT: no such file or directory, open '/vercel/sandbox/backend/node_modules/@workflow/cli/node_modules/next/dist/compiled/@next/font/dist/local/pick-font-file-for-fallback-generation.d.ts'
npm warn tar TAR_ENTRY_ERROR ENOENT: no such file or directory, open '/vercel/sandbox/backend/node_modules/@workflow/cli/node_modules/next/dist/build/webpack/config/blocks/css/plugins.d.ts'
npm warn tar TAR_ENTRY_ERROR ENOENT: no such file or directory, open '/vercel/sandbox/backend/node_modules/@workflow/cli/node_modules/next/dist/telemetry/events/plugins.d.ts'
npm warn tar TAR_ENTRY_ERROR ENOENT: no such file or directory, open '/vercel/sandbox/backend/node_modules/@workflow/cli/node_modules/next/dist/build/polyfills/object.assign/polyfill.d.ts'
npm warn tar TAR_ENTRY_ERROR ENOENT: no such file or directory, open '/vercel/sandbox/backend/node_modules/@workflow/cli/node_modules/next/dist/telemetry/post-telemetry-payload.d.ts'
npm warn tar TAR_ENTRY_ERROR ENOENT: no such file or directory, open '/vercel/sandbox/backend/node_modules/@workflow/cli/node_modules/next/dist/build/webpack/loaders/css-loader/src/plugins/postcss-icss-parser.d.ts'
npm warn tar TAR_ENTRY_ERROR ENOENT: no such file or directory, open '/vercel/sandbox/backend/node_modules/@workflow/cli/node_modules/next/dist/build/webpack/loaders/css-loader/src/plugins/postcss-import-parser.d.ts'
npm warn tar TAR_ENTRY_ERROR ENOENT: no such file or directory, open '/vercel/sandbox/backend/node_modules/@workflow/cli/node_modules/next/dist/build/webpack/loaders/next-font-loader/postcss-next-font.d.ts'
npm warn tar TAR_ENTRY_ERROR ENOENT: no such file or directory, open '/vercel/sandbox/backend/node_modules/@workflow/cli/node_modules/next/dist/build/webpack/loaders/css-loader/src/plugins/postcss-url-parser.d.ts'
npm warn tar TAR_ENTRY_ERROR ENOENT: no such file or directory, open '/vercel/sandbox/backend/node_modules/@workflow/cli/node_modules/next/dist/build/webpack/loaders/resolve-url-loader/lib/postcss.d.ts'
npm warn tar TAR_ENTRY_ERROR ENOENT: no such file or directory, open '/vercel/sandbox/backend/node_modules/@workflow/cli/node_modules/next/dist/server/app-render/rsc/postpone.d.ts'
npm warn tar TAR_ENTRY_ERROR ENOENT: no such file or directory, open '/vercel/sandbox/backend/node_modules/@workflow/cli/node_modules/next/dist/server/lib/experimental/ppr.d.ts'
npm warn tar TAR_ENTRY_ERROR ENOENT: no such file or directory, open '/vercel/sandbox/backend/node_modules/@workflow/cli/node_modules/next/dist/server/normalizers/request/prefetch-rsc.d.ts'
npm warn tar TAR_ENTRY_ERROR ENOENT: no such file or directory, open '/vercel/sandbox/backend/node_modules/@workflow/cli/node_modules/next/dist/client/components/segment-cache/prefetch.d.ts'
npm warn tar TAR_ENTRY_ERROR ENOENT: no such file or directory, open '/vercel/sandbox/backend/node_modules/@workflow/cli/node_modules/next/dist/server/normalizers/request/prefix.d.ts'
npm warn tar TAR_ENTRY_ERROR ENOENT: no such file or directory, open '/vercel/sandbox/backend/node_modules/@workflow/cli/node_modules/next/dist/server/normalizers/prefixing-normalizer.d.ts'
npm warn tar TAR_ENTRY_ERROR ENOENT: no such file or directory, open '/vercel/sandbox/backend/node_modules/@workflow/cli/node_modules/next/dist/shared/lib/lazy-dynamic/preload-chunks.d.ts'
npm warn tar TAR_ENTRY_ERROR ENOENT: no such file or directory, open '/vercel/sandbox/backend/node_modules/@workflow/cli/node_modules/next/dist/server/app-render/rsc/preloads.d.ts'
npm warn tar TAR_ENTRY_ERROR ENOENT: no such file or directory, open '/vercel/sandbox/backend/node_modules/@workflow/cli/node_modules/next/dist/shared/lib/router/utils/prepare-destination.d.ts'
npm warn tar TAR_ENTRY_ERROR ENOENT: no such file or directory, open '/vercel/sandbox/backend/node_modules/@workflow/cli/node_modules/next/dist/server/route-modules/app-page/helpers/prerender-manifest-matcher.d.ts'
npm warn tar TAR_ENTRY_ERROR ENOENT: no such file or directory, open '/vercel/sandbox/backend/node_modules/@workflow/cli/node_modules/next/dist/build/babel/preset.d.ts'
npm warn tar TAR_ENTRY_ERROR ENOENT: no such file or directory, open '/vercel/sandbox/backend/node_modules/@workflow/cli/node_modules/next/dist/build/polyfills/process.d.ts'
npm warn tar TAR_ENTRY_ERROR ENOENT: no such file or directory, open '/vercel/sandbox/backend/node_modules/@workflow/cli/node_modules/next/dist/telemetry/project-id.d.ts'
npm warn tar TAR_ENTRY_ERROR ENOENT: no such file or directory, open '/vercel/sandbox/backend/node_modules/@workflow/cli/node_modules/next/dist/server/lib/router-utils/proxy-request.d.ts'
npm warn tar TAR_ENTRY_ERROR ENOENT: no such file or directory, open '/vercel/sandbox/backend/node_modules/@workflow/cli/node_modules/next/dist/shared/lib/router/utils/querystring.d.ts'
npm warn tar TAR_ENTRY_ERROR ENOENT: no such file or directory, open '/vercel/sandbox/backend/node_modules/@workflow/cli/node_modules/next/dist/server/node-environment-extensions/random.d.ts'
npm warn tar TAR_ENTRY_ERROR ENOENT: no such file or directory, open '/vercel/sandbox/backend/node_modules/@workflow/cli/node_modules/next/dist/next-devtools/shared/react-18-hydration-error.d.ts'
npm warn tar TAR_ENTRY_ERROR ENOENT: no such file or directory, open '/vercel/sandbox/backend/node_modules/@workflow/cli/node_modules/next/dist/next-devtools/shared/react-19-hydration-error.d.ts'
npm warn tar TAR_ENTRY_ERROR ENOENT: no such file or directory, open '/vercel/sandbox/backend/node_modules/@workflow/cli/node_modules/next/dist/server/route-modules/app-page/vendored/rsc/react-compiler-runtime.d.ts'
npm warn tar TAR_ENTRY_ERROR ENOENT: no such file or directory, open '/vercel/sandbox/backend/node_modules/@workflow/cli/node_modules/next/dist/server/route-modules/app-page/vendored/ssr/react-compiler-runtime.d.ts'
npm warn tar TAR_ENTRY_ERROR ENOENT: no such file or directory, open '/vercel/sandbox/backend/node_modules/@workflow/cli/node_modules/next/dist/server/route-modules/app-page/vendored/ssr/react-dom-server.d.ts'
npm warn tar TAR_ENTRY_ERROR ENOENT: no such file or directory, open '/vercel/sandbox/backend/node_modules/@workflow/cli/node_modules/next/dist/server/route-modules/app-page/vendored/rsc/react-dom.d.ts'
npm warn tar TAR_ENTRY_ERROR ENOENT: no such file or directory, open '/vercel/sandbox/backend/node_modules/@workflow/cli/node_modules/next/dist/server/route-modules/app-page/vendored/ssr/react-dom.d.ts'
npm warn tar TAR_ENTRY_ERROR ENOENT: no such file or directory, open '/vercel/sandbox/backend/node_modules/@workflow/cli/node_modules/next/dist/server/route-modules/app-page/vendored/rsc/react-jsx-dev-runtime.d.ts'
npm warn tar TAR_ENTRY_ERROR ENOENT: no such file or directory, open '/vercel/sandbox/backend/node_modules/@workflow/cli/node_modules/next/dist/server/route-modules/app-page/vendored/ssr/react-jsx-dev-runtime.d.ts'
npm warn tar TAR_ENTRY_ERROR ENOENT: no such file or directory, open '/vercel/sandbox/backend/node_modules/@workflow/cli/node_modules/next/dist/server/route-modules/app-page/vendored/rsc/react-jsx-runtime.d.ts'
npm warn tar TAR_ENTRY_ERROR ENOENT: no such file or directory, open '/vercel/sandbox/backend/node_modules/@workflow/cli/node_modules/next/dist/server/route-modules/app-page/vendored/ssr/react-jsx-runtime.d.ts'
npm warn tar TAR_ENTRY_ERROR ENOENT: no such file or directory, open '/vercel/sandbox/backend/node_modules/@workflow/cli/node_modules/next/dist/build/babel/plugins/react-loadable-plugin.d.ts'
npm warn tar TAR_ENTRY_ERROR ENOENT: no such file or directory, open '/vercel/sandbox/backend/node_modules/@workflow/cli/node_modules/next/dist/server/route-modules/app-page/vendored/ssr/react-server-dom-turbopack-client.d.ts'
npm warn tar TAR_ENTRY_ERROR ENOENT: no such file or directory, open '/vercel/sandbox/backend/node_modules/@workflow/cli/node_modules/next/dist/server/route-modules/app-page/vendored/rsc/react-server-dom-turbopack-server.d.ts'
npm warn tar TAR_ENTRY_ERROR ENOENT: no such file or directory, open '/vercel/sandbox/backend/node_modules/@workflow/cli/node_modules/next/dist/server/route-modules/app-page/vendored/rsc/react-server-dom-turbopack-static.d.ts'
npm warn tar TAR_ENTRY_ERROR ENOENT: no such file or directory, open '/vercel/sandbox/backend/node_modules/@workflow/cli/node_modules/next/dist/server/route-modules/app-page/vendored/ssr/react-server-dom-webpack-client.d.ts'
npm warn tar TAR_ENTRY_ERROR ENOENT: no such file or directory, open '/vercel/sandbox/backend/node_modules/@workflow/cli/node_modules/next/dist/server/route-modules/app-page/vendored/rsc/react-server-dom-webpack-server.d.ts'
npm warn tar TAR_ENTRY_ERROR ENOENT: no such file or directory, open '/vercel/sandbox/backend/node_modules/@workflow/cli/node_modules/next/dist/server/route-modules/app-page/vendored/rsc/react-server-dom-webpack-static.d.ts'
npm warn tar TAR_ENTRY_ERROR ENOENT: no such file or directory, open '/vercel/sandbox/backend/node_modules/@workflow/cli/node_modules/next/dist/server/route-modules/app-page/vendored/rsc/react.d.ts'
npm warn tar TAR_ENTRY_ERROR ENOENT: no such file or directory, open '/vercel/sandbox/backend/node_modules/@workflow/cli/node_modules/next/dist/server/route-modules/app-page/vendored/ssr/react.d.ts'
npm warn tar TAR_ENTRY_ERROR ENOENT: no such file or directory, open '/vercel/sandbox/backend/node_modules/@workflow/cli/node_modules/next/dist/server/dev/browser-logs/receive-logs.d.ts'
npm warn tar TAR_ENTRY_ERROR ENOENT: no such file or directory, open '/vercel/sandbox/backend/node_modules/@workflow/cli/node_modules/next/dist/shared/lib/utils/reflect-utils.d.ts'
npm warn tar TAR_ENTRY_ERROR ENOENT: no such file or directory, open '/vercel/sandbox/backend/node_modules/@workflow/cli/node_modules/next/dist/server/web/spec-extension/adapters/reflect.d.ts'
npm warn tar TAR_ENTRY_ERROR ENOENT: no such file or directory, open '/vercel/sandbox/backend/node_modules/@workflow/cli/node_modules/next/dist/client/components/router-reducer/reducers/refresh-reducer.d.ts'
npm warn tar TAR_ENTRY_ERROR ENOENT: no such file or directory, open '/vercel/sandbox/backend/node_modules/@workflow/cli/node_modules/next/dist/shared/lib/router/utils/relativize-url.d.ts'
npm warn tar TAR_ENTRY_ERROR ENOENT: no such file or directory, open '/vercel/sandbox/backend/node_modules/@workflow/cli/node_modules/next/dist/shared/lib/page-path/remove-page-path-tail.d.ts'
npm warn tar TAR_ENTRY_ERROR ENOENT: no such file or directory, open '/vercel/sandbox/backend/node_modules/@workflow/cli/node_modules/next/dist/shared/lib/router/utils/remove-path-prefix.d.ts'
npm warn tar TAR_ENTRY_ERROR ENOENT: no such file or directory, open '/vercel/sandbox/backend/node_modules/@workflow/cli/node_modules/next/dist/shared/lib/router/utils/remove-trailing-slash.d.ts'
npm warn tar TAR_ENTRY_ERROR ENOENT: no such file or directory, lstat '/vercel/sandbox/backend/node_modules/@workflow/cli/node_modules/next/dist/next-devtools/dev-overlay'
npm warn tar TAR_ENTRY_ERROR ENOENT: no such file or directory, open '/vercel/sandbox/backend/node_modules/@workflow/cli/node_modules/next/dist/server/lib/render-server.d.ts'
npm warn tar TAR_ENTRY_ERROR ENOENT: no such file or directory, open '/vercel/sandbox/backend/node_modules/@workflow/cli/node_modules/next/dist/next-devtools/userspace/app/errors/replay-ssr-only-errors.d.ts'
npm warn tar TAR_ENTRY_ERROR ENOENT: no such file or directory, open '/vercel/sandbox/backend/node_modules/@workflow/cli/node_modules/next/dist/client/react-client-callbacks/report-global-error.d.ts'
npm warn tar TAR_ENTRY_ERROR ENOENT: no such file or directory, open '/vercel/sandbox/backend/node_modules/@workflow/cli/node_modules/next/dist/experimental/testmode/playwright/report.d.ts'
npm warn tar TAR_ENTRY_ERROR ENOENT: no such file or directory, open '/vercel/sandbox/backend/node_modules/@workflow/cli/node_modules/next/dist/server/web/spec-extension/adapters/request-cookies.d.ts'
npm warn tar TAR_ENTRY_ERROR ENOENT: no such file or directory, open '/vercel/sandbox/backend/node_modules/@workflow/cli/node_modules/next/dist/server/async-storage/request-store.d.ts'
npm warn tar TAR_ENTRY_ERROR ENOENT: no such file or directory, open '/vercel/sandbox/backend/node_modules/@workflow/cli/node_modules/next/dist/server/dev/require-cache.d.ts'
npm warn tar TAR_ENTRY_ERROR ENOENT: no such file or directory, lstat '/vercel/sandbox/backend/node_modules/@workflow/cli/node_modules/next/dist/next-devtools/dev-overlay'
npm warn tar TAR_ENTRY_ERROR ENOENT: no such file or directory, lstat '/vercel/sandbox/backend/node_modules/@workflow/cli/node_modules/next/dist/next-devtools/dev-overlay'
npm warn tar TAR_ENTRY_ERROR ENOENT: no such file or directory, lstat '/vercel/sandbox/backend/node_modules/@workflow/cli/node_modules/next/dist/lib/metadata/resolvers'
npm warn tar TAR_ENTRY_ERROR ENOENT: no such file or directory, lstat '/vercel/sandbox/backend/node_modules/@workflow/cli/node_modules/next/dist/lib/metadata/resolvers'
npm warn tar TAR_ENTRY_ERROR ENOENT: no such file or directory, open '/vercel/sandbox/backend/node_modules/@workflow/cli/node_modules/next/dist/lib/metadata/resolve-metadata.d.ts'
npm warn tar TAR_ENTRY_ERROR ENOENT: no such file or directory, lstat '/vercel/sandbox/backend/node_modules/@workflow/cli/node_modules/next/dist/lib/metadata/resolvers'
npm warn tar TAR_ENTRY_ERROR ENOENT: no such file or directory, open '/vercel/sandbox/backend/node_modules/@workflow/cli/node_modules/next/dist/shared/lib/router/utils/resolve-rewrites.d.ts'
npm warn tar TAR_ENTRY_ERROR ENOENT: no such file or directory, open '/vercel/sandbox/backend/node_modules/@workflow/cli/node_modules/next/dist/build/webpack/loaders/metadata/resolve-route-data.d.ts'
npm warn tar TAR_ENTRY_ERROR ENOENT: no such file or directory, open '/vercel/sandbox/backend/node_modules/@workflow/cli/node_modules/next/dist/server/lib/router-utils/resolve-routes.d.ts'
npm warn tar TAR_ENTRY_ERROR ENOENT: no such file or directory, lstat '/vercel/sandbox/backend/node_modules/@workflow/cli/node_modules/next/dist/lib/metadata/resolvers'
npm warn tar TAR_ENTRY_ERROR ENOENT: no such file or directory, lstat '/vercel/sandbox/backend/node_modules/@workflow/cli/node_modules/next/dist/lib/metadata/resolvers'
npm warn tar TAR_ENTRY_ERROR ENOENT: no such file or directory, open '/vercel/sandbox/backend/node_modules/@workflow/cli/node_modules/next/dist/lib/metadata/types/resolvers.d.ts'
npm warn tar TAR_ENTRY_ERROR ENOENT: no such file or directory, open '/vercel/sandbox/backend/node_modules/@workflow/cli/node_modules/next/dist/server/web/sandbox/resource-managers.d.ts'
npm warn tar TAR_ENTRY_ERROR ENOENT: no such file or directory, open '/vercel/sandbox/backend/node_modules/@workflow/cli/node_modules/next/dist/next-devtools/server/restart-dev-server-middleware.d.ts'
npm warn tar TAR_ENTRY_ERROR ENOENT: no such file or directory, open '/vercel/sandbox/backend/node_modules/@workflow/cli/node_modules/next/dist/client/components/router-reducer/reducers/restore-reducer.d.ts'
npm warn tar TAR_ENTRY_ERROR ENOENT: no such file or directory, open '/vercel/sandbox/backend/node_modules/@workflow/cli/node_modules/next/dist/build/turborepo-access-trace/result.d.ts'
npm warn tar TAR_ENTRY_ERROR ENOENT: no such file or directory, open '/vercel/sandbox/backend/node_modules/@workflow/cli/node_modules/next/dist/server/resume-data-cache/resume-data-cache.d.ts'
npm warn tar TAR_ENTRY_ERROR ENOENT: no such file or directory, open '/vercel/sandbox/backend/node_modules/@workflow/cli/node_modules/next/dist/compiled/@next/font/dist/google/retry.d.ts'
npm warn tar TAR_ENTRY_ERROR ENOENT: no such file or directory, lstat '/vercel/sandbox/backend/node_modules/@workflow/cli/node_modules/next/dist/next-devtools/dev-overlay'
npm warn tar TAR_ENTRY_ERROR ENOENT: no such file or directory, open '/vercel/sandbox/backend/node_modules/@workflow/cli/node_modules/next/dist/client/components/errors/root-error-boundary.d.ts'
npm warn tar TAR_ENTRY_ERROR ENOENT: no such file or directory, open '/vercel/sandbox/backend/node_modules/@workflow/cli/node_modules/next/dist/server/request/root-params.d.ts'
npm warn tar TAR_ENTRY_ERROR ENOENT: no such file or directory, open '/vercel/sandbox/backend/node_modules/@workflow/cli/node_modules/next/dist/server/route-definitions/route-definition.d.ts'
npm warn tar TAR_ENTRY_ERROR ENOENT: no such file or directory, lstat '/vercel/sandbox/backend/node_modules/@workflow/cli/node_modules/next/dist/next-devtools/dev-overlay'
npm warn tar TAR_ENTRY_ERROR ENOENT: no such file or directory, open '/vercel/sandbox/backend/node_modules/@workflow/cli/node_modules/next/dist/shared/lib/router/utils/route-match-utils.d.ts'
npm warn tar TAR_ENTRY_ERROR ENOENT: no such file or directory, open '/vercel/sandbox/backend/node_modules/@workflow/cli/node_modules/next/dist/server/route-matches/route-match.d.ts'
npm warn tar TAR_ENTRY_ERROR ENOENT: no such file or directory, open '/vercel/sandbox/backend/node_modules/@workflow/cli/node_modules/next/dist/server/route-matcher-managers/route-matcher-manager.d.ts'
npm warn tar TAR_ENTRY_ERROR ENOENT: no such file or directory, open '/vercel/sandbox/backend/node_modules/@workflow/cli/node_modules/next/dist/server/route-matchers/route-matcher.d.ts'
npm warn tar TAR_ENTRY_ERROR ENOENT: no such file or directory, open '/vercel/sandbox/backend/node_modules/@workflow/cli/node_modules/next/dist/shared/lib/router/utils/route-matcher.d.ts'
npm warn tar TAR_ENTRY_ERROR ENOENT: no such file or directory, open '/vercel/sandbox/backend/node_modules/@workflow/cli/node_modules/next/dist/server/lib/module-loader/route-module-loader.d.ts'
npm warn tar TAR_ENTRY_ERROR ENOENT: no such file or directory, open '/vercel/sandbox/backend/node_modules/@workflow/cli/node_modules/next/dist/shared/lib/router/utils/route-regex.d.ts'
npm warn tar TAR_ENTRY_ERROR ENOENT: no such file or directory, open '/vercel/sandbox/backend/node_modules/@workflow/cli/node_modules/next/dist/server/lib/router-utils/route-types-utils.d.ts'
npm warn tar TAR_ENTRY_ERROR ENOENT: no such file or directory, open '/vercel/sandbox/backend/node_modules/@workflow/cli/node_modules/next/dist/server/route-modules/app-page/vendored/contexts/router-context.d.ts'
npm warn tar TAR_ENTRY_ERROR ENOENT: no such file or directory, open '/vercel/sandbox/backend/node_modules/@workflow/cli/node_modules/next/dist/server/route-modules/pages/vendored/contexts/router-context.d.ts'
npm warn tar TAR_ENTRY_ERROR ENOENT: no such file or directory, open '/vercel/sandbox/backend/node_modules/@workflow/cli/node_modules/next/dist/server/lib/router-utils/router-server-context.d.ts'
npm warn tar TAR_ENTRY_ERROR ENOENT: no such file or directory, open '/vercel/sandbox/backend/node_modules/@workflow/cli/node_modules/next/dist/server/lib/router-server.d.ts'
npm warn tar TAR_ENTRY_ERROR ENOENT: no such file or directory, open '/vercel/sandbox/backend/node_modules/@workflow/cli/node_modules/next/dist/api/router.d.ts'
npm warn tar TAR_ENTRY_ERROR ENOENT: no such file or directory, open '/vercel/sandbox/backend/node_modules/@workflow/cli/node_modules/next/dist/server/normalizers/request/rsc.d.ts'
npm warn tar TAR_ENTRY_ERROR ENOENT: no such file or directory, open '/vercel/sandbox/backend/node_modules/@workflow/cli/node_modules/next/dist/server/after/run-with-after.d.ts'
npm warn tar TAR_ENTRY_ERROR ENOENT: no such file or directory, open '/vercel/sandbox/backend/node_modules/@workflow/cli/node_modules/next/dist/lib/typescript/runTypeCheck.d.ts'
npm warn tar TAR_ENTRY_ERROR ENOENT: no such file or directory, open '/vercel/sandbox/backend/node_modules/@workflow/cli/node_modules/next/dist/server/web/sandbox/sandbox.d.ts'
npm warn tar TAR_ENTRY_ERROR ENOENT: no such file or directory, lstat '/vercel/sandbox/backend/node_modules/@workflow/cli/node_modules/next/dist/next-devtools/dev-overlay'
npm warn tar TAR_ENTRY_ERROR ENOENT: no such file or directory, lstat '/vercel/sandbox/backend/node_modules/@workflow/cli/node_modules/next/dist/next-devtools/dev-overlay'
npm warn tar TAR_ENTRY_ERROR ENOENT: no such file or directory, open '/vercel/sandbox/backend/node_modules/@workflow/cli/node_modules/next/dist/client/components/segment-cache/scheduler.d.ts'
npm warn tar TAR_ENTRY_ERROR ENOENT: no such file or directory, open '/vercel/sandbox/backend/node_modules/@workflow/cli/node_modules/next/dist/api/script.d.ts'
npm warn tar TAR_ENTRY_ERROR ENOENT: no such file or directory, open '/vercel/sandbox/backend/node_modules/@workflow/cli/node_modules/next/dist/client/request/search-params.browser.d.ts'
npm warn tar TAR_ENTRY_ERROR ENOENT: no such file or directory, open '/vercel/sandbox/backend/node_modules/@workflow/cli/node_modules/next/dist/client/request/search-params.browser.dev.d.ts'
npm warn tar TAR_ENTRY_ERROR ENOENT: no such file or directory, open '/vercel/sandbox/backend/node_modules/@workflow/cli/node_modules/next/dist/client/request/search-params.browser.prod.d.ts'
npm warn tar TAR_ENTRY_ERROR ENOENT: no such file or directory, open '/vercel/sandbox/backend/node_modules/@workflow/cli/node_modules/next/dist/server/request/search-params.d.ts'
npm warn tar TAR_ENTRY_ERROR ENOENT: no such file or directory, lstat '/vercel/sandbox/backend/node_modules/@workflow/cli/node_modules/next/dist/next-devtools/dev-overlay'
npm warn tar TAR_ENTRY_ERROR ENOENT: no such file or directory, open '/vercel/sandbox/backend/node_modules/@workflow/cli/node_modules/next/dist/next-devtools/userspace/app/segment-explorer-node.d.ts'
npm warn tar TAR_ENTRY_ERROR ENOENT: no such file or directory, lstat '/vercel/sandbox/backend/node_modules/@workflow/cli/node_modules/next/dist/next-devtools/dev-overlay'
npm warn tar TAR_ENTRY_ERROR ENOENT: no such file or directory, lstat '/vercel/sandbox/backend/node_modules/@workflow/cli/node_modules/next/dist/next-devtools/dev-overlay'
npm warn tar TAR_ENTRY_ERROR ENOENT: no such file or directory, open '/vercel/sandbox/backend/node_modules/@workflow/cli/node_modules/next/dist/server/normalizers/request/segment-prefix-rsc.d.ts'
npm warn tar TAR_ENTRY_ERROR ENOENT: no such file or directory, lstat '/vercel/sandbox/backend/node_modules/@workflow/cli/node_modules/next/dist/next-devtools/dev-overlay'
npm warn tar TAR_ENTRY_ERROR ENOENT: no such file or directory, open '/vercel/sandbox/backend/node_modules/@workflow/cli/node_modules/next/dist/shared/lib/segment-cache/segment-value-encoding.d.ts'
npm warn tar TAR_ENTRY_ERROR ENOENT: no such file or directory, open '/vercel/sandbox/backend/node_modules/@workflow/cli/node_modules/next/dist/client/components/router-reducer/reducers/server-action-reducer.d.ts'
npm warn tar TAR_ENTRY_ERROR ENOENT: no such file or directory, open '/vercel/sandbox/backend/node_modules/@workflow/cli/node_modules/next/dist/server/lib/server-action-request-meta.d.ts'
npm warn tar TAR_ENTRY_ERROR ENOENT: no such file or directory, open '/vercel/sandbox/backend/node_modules/@workflow/cli/node_modules/next/dist/server/typescript/rules/server-boundary.d.ts'
npm warn tar TAR_ENTRY_ERROR ENOENT: no such file or directory, open '/vercel/sandbox/backend/node_modules/@workflow/cli/node_modules/next/dist/experimental/testmode/server-edge.d.ts'
npm warn tar TAR_ENTRY_ERROR ENOENT: no such file or directory, open '/vercel/sandbox/backend/node_modules/@workflow/cli/node_modules/next/dist/server/route-modules/app-page/vendored/contexts/server-inserted-html.d.ts'
npm warn tar TAR_ENTRY_ERROR ENOENT: no such file or directory, open '/vercel/sandbox/backend/node_modules/@workflow/cli/node_modules/next/dist/server/route-modules/pages/vendored/contexts/server-inserted-html.d.ts'
npm warn tar TAR_ENTRY_ERROR ENOENT: no such file or directory, open '/vercel/sandbox/backend/node_modules/@workflow/cli/node_modules/next/dist/server/route-matcher-providers/helpers/manifest-loaders/server-manifest-loader.d.ts'
npm warn tar TAR_ENTRY_ERROR ENOENT: no such file or directory, open '/vercel/sandbox/backend/node_modules/@workflow/cli/node_modules/next/dist/client/components/router-reducer/reducers/server-patch-reducer.d.ts'
npm warn tar TAR_ENTRY_ERROR ENOENT: no such file or directory, open '/vercel/sandbox/backend/node_modules/@workflow/cli/node_modules/next/dist/build/webpack/loaders/next-flight-loader/server-reference.d.ts'
npm warn tar TAR_ENTRY_ERROR ENOENT: no such file or directory, open '/vercel/sandbox/backend/node_modules/@workflow/cli/node_modules/next/dist/api/server.d.ts'
npm warn tar TAR_ENTRY_ERROR ENOENT: no such file or directory, open '/vercel/sandbox/backend/node_modules/@workflow/cli/node_modules/next/dist/experimental/testmode/proxy/server.d.ts'
npm warn tar TAR_ENTRY_ERROR ENOENT: no such file or directory, open '/vercel/sandbox/backend/node_modules/@workflow/cli/node_modules/next/dist/experimental/testmode/server.d.ts'
npm warn tar TAR_ENTRY_ERROR ENOENT: no such file or directory, open '/vercel/sandbox/backend/node_modules/@workflow/cli/node_modules/next/dist/server/typescript/rules/server.d.ts'
npm warn tar TAR_ENTRY_ERROR ENOENT: no such file or directory, open '/vercel/sandbox/backend/node_modules/@workflow/cli/node_modules/next/dist/telemetry/events/session-stopped.d.ts'
npm warn tar TAR_ENTRY_ERROR ENOENT: no such file or directory, open '/vercel/sandbox/backend/node_modules/@workflow/cli/node_modules/next/dist/server/lib/router-utils/setup-dev-bundler.d.ts'
npm warn tar TAR_ENTRY_ERROR ENOENT: no such file or directory, lstat '/vercel/sandbox/backend/node_modules/@workflow/cli/node_modules/next/dist/next-devtools/dev-overlay'
npm warn tar TAR_ENTRY_ERROR ENOENT: no such file or directory, open '/vercel/sandbox/backend/node_modules/@workflow/cli/node_modules/next/dist/server/lib/incremental-cache/shared-cache-controls.external.d.ts'
npm warn tar TAR_ENTRY_ERROR ENOENT: no such file or directory, open '/vercel/sandbox/backend/node_modules/@workflow/cli/node_modules/next/dist/server/route-modules/app-route/shared-modules.d.ts'
npm warn tar TAR_ENTRY_ERROR ENOENT: no such file or directory, open '/vercel/sandbox/backend/node_modules/@workflow/cli/node_modules/next/dist/build/webpack/plugins/next-types-plugin/shared.d.ts'
npm warn tar TAR_ENTRY_ERROR ENOENT: no such file or directory, open '/vercel/sandbox/backend/node_modules/@workflow/cli/node_modules/next/dist/client/dev/hot-reloader/shared.d.ts'
npm warn tar TAR_ENTRY_ERROR ENOENT: no such file or directory, lstat '/vercel/sandbox/backend/node_modules/@workflow/cli/node_modules/next/dist/next-devtools/dev-overlay'
npm warn tar TAR_ENTRY_ERROR ENOENT: no such file or directory, open '/vercel/sandbox/backend/node_modules/@workflow/cli/node_modules/next/dist/next-devtools/server/shared.d.ts'
npm warn tar TAR_ENTRY_ERROR ENOENT: no such file or directory, open '/vercel/sandbox/backend/node_modules/@workflow/cli/node_modules/next/dist/trace/shared.d.ts'
npm warn tar TAR_ENTRY_ERROR ENOENT: no such file or directory, open '/vercel/sandbox/backend/node_modules/@workflow/cli/node_modules/next/dist/build/polyfills/object.assign/shim.d.ts'
npm warn tar TAR_ENTRY_ERROR ENOENT: no such file or directory, lstat '/vercel/sandbox/backend/node_modules/@workflow/cli/node_modules/next/dist/next-devtools/dev-overlay'
npm warn tar TAR_ENTRY_ERROR ENOENT: no such file or directory, open '/vercel/sandbox/backend/node_modules/@workflow/cli/node_modules/next/dist/lib/memory/shutdown.d.ts'
npm warn tar TAR_ENTRY_ERROR ENOENT: no such file or directory, open '/vercel/sandbox/backend/node_modules/@workflow/cli/node_modules/next/dist/build/webpack/plugins/wellknown-errors-plugin/simpleWebpackError.d.ts'
npm warn tar TAR_ENTRY_ERROR ENOENT: no such file or directory, open '/vercel/sandbox/backend/node_modules/@workflow/cli/node_modules/next/dist/compiled/@next/font/dist/google/sort-fonts-variant-values.d.ts'
npm warn tar TAR_ENTRY_ERROR ENOENT: no such file or directory, open '/vercel/sandbox/backend/node_modules/@workflow/cli/node_modules/next/dist/shared/lib/router/utils/sortable-routes.d.ts'
npm warn tar TAR_ENTRY_ERROR ENOENT: no such file or directory, open '/vercel/sandbox/backend/node_modules/@workflow/cli/node_modules/next/dist/shared/lib/router/utils/sorted-routes.d.ts'
npm warn tar TAR_ENTRY_ERROR ENOENT: no such file or directory, open '/vercel/sandbox/backend/node_modules/@workflow/cli/node_modules/next/dist/server/dev/browser-logs/source-map.d.ts'
npm warn tar TAR_ENTRY_ERROR ENOENT: no such file or directory, open '/vercel/sandbox/backend/node_modules/@workflow/cli/node_modules/next/dist/server/lib/source-maps.d.ts'
npm warn tar TAR_ENTRY_ERROR ENOENT: no such file or directory, open '/vercel/sandbox/backend/node_modules/@workflow/cli/node_modules/next/dist/next-devtools/shared/stack-frame.d.ts'
npm warn tar TAR_ENTRY_ERROR ENOENT: no such file or directory, open '/vercel/sandbox/backend/node_modules/@workflow/cli/node_modules/next/dist/server/lib/start-server.d.ts'
npm warn tar TAR_ENTRY_ERROR ENOENT: no such file or directory, open '/vercel/sandbox/backend/node_modules/@workflow/cli/node_modules/next/dist/lib/memory/startup.d.ts'
npm warn tar TAR_ENTRY_ERROR ENOENT: no such file or directory, open '/vercel/sandbox/backend/node_modules/@workflow/cli/node_modules/next/dist/server/dev/static-paths-worker.d.ts'
npm warn tar TAR_ENTRY_ERROR ENOENT: no such file or directory, lstat '/vercel/sandbox/backend/node_modules/@workflow/cli/node_modules/next/dist/next-devtools/dev-overlay'
npm warn tar TAR_ENTRY_ERROR ENOENT: no such file or directory, open '/vercel/sandbox/backend/node_modules/@workflow/cli/node_modules/next/dist/experimental/testmode/playwright/step.d.ts'
npm warn tar TAR_ENTRY_ERROR ENOENT: no such file or directory, open '/vercel/sandbox/backend/node_modules/@workflow/cli/node_modules/next/dist/next-devtools/userspace/app/errors/stitched-error.d.ts'
npm warn tar TAR_ENTRY_ERROR ENOENT: no such file or directory, open '/vercel/sandbox/backend/node_modules/@workflow/cli/node_modules/next/dist/telemetry/storage.d.ts'
npm warn tar TAR_ENTRY_ERROR ENOENT: no such file or directory, open '/vercel/sandbox/backend/node_modules/@workflow/cli/node_modules/next/dist/build/output/store.d.ts'
npm warn tar TAR_ENTRY_ERROR ENOENT: no such file or directory, open '/vercel/sandbox/backend/node_modules/@workflow/cli/node_modules/next/dist/server/lib/streaming-metadata.d.ts'
npm warn tar TAR_ENTRY_ERROR ENOENT: no such file or directory, open '/vercel/sandbox/backend/node_modules/@workflow/cli/node_modules/next/dist/build/jest/__mocks__/styleMock.d.ts'
npm warn tar TAR_ENTRY_ERROR ENOENT: no such file or directory, lstat '/vercel/sandbox/backend/node_modules/@workflow/cli/node_modules/next/dist/next-devtools/dev-overlay'
npm warn tar TAR_ENTRY_ERROR ENOENT: no such file or directory, lstat '/vercel/sandbox/backend/node_modules/@workflow/cli/node_modules/next/dist/next-devtools/dev-overlay'
npm warn tar TAR_ENTRY_ERROR ENOENT: no such file or directory, open '/vercel/sandbox/backend/node_modules/@workflow/cli/node_modules/next/dist/server/normalizers/request/suffix.d.ts'
npm warn tar TAR_ENTRY_ERROR ENOENT: no such file or directory, open '/vercel/sandbox/backend/node_modules/@workflow/cli/node_modules/next/dist/telemetry/events/swc-load-failure.d.ts'
npm warn tar TAR_ENTRY_ERROR ENOENT: no such file or directory, open '/vercel/sandbox/backend/node_modules/@workflow/cli/node_modules/next/dist/telemetry/events/swc-plugins.d.ts'
npm warn tar TAR_ENTRY_ERROR ENOENT: no such file or directory, lstat '/vercel/sandbox/backend/node_modules/@workflow/cli/node_modules/next/dist/next-devtools/dev-overlay'
npm warn tar TAR_ENTRY_ERROR ENOENT: no such file or directory, open '/vercel/sandbox/backend/node_modules/@workflow/cli/node_modules/next/dist/server/lib/incremental-cache/tags-manifest.external.d.ts'
npm warn tar TAR_ENTRY_ERROR ENOENT: no such file or directory, open '/vercel/sandbox/backend/node_modules/@workflow/cli/node_modules/next/dist/server/app-render/rsc/taint.d.ts'
npm warn tar TAR_ENTRY_ERROR ENOENT: no such file or directory, open '/vercel/sandbox/backend/node_modules/@workflow/cli/node_modules/next/dist/build/turborepo-access-trace/tcp.d.ts'
npm warn tar TAR_ENTRY_ERROR ENOENT: no such file or directory, open '/vercel/sandbox/backend/node_modules/@workflow/cli/node_modules/next/dist/next-devtools/userspace/app/terminal-logging-config.d.ts'
npm warn tar TAR_ENTRY_ERROR ENOENT: no such file or directory, lstat '/vercel/sandbox/backend/node_modules/@workflow/cli/node_modules/next/dist/next-devtools/dev-overlay'
npm warn tar TAR_ENTRY_ERROR ENOENT: no such file or directory, lstat '/vercel/sandbox/backend/node_modules/@workflow/cli/node_modules/next/dist/next-devtools/dev-overlay'
npm warn tar TAR_ENTRY_ERROR ENOENT: no such file or directory, lstat '/vercel/sandbox/backend/node_modules/@workflow/cli/node_modules/next/dist/next-devtools/dev-overlay'
npm warn tar TAR_ENTRY_ERROR ENOENT: no such file or directory, open '/vercel/sandbox/backend/node_modules/@workflow/cli/node_modules/next/dist/compiled/@edge-runtime/primitives/timers.d.ts'
npm warn tar TAR_ENTRY_ERROR ENOENT: no such file or directory, open '/vercel/sandbox/backend/node_modules/@workflow/cli/node_modules/next/dist/trace/report/to-json-build.d.ts'
npm warn tar TAR_ENTRY_ERROR ENOENT: no such file or directory, open '/vercel/sandbox/backend/node_modules/@workflow/cli/node_modules/next/dist/trace/report/to-json.d.ts'
npm warn tar TAR_ENTRY_ERROR ENOENT: no such file or directory, open '/vercel/sandbox/backend/node_modules/@workflow/cli/node_modules/next/dist/server/lib/to-route.d.ts'
npm warn tar TAR_ENTRY_ERROR ENOENT: no such file or directory, open '/vercel/sandbox/backend/node_modules/@workflow/cli/node_modules/next/dist/trace/report/to-telemetry.d.ts'
npm warn tar TAR_ENTRY_ERROR ENOENT: no such file or directory, lstat '/vercel/sandbox/backend/node_modules/@workflow/cli/node_modules/next/dist/next-devtools/dev-overlay'
npm warn tar TAR_ENTRY_ERROR ENOENT: no such file or directory, lstat '/vercel/sandbox/backend/node_modules/@workflow/cli/node_modules/next/dist/next-devtools/dev-overlay'
npm warn tar TAR_ENTRY_ERROR ENOENT: no such file or directory, open '/vercel/sandbox/backend/node_modules/@workflow/cli/node_modules/next/dist/trace/trace-uploader.d.ts'
npm warn tar TAR_ENTRY_ERROR ENOENT: no such file or directory, open '/vercel/sandbox/backend/node_modules/@workflow/cli/node_modules/next/dist/lib/memory/trace.d.ts'
npm warn tar TAR_ENTRY_ERROR ENOENT: no such file or directory, open '/vercel/sandbox/backend/node_modules/@workflow/cli/node_modules/next/dist/trace/trace.d.ts'
npm warn tar TAR_ENTRY_ERROR ENOENT: no such file or directory, open '/vercel/sandbox/backend/node_modules/@workflow/cli/node_modules/next/dist/server/lib/trace/tracer.d.ts'
npm warn tar TAR_ENTRY_ERROR ENOENT: no such file or directory, open '/vercel/sandbox/backend/node_modules/@workflow/cli/node_modules/next/dist/build/webpack/loaders/next-flight-loader/track-dynamic-import.d.ts'
npm warn tar TAR_ENTRY_ERROR ENOENT: no such file or directory, open '/vercel/sandbox/backend/node_modules/@workflow/cli/node_modules/next/dist/build/babel/loader/transform.d.ts'
npm warn tar TAR_ENTRY_ERROR ENOENT: no such file or directory, open '/vercel/sandbox/backend/node_modules/@workflow/cli/node_modules/next/dist/server/api-utils/node/try-get-preview-data.d.ts'
npm warn tar TAR_ENTRY_ERROR ENOENT: no such file or directory, lstat '/vercel/sandbox/backend/node_modules/@workflow/cli/node_modules/next/dist/cli/internal'
npm warn tar TAR_ENTRY_ERROR ENOENT: no such file or directory, open '/vercel/sandbox/backend/node_modules/@workflow/cli/node_modules/next/dist/client/dev/hot-reloader/turbopack-hot-reloader-common.d.ts'
npm warn tar TAR_ENTRY_ERROR ENOENT: no such file or directory, lstat '/vercel/sandbox/backend/node_modules/@workflow/cli/node_modules/next/dist/next-devtools/dev-overlay'
npm warn tar TAR_ENTRY_ERROR ENOENT: no such file or directory, open '/vercel/sandbox/backend/node_modules/@workflow/cli/node_modules/next/dist/server/dev/turbopack-utils.d.ts'
npm warn tar TAR_ENTRY_ERROR ENOENT: no such file or directory, open '/vercel/sandbox/backend/node_modules/@workflow/cli/node_modules/next/dist/lib/metadata/types/twitter-types.d.ts'
npm warn tar TAR_ENTRY_ERROR ENOENT: no such file or directory, open '/vercel/sandbox/backend/node_modules/@workflow/cli/node_modules/next/dist/server/lib/router-utils/typegen.d.ts'
npm warn tar TAR_ENTRY_ERROR ENOENT: no such file or directory, open '/vercel/sandbox/backend/node_modules/@workflow/cli/node_modules/next/dist/build/babel/loader/types.d.ts'
npm warn tar TAR_ENTRY_ERROR ENOENT: no such file or directory, open '/vercel/sandbox/backend/node_modules/@workflow/cli/node_modules/next/dist/build/static-paths/types.d.ts'
npm warn tar TAR_ENTRY_ERROR ENOENT: no such file or directory, open '/vercel/sandbox/backend/node_modules/@workflow/cli/node_modules/next/dist/build/swc/types.d.ts'
npm warn tar TAR_ENTRY_ERROR ENOENT: no such file or directory, open '/vercel/sandbox/backend/node_modules/@workflow/cli/node_modules/next/dist/build/turborepo-access-trace/types.d.ts'
npm warn tar TAR_ENTRY_ERROR ENOENT: no such file or directory, open '/vercel/sandbox/backend/node_modules/@workflow/cli/node_modules/next/dist/build/webpack/loaders/metadata/types.d.ts'
npm warn tar TAR_ENTRY_ERROR ENOENT: no such file or directory, open '/vercel/sandbox/backend/node_modules/@workflow/cli/node_modules/next/dist/client/components/segment-cache/types.d.ts'
npm warn tar TAR_ENTRY_ERROR ENOENT: no such file or directory, open '/vercel/sandbox/backend/node_modules/@workflow/cli/node_modules/next/dist/compiled/@next/font/dist/types.d.ts'
npm warn tar TAR_ENTRY_ERROR ENOENT: no such file or directory, open '/vercel/sandbox/backend/node_modules/@workflow/cli/node_modules/next/dist/compiled/@vercel/og/types.d.ts'
npm warn tar TAR_ENTRY_ERROR ENOENT: no such file or directory, open '/vercel/sandbox/backend/node_modules/@workflow/cli/node_modules/next/dist/esm/build/babel/loader/types.d.ts'
npm warn tar TAR_ENTRY_ERROR ENOENT: no such file or directory, open '/vercel/sandbox/backend/node_modules/@workflow/cli/node_modules/next/dist/experimental/testmode/proxy/types.d.ts'
npm warn tar TAR_ENTRY_ERROR ENOENT: no such file or directory, open '/vercel/sandbox/backend/node_modules/@workflow/cli/node_modules/next/dist/export/routes/types.d.ts'
npm warn tar TAR_ENTRY_ERROR ENOENT: no such file or directory, open '/vercel/sandbox/backend/node_modules/@workflow/cli/node_modules/next/dist/export/types.d.ts'
npm warn tar TAR_ENTRY_ERROR ENOENT: no such file or directory, open '/vercel/sandbox/backend/node_modules/@workflow/cli/node_modules/next/dist/next-devtools/shared/types.d.ts'
npm warn tar TAR_ENTRY_ERROR ENOENT: no such file or directory, open '/vercel/sandbox/backend/node_modules/@workflow/cli/node_modules/next/dist/server/lib/cache-handlers/types.d.ts'
npm warn tar TAR_ENTRY_ERROR ENOENT: no such file or directory, open '/vercel/sandbox/backend/node_modules/@workflow/cli/node_modules/next/dist/server/lib/router-utils/types.d.ts'
npm warn tar TAR_ENTRY_ERROR ENOENT: no such file or directory, open '/vercel/sandbox/backend/node_modules/@workflow/cli/node_modules/next/dist/server/lib/types.d.ts'
npm warn tar TAR_ENTRY_ERROR ENOENT: no such file or directory, open '/vercel/sandbox/backend/node_modules/@workflow/cli/node_modules/next/dist/server/response-cache/types.d.ts'
npm warn tar TAR_ENTRY_ERROR ENOENT: no such file or directory, open '/vercel/sandbox/backend/node_modules/@workflow/cli/node_modules/next/dist/shared/lib/lazy-dynamic/types.d.ts'
npm warn tar TAR_ENTRY_ERROR ENOENT: no such file or directory, open '/vercel/sandbox/backend/node_modules/@workflow/cli/node_modules/next/dist/trace/report/types.d.ts'
npm warn tar TAR_ENTRY_ERROR ENOENT: no such file or directory, open '/vercel/sandbox/backend/node_modules/@workflow/cli/node_modules/next/dist/trace/types.d.ts'
npm warn tar TAR_ENTRY_ERROR ENOENT: no such file or directory, open '/vercel/sandbox/backend/node_modules/@workflow/cli/node_modules/next/dist/server/stream-utils/uint8array-helpers.d.ts'
npm warn tar TAR_ENTRY_ERROR ENOENT: no such file or directory, open '/vercel/sandbox/backend/node_modules/@workflow/cli/node_modules/next/dist/client/components/builtin/unauthorized.d.ts'
npm warn tar TAR_ENTRY_ERROR ENOENT: no such file or directory, open '/vercel/sandbox/backend/node_modules/@workflow/cli/node_modules/next/dist/server/normalizers/underscore-normalizer.d.ts'
npm warn tar TAR_ENTRY_ERROR ENOENT: no such file or directory, open '/vercel/sandbox/backend/node_modules/@workflow/cli/node_modules/next/dist/server/node-environment-extensions/unhandled-rejection.d.ts'
npm warn tar TAR_ENTRY_ERROR ENOENT: no such file or directory, open '/vercel/sandbox/backend/node_modules/@workflow/cli/node_modules/next/dist/trace/upload-trace.d.ts'
npm warn tar TAR_ENTRY_ERROR ENOENT: no such file or directory, open '/vercel/sandbox/backend/node_modules/@workflow/cli/node_modules/next/dist/compiled/@edge-runtime/primitives/url.d.ts'
npm warn tar TAR_ENTRY_ERROR ENOENT: no such file or directory, open '/vercel/sandbox/backend/node_modules/@workflow/cli/node_modules/next/dist/shared/lib/errors/usage-error.d.ts'
npm warn tar TAR_ENTRY_ERROR ENOENT: no such file or directory, lstat '/vercel/sandbox/backend/node_modules/@workflow/cli/node_modules/next/dist/next-devtools/dev-overlay'
npm warn tar TAR_ENTRY_ERROR ENOENT: no such file or directory, lstat '/vercel/sandbox/backend/node_modules/@workflow/cli/node_modules/next/dist/next-devtools/userspace'
npm warn tar TAR_ENTRY_ERROR ENOENT: no such file or directory, open '/vercel/sandbox/backend/node_modules/@workflow/cli/node_modules/next/dist/server/use-cache/use-cache-errors.d.ts'
npm warn tar TAR_ENTRY_ERROR ENOENT: no such file or directory, open '/vercel/sandbox/backend/node_modules/@workflow/cli/node_modules/next/dist/server/use-cache/use-cache-wrapper.d.ts'
npm warn tar TAR_ENTRY_ERROR ENOENT: no such file or directory, lstat '/vercel/sandbox/backend/node_modules/@workflow/cli/node_modules/next/dist/next-devtools/dev-overlay'
npm warn tar TAR_ENTRY_ERROR ENOENT: no such file or directory, open '/vercel/sandbox/backend/node_modules/@workflow/cli/node_modules/next/dist/next-devtools/userspace/app/errors/use-error-handler.d.ts'
npm warn tar TAR_ENTRY_ERROR ENOENT: no such file or directory, lstat '/vercel/sandbox/backend/node_modules/@workflow/cli/node_modules/next/dist/next-devtools/dev-overlay'
npm warn tar TAR_ENTRY_ERROR ENOENT: no such file or directory, lstat '/vercel/sandbox/backend/node_modules/@workflow/cli/node_modules/next/dist/next-devtools/dev-overlay'
npm warn tar TAR_ENTRY_ERROR ENOENT: no such file or directory, lstat '/vercel/sandbox/backend/node_modules/@workflow/cli/node_modules/next/dist/next-devtools/dev-overlay'
npm warn tar TAR_ENTRY_ERROR ENOENT: no such file or directory, lstat '/vercel/sandbox/backend/node_modules/@workflow/cli/node_modules/next/dist/next-devtools/dev-overlay'
npm warn tar TAR_ENTRY_ERROR ENOENT: no such file or directory, lstat '/vercel/sandbox/backend/node_modules/@workflow/cli/node_modules/next/dist/next-devtools/dev-overlay'
npm warn tar TAR_ENTRY_ERROR ENOENT: no such file or directory, lstat '/vercel/sandbox/backend/node_modules/@workflow/cli/node_modules/next/dist/next-devtools/dev-overlay'
npm warn tar TAR_ENTRY_ERROR ENOENT: no such file or directory, lstat '/vercel/sandbox/backend/node_modules/@workflow/cli/node_modules/next/dist/next-devtools/dev-overlay'
npm warn tar TAR_ENTRY_ERROR ENOENT: no such file or directory, lstat '/vercel/sandbox/backend/node_modules/@workflow/cli/node_modules/next/dist/next-devtools/dev-overlay'
npm warn tar TAR_ENTRY_ERROR ENOENT: no such file or directory, open '/vercel/sandbox/backend/node_modules/@workflow/cli/node_modules/next/dist/build/babel/loader/util.d.ts'
npm warn tar TAR_ENTRY_ERROR ENOENT: no such file or directory, open '/vercel/sandbox/backend/node_modules/@workflow/cli/node_modules/next/dist/build/static-paths/utils.d.ts'
npm warn tar TAR_ENTRY_ERROR ENOENT: no such file or directory, open '/vercel/sandbox/backend/node_modules/@workflow/cli/node_modules/next/dist/build/webpack/config/utils.d.ts'
npm warn tar TAR_ENTRY_ERROR ENOENT: no such file or directory, open '/vercel/sandbox/backend/node_modules/@workflow/cli/node_modules/next/dist/build/webpack/loaders/css-loader/src/utils.d.ts'
npm warn tar TAR_ENTRY_ERROR ENOENT: no such file or directory, open '/vercel/sandbox/backend/node_modules/@workflow/cli/node_modules/next/dist/build/webpack/loaders/lightningcss-loader/src/utils.d.ts'
npm warn tar TAR_ENTRY_ERROR ENOENT: no such file or directory, open '/vercel/sandbox/backend/node_modules/@workflow/cli/node_modules/next/dist/build/webpack/loaders/postcss-loader/src/utils.d.ts'
npm warn tar TAR_ENTRY_ERROR ENOENT: no such file or directory, open '/vercel/sandbox/backend/node_modules/@workflow/cli/node_modules/next/dist/build/webpack/loaders/utils.d.ts'
npm warn tar TAR_ENTRY_ERROR ENOENT: no such file or directory, open '/vercel/sandbox/backend/node_modules/@workflow/cli/node_modules/next/dist/experimental/testing/server/utils.d.ts'
npm warn tar TAR_ENTRY_ERROR ENOENT: no such file or directory, open '/vercel/sandbox/backend/node_modules/@workflow/cli/node_modules/next/dist/export/utils.d.ts'
npm warn tar TAR_ENTRY_ERROR ENOENT: no such file or directory, open '/vercel/sandbox/backend/node_modules/@workflow/cli/node_modules/next/dist/lib/metadata/generate/utils.d.ts'
npm warn tar TAR_ENTRY_ERROR ENOENT: no such file or directory, lstat '/vercel/sandbox/backend/node_modules/@workflow/cli/node_modules/next/dist/next-devtools/dev-overlay'
npm warn tar TAR_ENTRY_ERROR ENOENT: no such file or directory, lstat '/vercel/sandbox/backend/node_modules/@workflow/cli/node_modules/next/dist/server/lib/server-ipc'
npm warn tar TAR_ENTRY_ERROR ENOENT: no such file or directory, open '/vercel/sandbox/backend/node_modules/@workflow/cli/node_modules/next/dist/server/lib/trace/utils.d.ts'
npm warn tar TAR_ENTRY_ERROR ENOENT: no such file or directory, open '/vercel/sandbox/backend/node_modules/@workflow/cli/node_modules/next/dist/server/lib/utils.d.ts'
npm warn tar TAR_ENTRY_ERROR ENOENT: no such file or directory, open '/vercel/sandbox/backend/node_modules/@workflow/cli/node_modules/next/dist/server/node-environment-extensions/utils.d.ts'
npm warn tar TAR_ENTRY_ERROR ENOENT: no such file or directory, open '/vercel/sandbox/backend/node_modules/@workflow/cli/node_modules/next/dist/server/request/utils.d.ts'
npm warn tar TAR_ENTRY_ERROR ENOENT: no such file or directory, open '/vercel/sandbox/backend/node_modules/@workflow/cli/node_modules/next/dist/server/response-cache/utils.d.ts'
npm warn tar TAR_ENTRY_ERROR ENOENT: no such file or directory, open '/vercel/sandbox/backend/node_modules/@workflow/cli/node_modules/next/dist/server/typescript/utils.d.ts'
npm warn tar TAR_ENTRY_ERROR ENOENT: no such file or directory, open '/vercel/sandbox/backend/node_modules/@workflow/cli/node_modules/next/dist/shared/lib/turbopack/utils.d.ts'
npm warn tar TAR_ENTRY_ERROR ENOENT: no such file or directory, open '/vercel/sandbox/backend/node_modules/@workflow/cli/node_modules/next/dist/compiled/@next/font/dist/google/validate-google-font-function-call.d.ts'
npm warn tar TAR_ENTRY_ERROR ENOENT: no such file or directory, open '/vercel/sandbox/backend/node_modules/@workflow/cli/node_modules/next/dist/compiled/@next/font/dist/local/validate-local-font-function-call.d.ts'
npm warn tar TAR_ENTRY_ERROR ENOENT: no such file or directory, open '/vercel/sandbox/backend/node_modules/@workflow/cli/node_modules/next/dist/build/webpack/loaders/resolve-url-loader/lib/value-processor.d.ts'
npm warn tar TAR_ENTRY_ERROR ENOENT: no such file or directory, open '/vercel/sandbox/backend/node_modules/@workflow/cli/node_modules/next/dist/client/components/segment-cache/vary-path.d.ts'
npm warn tar TAR_ENTRY_ERROR ENOENT: no such file or directory, lstat '/vercel/sandbox/backend/node_modules/@workflow/cli/node_modules/next/dist/next-devtools/dev-overlay'
npm warn tar TAR_ENTRY_ERROR ENOENT: no such file or directory, open '/vercel/sandbox/backend/node_modules/@workflow/cli/node_modules/next/dist/next-devtools/shared/version-staleness.d.ts'
npm warn tar TAR_ENTRY_ERROR ENOENT: no such file or directory, open '/vercel/sandbox/backend/node_modules/@workflow/cli/node_modules/next/dist/telemetry/events/version.d.ts'
npm warn tar TAR_ENTRY_ERROR ENOENT: no such file or directory, open '/vercel/sandbox/backend/node_modules/@workflow/cli/node_modules/next/dist/shared/lib/utils/warn-once.d.ts'
npm warn tar TAR_ENTRY_ERROR ENOENT: no such file or directory, open '/vercel/sandbox/backend/node_modules/@workflow/cli/node_modules/next/dist/build/webpack/loaders/postcss-loader/src/Warning.d.ts'
npm warn tar TAR_ENTRY_ERROR ENOENT: no such file or directory, lstat '/vercel/sandbox/backend/node_modules/@workflow/cli/node_modules/next/dist/next-devtools/dev-overlay'
npm warn tar TAR_ENTRY_ERROR ENOENT: no such file or directory, open '/vercel/sandbox/backend/node_modules/@workflow/cli/node_modules/next/dist/server/node-environment-extensions/web-crypto.d.ts'
npm warn tar TAR_ENTRY_ERROR ENOENT: no such file or directory, open '/vercel/sandbox/backend/node_modules/@workflow/cli/node_modules/next/dist/client/dev/hot-reloader/app/web-socket.d.ts'
npm warn tar TAR_ENTRY_ERROR ENOENT: no such file or directory, open '/vercel/sandbox/backend/node_modules/@workflow/cli/node_modules/next/dist/server/api-utils/web.d.ts'
npm warn tar TAR_ENTRY_ERROR ENOENT: no such file or directory, open '/vercel/sandbox/backend/node_modules/@workflow/cli/node_modules/next/dist/server/base-http/web.d.ts'
npm warn tar TAR_ENTRY_ERROR ENOENT: no such file or directory, open '/vercel/sandbox/backend/node_modules/@workflow/cli/node_modules/next/dist/server/response-cache/web.d.ts'
npm warn tar TAR_ENTRY_ERROR ENOENT: no such file or directory, open '/vercel/sandbox/backend/node_modules/@workflow/cli/node_modules/next/dist/next-devtools/shared/webpack-module-path.d.ts'
npm warn tar TAR_ENTRY_ERROR ENOENT: no such file or directory, open '/vercel/sandbox/backend/node_modules/@workflow/cli/node_modules/next/dist/compiled/webpack/webpack.d.ts'
npm warn tar TAR_ENTRY_ERROR ENOENT: no such file or directory, open '/vercel/sandbox/backend/node_modules/@workflow/cli/node_modules/next/dist/build/webpack/plugins/wellknown-errors-plugin/webpackModuleError.d.ts'
npm warn tar TAR_ENTRY_ERROR ENOENT: no such file or directory, open '/vercel/sandbox/backend/node_modules/@workflow/cli/node_modules/next/dist/client/dev/hot-reloader/pages/websocket.d.ts'
npm warn tar TAR_ENTRY_ERROR ENOENT: no such file or directory, open '/vercel/sandbox/backend/node_modules/@workflow/cli/node_modules/next/dist/build/polyfills/fetch/whatwg-fetch.d.ts'
npm warn tar TAR_ENTRY_ERROR ENOENT: no such file or directory, open '/vercel/sandbox/backend/node_modules/@workflow/cli/node_modules/next/dist/server/async-storage/with-store.d.ts'
npm warn tar TAR_ENTRY_ERROR ENOENT: no such file or directory, open '/vercel/sandbox/backend/node_modules/@workflow/cli/node_modules/next/dist/server/async-storage/work-store.d.ts'
npm warn tar TAR_ENTRY_ERROR ENOENT: no such file or directory, open '/vercel/sandbox/backend/node_modules/@workflow/cli/node_modules/next/dist/server/lib/worker-utils.d.ts'
npm warn tar TAR_ENTRY_ERROR ENOENT: no such file or directory, open '/vercel/sandbox/backend/node_modules/@workflow/cli/node_modules/next/dist/export/worker.d.ts'
npm warn tar TAR_ENTRY_ERROR ENOENT: no such file or directory, open '/vercel/sandbox/backend/node_modules/@workflow/cli/node_modules/next/dist/server/normalizers/wrap-normalizer-fn.d.ts'
npm warn tar TAR_ENTRY_ERROR ENOENT: no such file or directory, open '/vercel/sandbox/backend/node_modules/@workflow/cli/node_modules/next/dist/lib/typescript/writeAppTypeDeclarations.d.ts'
npm warn tar TAR_ENTRY_ERROR ENOENT: no such file or directory, open '/vercel/sandbox/backend/node_modules/@workflow/cli/node_modules/next/dist/lib/typescript/writeConfigurationDefaults.d.ts'
npm warn tar TAR_ENTRY_ERROR ENOENT: no such file or directory, open '/vercel/sandbox/backend/node_modules/@workflow/cli/node_modules/next/dist/compiled/@vercel/og/noto-sans-v27-latin-regular.ttf'
npm warn tar TAR_ENTRY_ERROR ENOENT: no such file or directory, open '/vercel/sandbox/backend/node_modules/@workflow/cli/node_modules/next/dist/compiled/@edge-runtime/primitives/abort-controller.js.LEGAL.txt'
npm warn tar TAR_ENTRY_ERROR ENOENT: no such file or directory, open '/vercel/sandbox/backend/node_modules/@workflow/cli/node_modules/next/dist/compiled/@edge-runtime/primitives/console.js.LEGAL.txt'
npm warn tar TAR_ENTRY_ERROR ENOENT: no such file or directory, open '/vercel/sandbox/backend/node_modules/@workflow/cli/node_modules/next/dist/compiled/@edge-runtime/primitives/crypto.js.LEGAL.txt'
npm warn tar TAR_ENTRY_ERROR ENOENT: no such file or directory, open '/vercel/sandbox/backend/node_modules/@workflow/cli/node_modules/next/dist/compiled/@edge-runtime/primitives/events.js.LEGAL.txt'
npm warn tar TAR_ENTRY_ERROR ENOENT: no such file or directory, open '/vercel/sandbox/backend/node_modules/@workflow/cli/node_modules/next/dist/compiled/@edge-runtime/primitives/fetch.js.LEGAL.txt'
npm warn tar TAR_ENTRY_ERROR ENOENT: no such file or directory, open '/vercel/sandbox/backend/node_modules/@workflow/cli/node_modules/next/dist/compiled/@edge-runtime/primitives/index.js.LEGAL.txt'
npm warn tar TAR_ENTRY_ERROR ENOENT: no such file or directory, open '/vercel/sandbox/backend/node_modules/@workflow/cli/node_modules/next/dist/compiled/@edge-runtime/primitives/load.js.LEGAL.txt'
npm warn tar TAR_ENTRY_ERROR ENOENT: no such file or directory, open '/vercel/sandbox/backend/node_modules/@workflow/cli/node_modules/next/dist/compiled/@edge-runtime/primitives/stream.js.LEGAL.txt'
npm warn tar TAR_ENTRY_ERROR ENOENT: no such file or directory, open '/vercel/sandbox/backend/node_modules/@workflow/cli/node_modules/next/dist/compiled/@edge-runtime/primitives/timers.js.LEGAL.txt'
npm warn tar TAR_ENTRY_ERROR ENOENT: no such file or directory, open '/vercel/sandbox/backend/node_modules/@workflow/cli/node_modules/next/dist/compiled/@edge-runtime/primitives/url.js.LEGAL.txt'
npm warn tar TAR_ENTRY_ERROR ENOENT: no such file or directory, open '/vercel/sandbox/backend/node_modules/@workflow/cli/node_modules/next/dist/compiled/source-map08/mappings.wasm'
npm warn tar TAR_ENTRY_ERROR ENOENT: no such file or directory, open '/vercel/sandbox/backend/node_modules/@workflow/cli/node_modules/next/dist/compiled/@vercel/og/resvg.wasm'
npm warn tar TAR_ENTRY_ERROR ENOENT: no such file or directory, open '/vercel/sandbox/backend/node_modules/@workflow/cli/node_modules/next/dist/compiled/@vercel/og/yoga.wasm'
npm warn tar TAR_ENTRY_ERROR ENOENT: no such file or directory, open '/vercel/sandbox/backend/node_modules/@workflow/cli/node_modules/next/dist/esm/next-devtools/server/font/geist-latin-ext.woff2'
npm warn tar TAR_ENTRY_ERROR ENOENT: no such file or directory, open '/vercel/sandbox/backend/node_modules/@workflow/cli/node_modules/next/dist/next-devtools/server/font/geist-latin-ext.woff2'
npm warn tar TAR_ENTRY_ERROR ENOENT: no such file or directory, open '/vercel/sandbox/backend/node_modules/@workflow/cli/node_modules/next/dist/esm/next-devtools/server/font/geist-latin.woff2'
npm warn tar TAR_ENTRY_ERROR ENOENT: no such file or directory, open '/vercel/sandbox/backend/node_modules/@workflow/cli/node_modules/next/dist/next-devtools/server/font/geist-latin.woff2'
npm warn tar TAR_ENTRY_ERROR ENOENT: no such file or directory, open '/vercel/sandbox/backend/node_modules/@workflow/cli/node_modules/next/dist/esm/next-devtools/server/font/geist-mono-latin-ext.woff2'
npm warn tar TAR_ENTRY_ERROR ENOENT: no such file or directory, open '/vercel/sandbox/backend/node_modules/@workflow/cli/node_modules/next/dist/next-devtools/server/font/geist-mono-latin-ext.woff2'
npm warn tar TAR_ENTRY_ERROR ENOENT: no such file or directory, open '/vercel/sandbox/backend/node_modules/@workflow/cli/node_modules/next/dist/esm/next-devtools/server/font/geist-mono-latin.woff2'
npm warn tar TAR_ENTRY_ERROR ENOENT: no such file or directory, open '/vercel/sandbox/backend/node_modules/@workflow/cli/node_modules/next/dist/next-devtools/server/font/geist-mono-latin.woff2'
npm error code ENOENT
npm error syscall spawn sh
npm error path /vercel/sandbox/backend/node_modules/esbuild
npm error errno -2
npm error enoent spawn sh ENOENT
npm error enoent This is related to npm not being able to find a file.
npm error enoent
npm error A complete log of this run can be found in: /home/vercel-sandbox/.npm/_logs/2026-01-25T07_50_55_664Z-debug-0.log
